Workbook
Name SAPCrosstab1: Sheet2!$E$1:$K$38
Name SAPCrosstab2: Sheet2!$M$1:$P$28

Sheet _com.sap.ip.bi.xl.hiddensheet

Sheet Sheet1
B2: 排名 | C2: 组织 | D2: 目标 | E2: 排单 | H2: 过账
E3: 销量 | F3: 达成 | G3: 成长 | H3: 销量 | I3: 达成 | J3: 同期 | K3: 成长
B4: 黑龙江 | D4: =Sheet2!G37 -> 7.6 | E4: =Sheet2!O22 -> 0.318 | F4: =IFERROR(E4/D4,"") -> 0.041842105 | G4: =IFERROR(E4/J4,"") -> 0.039056743 | H4: =Sheet2!H37 -> 0.339 | I4: =Sheet2!I37 -> 0.044605263 | J4: =Sheet2!J37 -> 8.142 | K4: =Sheet2!K37 -> -0.95836404
B5: 1 | C5: =VLOOKUP($B5,Sheet2!$A:$K,COLUMN(Sheet2!E$39),0) -> 哈尔滨营业部 | D5: =VLOOKUP($B5,Sheet2!$A:$K,COLUMN(Sheet2!G$39),0) -> 13.24 | E5: =IFERROR(VLOOKUP(C5,Sheet2!L:P,4,0),"") -> 1.789 | F5: =IFERROR(E5/D5,"") -> 0.13512085 | G5: =IFERROR(E5/J5,"") -> 0.15917786 | H5: =VLOOKUP($B5,Sheet2!$A:$K,COLUMN(Sheet2!H$39),0) -> 2.737 | I5: =VLOOKUP($B5,Sheet2!$A:$K,COLUMN(Sheet2!I$39),0) -> 0.20672205 | J5: =VLOOKUP($B5,Sheet2!$A:$K,COLUMN(Sheet2!J$39),0) -> 11.239 | K5: =VLOOKUP($B5,Sheet2!$A:$K,COLUMN(Sheet2!K$39),0) -> -0.756473
B6: 2 | C6: =VLOOKUP($B6,Sheet2!$A:$K,COLUMN(Sheet2!E$39),0) -> 黑东营业部 | D6: =VLOOKUP($B6,Sheet2!$A:$K,COLUMN(Sheet2!G$39),0) -> 8 | E6: =IFERROR(VLOOKUP(C6,Sheet2!L:P,4,0),"") -> 0.647 | F6: =IFERROR(E6/D6,"") -> 0.080875 | G6: =IFERROR(E6/J6,"") -> 0.075645972 | H6: =VLOOKUP($B6,Sheet2!$A:$K,COLUMN(Sheet2!H$39),0) -> 0.623 | I6: =VLOOKUP($B6,Sheet2!$A:$K,COLUMN(Sheet2!I$39),0) -> 0.077875 | J6: =VLOOKUP($B6,Sheet2!$A:$K,COLUMN(Sheet2!J$39),0) -> 8.553 | K6: =VLOOKUP($B6,Sheet2!$A:$K,COLUMN(Sheet2!K$39),0) -> -0.92716006
B7: 3 | C7: =VLOOKUP($B7,Sheet2!$A:$K,COLUMN(Sheet2!E$39),0) -> 黑中营业部 | D7: =VLOOKUP($B7,Sheet2!$A:$K,COLUMN(Sheet2!G$39),0) -> 7.6 | E7: =IFERROR(VLOOKUP(C7,Sheet2!L:P,4,0),"") -> 0.459 | F7: =IFERROR(E7/D7,"") -> 0.060394737 | G7: =IFERROR(E7/J7,"") -> 0.056374355 | H7: =VLOOKUP($B7,Sheet2!$A:$K,COLUMN(Sheet2!H$39),0) -> 0.339 | I7: =VLOOKUP($B7,Sheet2!$A:$K,COLUMN(Sheet2!I$39),0) -> 0.044605263 | J7: =VLOOKUP($B7,Sheet2!$A:$K,COLUMN(Sheet2!J$39),0) -> 8.142 | K7: =VLOOKUP($B7,Sheet2!$A:$K,COLUMN(Sheet2!K$39),0) -> -0.95836404
B8: 4 | C8: =VLOOKUP($B8,Sheet2!$A:$K,COLUMN(Sheet2!E$39),0) -> 黑西营业部 | D8: =VLOOKUP($B8,Sheet2!$A:$K,COLUMN(Sheet2!G$39),0) -> 9 | E8: =IFERROR(VLOOKUP(C8,Sheet2!L:P,4,0),"") -> 0.318 | F8: =IFERROR(E8/D8,"") -> 0.035333333 | G8: =IFERROR(E8/J8,"") -> 0.034289411 | H8: =VLOOKUP($B8,Sheet2!$A:$K,COLUMN(Sheet2!H$39),0) -> 0.311 | I8: =VLOOKUP($B8,Sheet2!$A:$K,COLUMN(Sheet2!I$39),0) -> 0.034555556 | J8: =VLOOKUP($B8,Sheet2!$A:$K,COLUMN(Sheet2!J$39),0) -> 9.274 | K8: =VLOOKUP($B8,Sheet2!$A:$K,COLUMN(Sheet2!K$39),0) -> -0.96646539
B9: 5 | C9: =VLOOKUP($B9,Sheet2!$A:$K,COLUMN(Sheet2!E$39),0) -> 黑龙电商组(DY) | D9: =VLOOKUP($B9,Sheet2!$A:$K,COLUMN(Sheet2!G$39),0) -> 0.16 | E9: =IFERROR(VLOOKUP(C9,Sheet2!L:P,4,0),"") | F9: =IFERROR(E9/D9,"") | G9: =IFERROR(E9/J9,"") | H9: =VLOOKUP($B9,Sheet2!$A:$K,COLUMN(Sheet2!H$39),0) -> 0 | I9: =VLOOKUP($B9,Sheet2!$A:$K,COLUMN(Sheet2!I$39),0) -> 0 | J9: =VLOOKUP($B9,Sheet2!$A:$K,COLUMN(Sheet2!J$39),0) -> 0.16 | K9: =VLOOKUP($B9,Sheet2!$A:$K,COLUMN(Sheet2!K$39),0) -> -1
B10: 1 | C10: =VLOOKUP($B10,Sheet2!$C:$K,COLUMN(Sheet2!F$39)-2,0) -> 哈尔滨OT所 | D10: =VLOOKUP($B10,Sheet2!$C:$K,COLUMN(Sheet2!G$39)-2,0) -> 2.707 | E10: =IFERROR(VLOOKUP(C10,Sheet2!N:O,2,0),"") -> 1.045 | F10: =IFERROR(E10/D10,"") -> 0.3860362 | G10: =IFERROR(E10/J10,"") -> 1.1956522 | H10: =VLOOKUP($B10,Sheet2!$C:$K,COLUMN(Sheet2!H$39)-2,0) -> 1.995 | I10: =VLOOKUP($B10,Sheet2!$C:$K,COLUMN(Sheet2!I$39)-2,0) -> 0.7369782 | J10: =VLOOKUP($B10,Sheet2!$C:$K,COLUMN(Sheet2!J$39)-2,0) -> 0.874 | K10: =VLOOKUP($B10,Sheet2!$C:$K,COLUMN(Sheet2!K$39)-2,0) -> 1.2826087
B11: 2 | C11: =VLOOKUP($B11,Sheet2!$C:$K,COLUMN(Sheet2!F$39)-2,0) -> 大庆城区东所 | D11: =VLOOKUP($B11,Sheet2!$C:$K,COLUMN(Sheet2!G$39)-2,0) -> 1.092 | E11: =IFERROR(VLOOKUP(C11,Sheet2!N:O,2,0),"") -> 0.184 | F11: =IFERROR(E11/D11,"") -> 0.16849817 | G11: =IFERROR(E11/J11,"") -> 0.36220472 | H11: =VLOOKUP($B11,Sheet2!$C:$K,COLUMN(Sheet2!H$39)-2,0) -> 0.184 | I11: =VLOOKUP($B11,Sheet2!$C:$K,COLUMN(Sheet2!I$39)-2,0) -> 0.16849817 | J11: =VLOOKUP($B11,Sheet2!$C:$K,COLUMN(Sheet2!J$39)-2,0) -> 0.508 | K11: =VLOOKUP($B11,Sheet2!$C:$K,COLUMN(Sheet2!K$39)-2,0) -> -0.63779528
B12: 3 | C12: =VLOOKUP($B12,Sheet2!$C:$K,COLUMN(Sheet2!F$39)-2,0) -> 牡丹江城区所 | D12: =VLOOKUP($B12,Sheet2!$C:$K,COLUMN(Sheet2!G$39)-2,0) -> 1.674 | E12: =IFERROR(VLOOKUP(C12,Sheet2!N:O,2,0),"") -> 0.353 | F12: =IFERROR(E12/D12,"") -> 0.21087216 | G12: =IFERROR(E12/J12,"") -> 0.19101732 | H12: =VLOOKUP($B12,Sheet2!$C:$K,COLUMN(Sheet2!H$39)-2,0) -> 0.351 | I12: =VLOOKUP($B12,Sheet2!$C:$K,COLUMN(Sheet2!I$39)-2,0) -> 0.20967742 | J12: =VLOOKUP($B12,Sheet2!$C:$K,COLUMN(Sheet2!J$39)-2,0) -> 1.848 | K12: =VLOOKUP($B12,Sheet2!$C:$K,COLUMN(Sheet2!K$39)-2,0) -> -0.81006494
B13: 4 | C13: =VLOOKUP($B13,Sheet2!$C:$K,COLUMN(Sheet2!F$39)-2,0) -> 哈尔滨城区北所 | D13: =VLOOKUP($B13,Sheet2!$C:$K,COLUMN(Sheet2!G$39)-2,0) -> 1.538 | E13: =IFERROR(VLOOKUP(C13,Sheet2!N:O,2,0),"") -> 0.266 | F13: =IFERROR(E13/D13,"") -> 0.17295189 | G13: =IFERROR(E13/J13,"") -> 0.18281787 | H13: =VLOOKUP($B13,Sheet2!$C:$K,COLUMN(Sheet2!H$39)-2,0) -> 0.266 | I13: =VLOOKUP($B13,Sheet2!$C:$K,COLUMN(Sheet2!I$39)-2,0) -> 0.17295189 | J13: =VLOOKUP($B13,Sheet2!$C:$K,COLUMN(Sheet2!J$39)-2,0) -> 1.455 | K13: =VLOOKUP($B13,Sheet2!$C:$K,COLUMN(Sheet2!K$39)-2,0) -> -0.81718213
B14: 5 | C14: =VLOOKUP($B14,Sheet2!$C:$K,COLUMN(Sheet2!F$39)-2,0) -> 哈尔滨综合西所 | D14: =VLOOKUP($B14,Sheet2!$C:$K,COLUMN(Sheet2!G$39)-2,0) -> 0.978 | E14: =IFERROR(VLOOKUP(C14,Sheet2!N:O,2,0),"") -> 0.135 | F14: =IFERROR(E14/D14,"") -> 0.13803681 | G14: =IFERROR(E14/J14,"") -> 0.15066964 | H14: =VLOOKUP($B14,Sheet2!$C:$K,COLUMN(Sheet2!H$39)-2,0) -> 0.135 | I14: =VLOOKUP($B14,Sheet2!$C:$K,COLUMN(Sheet2!I$39)-2,0) -> 0.13803681 | J14: =VLOOKUP($B14,Sheet2!$C:$K,COLUMN(Sheet2!J$39)-2,0) -> 0.896 | K14: =VLOOKUP($B14,Sheet2!$C:$K,COLUMN(Sheet2!K$39)-2,0) -> -0.84933036
B15: 6 | C15: =VLOOKUP($B15,Sheet2!$C:$K,COLUMN(Sheet2!F$39)-2,0) -> 哈尔滨综合中所 | D15: =VLOOKUP($B15,Sheet2!$C:$K,COLUMN(Sheet2!G$39)-2,0) -> 2.257 | E15: =IFERROR(VLOOKUP(C15,Sheet2!N:O,2,0),"") -> 0.27 | F15: =IFERROR(E15/D15,"") -> 0.11962782 | G15: =IFERROR(E15/J15,"") -> 0.15066964 | H15: =VLOOKUP($B15,Sheet2!$C:$K,COLUMN(Sheet2!H$39)-2,0) -> 0.269 | I15: =VLOOKUP($B15,Sheet2!$C:$K,COLUMN(Sheet2!I$39)-2,0) -> 0.11918476 | J15: =VLOOKUP($B15,Sheet2!$C:$K,COLUMN(Sheet2!J$39)-2,0) -> 1.792 | K15: =VLOOKUP($B15,Sheet2!$C:$K,COLUMN(Sheet2!K$39)-2,0) -> -0.84988839
B16: 7 | C16: =VLOOKUP($B16,Sheet2!$C:$K,COLUMN(Sheet2!F$39)-2,0) -> 双鸭山城区所 | D16: =VLOOKUP($B16,Sheet2!$C:$K,COLUMN(Sheet2!G$39)-2,0) -> 0.422 | E16: =IFERROR(VLOOKUP(C16,Sheet2!N:O,2,0),"") -> 0.083 | F16: =IFERROR(E16/D16,"") -> 0.19668246 | G16: =IFERROR(E16/J16,"") -> 0.18362832 | H16: =VLOOKUP($B16,Sheet2!$C:$K,COLUMN(Sheet2!H$39)-2,0) -> 0.061 | I16: =VLOOKUP($B16,Sheet2!$C:$K,COLUMN(Sheet2!I$39)-2,0) -> 0.14454976 | J16: =VLOOKUP($B16,Sheet2!$C:$K,COLUMN(Sheet2!J$39)-2,0) -> 0.452 | K16: =VLOOKUP($B16,Sheet2!$C:$K,COLUMN(Sheet2!K$39)-2,0) -> -0.86504425
B17: 8 | C17: =VLOOKUP($B17,Sheet2!$C:$K,COLUMN(Sheet2!F$39)-2,0) -> 大庆城区西所 | D17: =VLOOKUP($B17,Sheet2!$C:$K,COLUMN(Sheet2!G$39)-2,0) -> 0.624 | E17: =IFERROR(VLOOKUP(C17,Sheet2!N:O,2,0),"") -> 0.045 | F17: =IFERROR(E17/D17,"") -> 0.072115385 | G17: =IFERROR(E17/J17,"") -> 0.1011236 | H17: =VLOOKUP($B17,Sheet2!$C:$K,COLUMN(Sheet2!H$39)-2,0) -> 0.045 | I17: =VLOOKUP($B17,Sheet2!$C:$K,COLUMN(Sheet2!I$39)-2,0) -> 0.072115385 | J17: =VLOOKUP($B17,Sheet2!$C:$K,COLUMN(Sheet2!J$39)-2,0) -> 0.445 | K17: =VLOOKUP($B17,Sheet2!$C:$K,COLUMN(Sheet2!K$39)-2,0) -> -0.8988764
B18: 9 | C18: =VLOOKUP($B18,Sheet2!$C:$K,COLUMN(Sheet2!F$39)-2,0) -> 哈尔滨综合东所 | D18: =VLOOKUP($B18,Sheet2!$C:$K,COLUMN(Sheet2!G$39)-2,0) -> 1.067 | E18: =IFERROR(VLOOKUP(C18,Sheet2!N:O,2,0),"") -> 0.073 | F18: =IFERROR(E18/D18,"") -> 0.06841612 | G18: =IFERROR(E18/J18,"") -> 0.10124827 | H18: =VLOOKUP($B18,Sheet2!$C:$K,COLUMN(Sheet2!H$39)-2,0) -> 0.072 | I18: =VLOOKUP($B18,Sheet2!$C:$K,COLUMN(Sheet2!I$39)-2,0) -> 0.067478913 | J18: =VLOOKUP($B18,Sheet2!$C:$K,COLUMN(Sheet2!J$39)-2,0) -> 0.721 | K18: =VLOOKUP($B18,Sheet2!$C:$K,COLUMN(Sheet2!K$39)-2,0) -> -0.9001387
B19: 10 | C19: =VLOOKUP($B19,Sheet2!$C:$K,COLUMN(Sheet2!F$39)-2,0) -> 鹤岗城区所 | D19: =VLOOKUP($B19,Sheet2!$C:$K,COLUMN(Sheet2!G$39)-2,0) -> 0.405 | E19: =IFERROR(VLOOKUP(C19,Sheet2!N:O,2,0),"") -> 0.013 | F19: =IFERROR(E19/D19,"") -> 0.032098765 | G19: =IFERROR(E19/J19,"") -> 0.096296296 | H19: =VLOOKUP($B19,Sheet2!$C:$K,COLUMN(Sheet2!H$39)-2,0) -> 0.013 | I19: =VLOOKUP($B19,Sheet2!$C:$K,COLUMN(Sheet2!I$39)-2,0) -> 0.032098765 | J19: =VLOOKUP($B19,Sheet2!$C:$K,COLUMN(Sheet2!J$39)-2,0) -> 0.135 | K19: =VLOOKUP($B19,Sheet2!$C:$K,COLUMN(Sheet2!K$39)-2,0) -> -0.9037037
B20: 11 | C20: =VLOOKUP($B20,Sheet2!$C:$K,COLUMN(Sheet2!F$39)-2,0) -> 肇东外埠所 | D20: =VLOOKUP($B20,Sheet2!$C:$K,COLUMN(Sheet2!G$39)-2,0) -> 1.76 | E20: =IFERROR(VLOOKUP(C20,Sheet2!N:O,2,0),"") -> 0.17 | F20: =IFERROR(E20/D20,"") -> 0.096590909 | G20: =IFERROR(E20/J20,"") -> 0.097421203 | H20: =VLOOKUP($B20,Sheet2!$C:$K,COLUMN(Sheet2!H$39)-2,0) -> 0.11 | I20: =VLOOKUP($B20,Sheet2!$C:$K,COLUMN(Sheet2!I$39)-2,0) -> 0.0625 | J20: =VLOOKUP($B20,Sheet2!$C:$K,COLUMN(Sheet2!J$39)-2,0) -> 1.745 | K20: =VLOOKUP($B20,Sheet2!$C:$K,COLUMN(Sheet2!K$39)-2,0) -> -0.93696275
B21: 12 | C21: =VLOOKUP($B21,Sheet2!$C:$K,COLUMN(Sheet2!F$39)-2,0) -> 海拉尔城区所 | D21: =VLOOKUP($B21,Sheet2!$C:$K,COLUMN(Sheet2!G$39)-2,0) -> 0.863 | E21: =IFERROR(VLOOKUP(C21,Sheet2!N:O,2,0),"") -> 0.023 | F21: =IFERROR(E21/D21,"") -> 0.026651217 | G21: =IFERROR(E21/J21,"") -> 0.060686016 | H21: =VLOOKUP($B21,Sheet2!$C:$K,COLUMN(Sheet2!H$39)-2,0) -> 0.023 | I21: =VLOOKUP($B21,Sheet2!$C:$K,COLUMN(Sheet2!I$39)-2,0) -> 0.026651217 | J21: =VLOOKUP($B21,Sheet2!$C:$K,COLUMN(Sheet2!J$39)-2,0) -> 0.379 | K21: =VLOOKUP($B21,Sheet2!$C:$K,COLUMN(Sheet2!K$39)-2,0) -> -0.93931398
... B34: 25 | C34: =VLOOKUP($B34,Sheet2!$C:$K,COLUMN(Sheet2!F$39)-2,0) -> 伊春外埠所 | D34: =VLOOKUP($B34,Sheet2!$C:$K,COLUMN(Sheet2!G$39)-2,0) -> 0.994 | E34: =IFERROR(VLOOKUP(C34,Sheet2!N:O,2,0),"") | F34: =IFERROR(E34/D34,"") | G34: =IFERROR(E34/J34,"") | H34: =VLOOKUP($B34,Sheet2!$C:$K,COLUMN(Sheet2!H$39)-2,0) -> 0 | I34: =VLOOKUP($B34,Sheet2!$C:$K,COLUMN(Sheet2!I$39)-2,0) -> 0 | J34: =VLOOKUP($B34,Sheet2!$C:$K,COLUMN(Sheet2!J$39)-2,0) -> 1.812 | K34: =VLOOKUP($B34,Sheet2!$C:$K,COLUMN(Sheet2!K$39)-2,0) -> -1

Sheet Sheet2
F1: 时间-年/月 | G1: 2025.06 | H1: 2025.06 | I1: 2025.06 | J1: 2025.06 | K1: 2025.06 | N1: 产品-品牌 | O1: 1.0元香爆脆 | P1: 总体结果
F2: 产品-品牌 | G2: 1.0元香爆脆 | H2: 1.0元香爆脆 | I2: 1.0元香爆脆 | J2: 1.0元香爆脆 | K2: 1.0元香爆脆 | M2: 营业部(顶益双管理) | N2: 营业所(顶益双管理) | O2: 累计排单数量（+非领搭赠，自然箱） | P2: 累计排单数量（+非领搭赠，自然箱）
E3: 营业部(顶益双管理) | F3: 营业所(顶益双管理) | G3: 目标出货数量(拆综合箱)(自然箱) | H3: 实际出货数量（+非领搭赠，自然箱） | I3: 管理目标数量达成%(+非领搭赠换货，自然箱) | J3: 同期实际出货数量（+非领搭赠，自然箱） | K3: 同比增长(数量)%（+非领搭赠，自然箱） | L3: =IF(N3="结果",M3,"") | M3: 哈尔滨营业部 | N3: 哈尔滨OT所 | O3: 1.045 | P3: 1.045
C4: =RANK(D4,$D$4:$D$37)+COUNTIF($D$4:D4,D4)-1 -> 20 | D4: =K4 -> -1 | E4: 哈尔滨营业部 | F4: 宾县外埠所 | G4: 2.083 | J4: 2.252 | K4: -1 | L4: =IF(N4="结果",M4,"") | M4: 哈尔滨营业部 | N4: 哈尔滨城区北所 | O4: 0.266 | P4: 0.266
C5: =RANK(D5,$D$4:$D$37)+COUNTIF($D$4:D5,D5)-1 -> 1 | D5: =K5 -> 1.2826087 | E5: 哈尔滨营业部 | F5: 哈尔滨OT所 | G5: 2.707 | H5: 1.995 | I5: 0.7369782 | J5: 0.874 | K5: 1.2826087 | L5: =IF(N5="结果",M5,"") | M5: 哈尔滨营业部 | N5: 哈尔滨综合东所 | O5: 0.073 | P5: 0.073
C6: =RANK(D6,$D$4:$D$37)+COUNTIF($D$4:D6,D6)-1 -> 4 | D6: =K6 -> -0.81718213 | E6: 哈尔滨营业部 | F6: 哈尔滨城区北所 | G6: 1.538 | H6: 0.266 | I6: 0.17295189 | J6: 1.455 | K6: -0.81718213 | L6: =IF(N6="结果",M6,"") | M6: 哈尔滨营业部 | N6: 哈尔滨综合西所 | O6: 0.135 | P6: 0.135
C7: =RANK(D7,$D$4:$D$37)+COUNTIF($D$4:D7,D7)-1 -> 9 | D7: =K7 -> -0.9001387 | E7: 哈尔滨营业部 | F7: 哈尔滨综合东所 | G7: 1.067 | H7: 0.072 | I7: 0.067478913 | J7: 0.721 | K7: -0.9001387 | L7: =IF(N7="结果",M7,"") | M7: 哈尔滨营业部 | N7: 哈尔滨综合中所 | O7: 0.27 | P7: 0.27
C8: =RANK(D8,$D$4:$D$37)+COUNTIF($D$4:D8,D8)-1 -> 5 | D8: =K8 -> -0.84933036 | E8: 哈尔滨营业部 | F8: 哈尔滨综合西所 | G8: 0.978 | H8: 0.135 | I8: 0.13803681 | J8: 0.896 | K8: -0.84933036 | L8: =IF(N8="结果",M8,"") -> 哈尔滨营业部 | M8: 哈尔滨营业部 | N8: 结果 | O8: 1.789 | P8: 1.789
C9: =RANK(D9,$D$4:$D$37)+COUNTIF($D$4:D9,D9)-1 -> 6 | D9: =K9 -> -0.84988839 | E9: 哈尔滨营业部 | F9: 哈尔滨综合中所 | G9: 2.257 | H9: 0.269 | I9: 0.11918476 | J9: 1.792 | K9: -0.84988839 | L9: =IF(N9="结果",M9,"") | M9: 黑东营业部 | N9: 鹤岗城区所 | O9: 0.013 | P9: 0.013
C10: =RANK(D10,$D$4:$D$37)+COUNTIF($D$4:D10,D10)-1 -> 21 | D10: =K10 -> -1 | E10: 哈尔滨营业部 | F10: 五常外埠所 | G10: 2.61 | J10: 3.247 | K10: -1 | L10: =IF(N10="结果",M10,"") | M10: 黑东营业部 | N10: 鸡西城区所 | O10: 0.012 | P10: 0.012
E11: 哈尔滨营业部 | F11: # | J11: 0.002 | K11: -1 | L11: =IF(N11="结果",M11,"") | M11: 黑东营业部 | N11: 牡丹江城区所 | O11: 0.353 | P11: 0.353
A12: =RANK(B12,$B$12:$B$37) -> 1 | B12: =K12 -> -0.756473 | E12: 哈尔滨营业部 | F12: 结果 | G12: 13.24 | H12: 2.737 | I12: 0.20672205 | J12: 11.239 | K12: -0.756473 | L12: =IF(N12="结果",M12,"") | M12: 黑东营业部 | N12: 七台河外埠所 | O12: 0.106 | P12: 0.106
C13: =RANK(D13,$D$4:$D$37)+COUNTIF($D$4:D13,D13)-1 -> 10 | D13: =K13 -> -0.9037037 | E13: 黑东营业部 | F13: 鹤岗城区所 | G13: 0.405 | H13: 0.013 | I13: 0.032098765 | J13: 0.135 | K13: -0.9037037 | L13: =IF(N13="结果",M13,"") | M13: 黑东营业部 | N13: 双鸭山城区所 | O13: 0.083 | P13: 0.083
C14: =RANK(D14,$D$4:$D$37)+COUNTIF($D$4:D14,D14)-1 -> 19 | D14: =K14 -> -0.98902104 | E14: 黑东营业部 | F14: 鸡西城区所 | G14: 0.93 | H14: 0.012 | I14: 0.012903226 | J14: 1.093 | K14: -0.98902104 | L14: =IF(N14="结果",M14,"") | M14: 黑东营业部 | N14: 双鸭山外埠所 | O14: 0.06 | P14: 0.06
C15: =RANK(D15,$D$4:$D$37)+COUNTIF($D$4:D15,D15)-1 -> 22 | D15: =K15 -> -1 | E15: 黑东营业部 | F15: 佳木斯城区所 | G15: 0.568 | J15: 0.475 | K15: -1 | L15: =IF(N15="结果",M15,"") | M15: 黑东营业部 | N15: # | O15: 0.02 | P15: 0.02
C16: =RANK(D16,$D$4:$D$37)+COUNTIF($D$4:D16,D16)-1 -> 3 | D16: =K16 -> -0.81006494 | E16: 黑东营业部 | F16: 牡丹江城区所 | G16: 1.674 | H16: 0.351 | I16: 0.20967742 | J16: 1.848 | K16: -0.81006494 | L16: =IF(N16="结果",M16,"") -> 黑东营业部 | M16: 黑东营业部 | N16: 结果 | O16: 0.647 | P16: 0.647
C17: =RANK(D17,$D$4:$D$37)+COUNTIF($D$4:D17,D17)-1 -> 13 | D17: =K17 -> -0.95157606 | E17: 黑东营业部 | F17: 七台河外埠所 | G17: 2.062 | H17: 0.106 | I17: 0.051406402 | J17: 2.189 | K17: -0.95157606 | L17: =IF(N17="结果",M17,"") | M17: 黑西营业部 | N17: 海拉尔城区所 | O17: 0.023 | P17: 0.023
C18: =RANK(D18,$D$4:$D$37)+COUNTIF($D$4:D18,D18)-1 -> 7 | D18: =K18 -> -0.86504425 | E18: 黑东营业部 | F18: 双鸭山城区所 | G18: 0.422 | H18: 0.061 | I18: 0.14454976 | J18: 0.452 | K18: -0.86504425 | L18: =IF(N18="结果",M18,"") | M18: 黑西营业部 | N18: 呼盟外埠所 | O18: 0.07 | P18: 0.07
C19: =RANK(D19,$D$4:$D$37)+COUNTIF($D$4:D19,D19)-1 -> 17 | D19: =K19 -> -0.97458704 | E19: 黑东营业部 | F19: 双鸭山外埠所 | G19: 1.939 | H19: 0.06 | I19: 0.030943785 | J19: 2.361 | K19: -0.97458704 | L19: =IF(N19="结果",M19,"") | M19: 黑西营业部 | N19: 龙江外埠所 | O19: 0.07 | P19: 0.07
E20: 黑东营业部 | F20: # | H20: 0.02 | I20: X | K20: X | L20: =IF(N20="结果",M20,"") | M20: 黑西营业部 | N20: 齐齐哈尔城区所 | O20: 0.035 | P20: 0.035
A21: =RANK(B21,$B$12:$B$37) -> 2 | B21: =K21 -> -0.92716006 | E21: 黑东营业部 | F21: 结果 | G21: 8 | H21: 0.623 | I21: 0.077875 | J21: 8.553 | K21: -0.92716006 | L21: =IF(N21="结果",M21,"") | M21: 黑西营业部 | N21: 兴安外埠所 | O21: 0.12 | P21: 0.12
E22: 黑龙电商组(DY) | F22: 黑龙电商所(DY) | G22: 0.16 | J22: 0.16 | K22: -1 | L22: =M22 -> 黑西营业部 | M22: 黑西营业部 | N22: 结果 | O22: 0.318 | P22: 0.318
A23: =RANK(B23,$B$12:$B$37) -> 5 | B23: =K23 -> -1 | E23: 黑龙电商组(DY) | F23: 结果 | G23: 0.16 | J23: 0.16 | K23: -1 | M23: 黑中营业部 | N23: 大庆城区东所 | O23: 0.184 | P23: 0.184
C24: =RANK(D24,$D$4:$D$37)+COUNTIF($D$4:D24,D24)-1 -> 12 | D24: =K24 -> -0.93931398 | E24: 黑西营业部 | F24: 海拉尔城区所 | G24: 0.863 | H24: 0.023 | I24: 0.026651217 | J24: 0.379 | K24: -0.93931398 | M24: 黑中营业部 | N24: 大庆城区西所 | O24: 0.045 | P24: 0.045
C25: =RANK(D25,$D$4:$D$37)+COUNTIF($D$4:D25,D25)-1 -> 16 | D25: =K25 -> -0.97354497 | E25: 黑西营业部 | F25: 呼盟外埠所 | G25: 2.433 | H25: 0.07 | I25: 0.028771065 | J25: 2.646 | K25: -0.97354497 | M25: 黑中营业部 | N25: 绥化外埠所 | O25: 0.06 | P25: 0.06
C26: =RANK(D26,$D$4:$D$37)+COUNTIF($D$4:D26,D26)-1 -> 18 | D26: =K26 -> -0.97622283 | E26: 黑西营业部 | F26: 龙江外埠所 | G26: 2.239 | H26: 0.07 | I26: 0.031263957 | J26: 2.944 | K26: -0.97622283 | M26: 黑中营业部 | N26: 肇东外埠所 | O26: 0.17 | P26: 0.17
C27: =RANK(D27,$D$4:$D$37)+COUNTIF($D$4:D27,D27)-1 -> 15 | D27: =K27 -> -0.95751138 | E27: 黑西营业部 | F27: 齐齐哈尔城区所 | G27: 0.964 | H27: 0.028 | I27: 0.029045643 | J27: 0.659 | K27: -0.95751138 | L27: =M27 -> 黑中营业部 | M27: 黑中营业部 | N27: 结果 | O27: 0.459 | P27: 0.459
C28: =RANK(D28,$D$4:$D$37)+COUNTIF($D$4:D28,D28)-1 -> 14 | D28: =K28 -> -0.95464853 | E28: 黑西营业部 | F28: 兴安外埠所 | G28: 2.501 | H28: 0.12 | I28: 0.047980808 | J28: 2.646 | K28: -0.95464853 | M28: 总体结果 | O28: 3.213 | P28: 3.213
A29: =RANK(B29,$B$12:$B$37) -> 4 | B29: =K29 -> -0.96646539 | E29: 黑西营业部 | F29: 结果 | G29: 9 | H29: 0.311 | I29: 0.034555556 | J29: 9.274 | K29: -0.96646539
C30: =RANK(D30,$D$4:$D$37)+COUNTIF($D$4:D30,D30)-1 -> 2 | D30: =K30 -> -0.63779528 | E30: 黑中营业部 | F30: 大庆城区东所 | G30: 1.092 | H30: 0.184 | I30: 0.16849817 | J30: 0.508 | K30: -0.63779528
C31: =RANK(D31,$D$4:$D$37)+COUNTIF($D$4:D31,D31)-1 -> 8 | D31: =K31 -> -0.8988764 | E31: 黑中营业部 | F31: 大庆城区西所 | G31: 0.624 | H31: 0.045 | I31: 0.072115385 | J31: 0.445 | K31: -0.8988764
C32: =RANK(D32,$D$4:$D$37)+COUNTIF($D$4:D32,D32)-1 -> 23 | D32: =K32 -> -1 | E32: 黑中营业部 | F32: 海伦外埠所 | G32: 1.284 | J32: 1.673 | K32: -1
C33: =RANK(D33,$D$4:$D$37)+COUNTIF($D$4:D33,D33)-1 -> 24 | D33: =K33 -> -1 | E33: 黑中营业部 | F33: 绥化外埠所 | G33: 1.846 | J33: 1.956 | K33: -1
C34: =RANK(D34,$D$4:$D$37)+COUNTIF($D$4:D34,D34)-1 -> 25 | D34: =K34 -> -1 | E34: 黑中营业部 | F34: 伊春外埠所 | G34: 0.994 | J34: 1.812 | K34: -1
C35: =RANK(D35,$D$4:$D$37)+COUNTIF($D$4:D35,D35)-1 -> 11 | D35: =K35 -> -0.93696275 | E35: 黑中营业部 | F35: 肇东外埠所 | G35: 1.76 | H35: 0.11 | I35: 0.0625 | J35: 1.745 | K35: -0.93696275
E36: 黑中营业部 | F36: # | J36: 0.003 | K36: -1
A37: =RANK(B37,$B$12:$B$37) -> 3 | B37: =K37 -> -0.95836404 | E37: 黑中营业部 | F37: 结果 | G37: 7.6 | H37: 0.339 | I37: 0.044605263 | J37: 8.142 | K37: -0.95836404
E38: 总体结果 | G38: 38 | H38: 4.01 | I38: 0.10552632 | J38: 37.368 | K38: -0.89268893
