Workbook
Name SAPCrosstab1: Sheet5!$A$1:$K$117
Name SAPCrosstab2: Sheet5!$O$1:$Q$112

Sheet _com.sap.ip.bi.xl.hiddensheet

Sheet Sheet1
B2: 排名 | C2: 哈尔滨部 | E2: 出货 | H2: 成长 | K2: 2505 | P2: TOP5口味BI铺货率 | V2: 实盘库存
C3: 客户 | D3: 营业所 | E3: 2502 | F3: 2503 | G3: 2504 | H3: =E3 -> 2502 | I3: =F3 -> 2503 | J3: =G3 -> 2504 | K3: 出货 | L3: 同期 | M3: 成长 | N3: 目标 | O3: 达成 | P3: 椒盐小酥肉 | Q3: 鸡汁原味 | R3: 烤羊肉串 | S3: 麻辣小龙虾 | T3: 香葱鸡汁味 | U3: 香烤鱿鱼 | V3: 4月 | W3: 5月 | X3: 环比
B4: 哈尔滨营业部 | E4: =基础表!E11 -> 8751 | F4: =基础表!F11 -> 7730 | G4: =基础表!G11 -> 7418 | H4: =基础表!H11 -> 0.00045372051 | I4: =基础表!I11 -> -0.045276554 | J4: =基础表!J11 -> -0.1263691 | K4: =基础表!K11 -> #REF! | L4: =基础表!L11 -> #REF! | ... X4: =基础表!X11 -> 0
B5: 1 | C5: =VLOOKUP($B5,基础表!$A$5:$U$10,COLUMN(基础表!D1),0) -> #N/A | E5: =VLOOKUP($B5,基础表!$A$5:$U$10,COLUMN(基础表!E1),0) -> #N/A | F5: =VLOOKUP($B5,基础表!$A$5:$U$10,COLUMN(基础表!F1),0) -> #N/A | G5: =VLOOKUP($B5,基础表!$A$5:$U$10,COLUMN(基础表!G1),0) -> #N/A | H5: =VLOOKUP($B5,基础表!$A$5:$U$10,COLUMN(基础表!H1),0) -> #N/A | I5: =VLOOKUP($B5,基础表!$A$5:$U$10,COLUMN(基础表!I1),0) -> #N/A | J5: =VLOOKUP($B5,基础表!$A$5:$U$10,COLUMN(基础表!J1),0) -> #N/A | K5: =VLOOKUP($B5,基础表!$A$5:$U$10,COLUMN(基础表!K1),0) -> #N/A | L5: =VLOOKUP($B5,基础表!$A$5:$U$10,COLUMN(基础表!L1),0) -> #N/A | ... X5: =VLOOKUP($B5,基础表!$A$5:$U$10,COLUMN(基础表!X1),0) -> #N/A
B6: 2 | C6: =VLOOKUP($B6,基础表!$A$5:$U$10,COLUMN(基础表!D2),0) -> #N/A | E6: =VLOOKUP($B6,基础表!$A$5:$U$10,COLUMN(基础表!E2),0) -> #N/A | F6: =VLOOKUP($B6,基础表!$A$5:$U$10,COLUMN(基础表!F2),0) -> #N/A | G6: =VLOOKUP($B6,基础表!$A$5:$U$10,COLUMN(基础表!G2),0) -> #N/A | H6: =VLOOKUP($B6,基础表!$A$5:$U$10,COLUMN(基础表!H2),0) -> #N/A | I6: =VLOOKUP($B6,基础表!$A$5:$U$10,COLUMN(基础表!I2),0) -> #N/A | J6: =VLOOKUP($B6,基础表!$A$5:$U$10,COLUMN(基础表!J2),0) -> #N/A | K6: =VLOOKUP($B6,基础表!$A$5:$U$10,COLUMN(基础表!K2),0) -> #N/A | L6: =VLOOKUP($B6,基础表!$A$5:$U$10,COLUMN(基础表!L2),0) -> #N/A | ... X6: =VLOOKUP($B6,基础表!$A$5:$U$10,COLUMN(基础表!X2),0) -> #N/A
B7: 3 | C7: =VLOOKUP($B7,基础表!$A$5:$U$10,COLUMN(基础表!D3),0) -> #N/A | E7: =VLOOKUP($B7,基础表!$A$5:$U$10,COLUMN(基础表!E3),0) -> #N/A | F7: =VLOOKUP($B7,基础表!$A$5:$U$10,COLUMN(基础表!F3),0) -> #N/A | G7: =VLOOKUP($B7,基础表!$A$5:$U$10,COLUMN(基础表!G3),0) -> #N/A | H7: =VLOOKUP($B7,基础表!$A$5:$U$10,COLUMN(基础表!H3),0) -> #N/A | I7: =VLOOKUP($B7,基础表!$A$5:$U$10,COLUMN(基础表!I3),0) -> #N/A | J7: =VLOOKUP($B7,基础表!$A$5:$U$10,COLUMN(基础表!J3),0) -> #N/A | K7: =VLOOKUP($B7,基础表!$A$5:$U$10,COLUMN(基础表!K3),0) -> #N/A | L7: =VLOOKUP($B7,基础表!$A$5:$U$10,COLUMN(基础表!L3),0) -> #N/A | ... X7: =VLOOKUP($B7,基础表!$A$5:$U$10,COLUMN(基础表!X3),0) -> #N/A
B8: 4 | C8: =VLOOKUP($B8,基础表!$A$5:$U$10,COLUMN(基础表!D4),0) -> #N/A | E8: =VLOOKUP($B8,基础表!$A$5:$U$10,COLUMN(基础表!E4),0) -> #N/A | F8: =VLOOKUP($B8,基础表!$A$5:$U$10,COLUMN(基础表!F4),0) -> #N/A | G8: =VLOOKUP($B8,基础表!$A$5:$U$10,COLUMN(基础表!G4),0) -> #N/A | H8: =VLOOKUP($B8,基础表!$A$5:$U$10,COLUMN(基础表!H4),0) -> #N/A | I8: =VLOOKUP($B8,基础表!$A$5:$U$10,COLUMN(基础表!I4),0) -> #N/A | J8: =VLOOKUP($B8,基础表!$A$5:$U$10,COLUMN(基础表!J4),0) -> #N/A | K8: =VLOOKUP($B8,基础表!$A$5:$U$10,COLUMN(基础表!K4),0) -> #N/A | L8: =VLOOKUP($B8,基础表!$A$5:$U$10,COLUMN(基础表!L4),0) -> #N/A | ... X8: =VLOOKUP($B8,基础表!$A$5:$U$10,COLUMN(基础表!X4),0) -> #N/A
B9: 5 | C9: =VLOOKUP($B9,基础表!$A$5:$U$10,COLUMN(基础表!D5),0) -> #N/A | E9: =VLOOKUP($B9,基础表!$A$5:$U$10,COLUMN(基础表!E5),0) -> #N/A | F9: =VLOOKUP($B9,基础表!$A$5:$U$10,COLUMN(基础表!F5),0) -> #N/A | G9: =VLOOKUP($B9,基础表!$A$5:$U$10,COLUMN(基础表!G5),0) -> #N/A | H9: =VLOOKUP($B9,基础表!$A$5:$U$10,COLUMN(基础表!H5),0) -> #N/A | I9: =VLOOKUP($B9,基础表!$A$5:$U$10,COLUMN(基础表!I5),0) -> #N/A | J9: =VLOOKUP($B9,基础表!$A$5:$U$10,COLUMN(基础表!J5),0) -> #N/A | K9: =VLOOKUP($B9,基础表!$A$5:$U$10,COLUMN(基础表!K5),0) -> #N/A | L9: =VLOOKUP($B9,基础表!$A$5:$U$10,COLUMN(基础表!L5),0) -> #N/A | ... X9: =VLOOKUP($B9,基础表!$A$5:$U$10,COLUMN(基础表!X5),0) -> #N/A
B10: 6 | C10: =VLOOKUP($B10,基础表!$A$5:$U$10,COLUMN(基础表!D6),0) -> #N/A | E10: =VLOOKUP($B10,基础表!$A$5:$U$10,COLUMN(基础表!E6),0) -> #N/A | F10: =VLOOKUP($B10,基础表!$A$5:$U$10,COLUMN(基础表!F6),0) -> #N/A | G10: =VLOOKUP($B10,基础表!$A$5:$U$10,COLUMN(基础表!G6),0) -> #N/A | H10: =VLOOKUP($B10,基础表!$A$5:$U$10,COLUMN(基础表!H6),0) -> #N/A | I10: =VLOOKUP($B10,基础表!$A$5:$U$10,COLUMN(基础表!I6),0) -> #N/A | J10: =VLOOKUP($B10,基础表!$A$5:$U$10,COLUMN(基础表!J6),0) -> #N/A | K10: =VLOOKUP($B10,基础表!$A$5:$U$10,COLUMN(基础表!K6),0) -> #N/A | L10: =VLOOKUP($B10,基础表!$A$5:$U$10,COLUMN(基础表!L6),0) -> #N/A | ... X10: =VLOOKUP($B10,基础表!$A$5:$U$10,COLUMN(基础表!X6),0) -> #N/A
B11: 1 | C11: =VLOOKUP($B11,'4'!$A$6:$AK$24,COLUMN('4'!Z$1),0) -> 延寿森茂 | D11: =VLOOKUP(C11,'4'!AL:AM,2,0) -> 宾县外埠所 | E11: =VLOOKUP($B11,'4'!$A$6:$AK$24,COLUMN('4'!AA$1),0) -> 100 | F11: =VLOOKUP($B11,'4'!$A$6:$AK$24,COLUMN('4'!AB$1),0) -> 187 | G11: =VLOOKUP($B11,'4'!$A$6:$AK$24,COLUMN('4'!AC$1),0) -> 133 | H11: =VLOOKUP($B11,'4'!$A$6:$AK$24,COLUMN('4'!AD$1),0) -> -0.074074074 | I11: =VLOOKUP($B11,'4'!$A$6:$AK$24,COLUMN('4'!AE$1),0) -> -0.32246377 | J11: =VLOOKUP($B11,'4'!$A$6:$AK$24,COLUMN('4'!AF$1),0) -> 0.15652174 | K11: =VLOOKUP($B11,'4'!$A$6:$AK$24,COLUMN('4'!AG$1),0) -> 250 | L11: =VLOOKUP($B11,'4'!$A$6:$AK$24,COLUMN('4'!AH$1),0) -> 55 | ... O11: =VLOOKUP($B11,'4'!$A$6:$AK$24,COLUMN('4'!AK$1),0) -> 1 | P11: =IFERROR(VLOOKUP($C11,Sheet5!$C:$K,COLUMN(Sheet5!D$2)-2,0),"") -> 0.97727273 | Q11: =IFERROR(VLOOKUP($C11,Sheet5!$C:$K,COLUMN(Sheet5!E$2)-2,0),"") -> 0.99230769 | R11: =IFERROR(VLOOKUP($C11,Sheet5!$C:$K,COLUMN(Sheet5!F$2)-2,0),"") -> 1 | S11: =IFERROR(VLOOKUP($C11,Sheet5!$C:$K,COLUMN(Sheet5!G$2)-2,0),"") -> 1 | T11: =IFERROR(VLOOKUP($C11,Sheet5!$C:$K,COLUMN(Sheet5!H$2)-2,0),"") -> 1 | U11: =IFERROR(VLOOKUP($C11,Sheet5!$C:$K,COLUMN(Sheet5!I$2)-2,0),"") -> 1 | V11: =VLOOKUP($B11,'4'!$A$6:$AK$24,COLUMN('4'!AR$1),0) -> #REF! | W11: =VLOOKUP($B11,'4'!$A$6:$AK$24,COLUMN('4'!AS$1),0) -> #REF! | X11: =VLOOKUP($B11,'4'!$A$6:$AK$24,COLUMN('4'!AT$1),0) -> #REF!
B12: 2 | C12: =VLOOKUP($B12,'4'!$A$6:$AK$24,COLUMN('4'!Z$1),0) -> 松北讯楠 | D12: =VLOOKUP(C12,'4'!AL:AM,2,0) -> 哈尔滨城区北所 | E12: =VLOOKUP($B12,'4'!$A$6:$AK$24,COLUMN('4'!AA$1),0) -> 250 | F12: =VLOOKUP($B12,'4'!$A$6:$AK$24,COLUMN('4'!AB$1),0) -> 770 | G12: =VLOOKUP($B12,'4'!$A$6:$AK$24,COLUMN('4'!AC$1),0) -> 730 | H12: =VLOOKUP($B12,'4'!$A$6:$AK$24,COLUMN('4'!AD$1),0) -> -0.45652174 | I12: =VLOOKUP($B12,'4'!$A$6:$AK$24,COLUMN('4'!AE$1),0) -> 0.02393617 | J12: =VLOOKUP($B12,'4'!$A$6:$AK$24,COLUMN('4'!AF$1),0) -> 0.83879093 | K12: =VLOOKUP($B12,'4'!$A$6:$AK$24,COLUMN('4'!AG$1),0) -> 912.5 | L12: =VLOOKUP($B12,'4'!$A$6:$AK$24,COLUMN('4'!AH$1),0) -> 680 | ... O12: =VLOOKUP($B12,'4'!$A$6:$AK$24,COLUMN('4'!AK$1),0) -> 1 | P12: =IFERROR(VLOOKUP($C12,Sheet5!$C:$K,COLUMN(Sheet5!D$2)-2,0),"") -> 0.82335329 | Q12: =IFERROR(VLOOKUP($C12,Sheet5!$C:$K,COLUMN(Sheet5!E$2)-2,0),"") -> 0.90605428 | R12: =IFERROR(VLOOKUP($C12,Sheet5!$C:$K,COLUMN(Sheet5!F$2)-2,0),"") -> 0.85164051 | S12: =IFERROR(VLOOKUP($C12,Sheet5!$C:$K,COLUMN(Sheet5!G$2)-2,0),"") -> 0.9408284 | T12: =IFERROR(VLOOKUP($C12,Sheet5!$C:$K,COLUMN(Sheet5!H$2)-2,0),"") -> 0.91823899 | U12: =IFERROR(VLOOKUP($C12,Sheet5!$C:$K,COLUMN(Sheet5!I$2)-2,0),"") -> 0.92899408 | V12: =VLOOKUP($B12,'4'!$A$6:$AK$24,COLUMN('4'!AR$1),0) -> #REF! | W12: =VLOOKUP($B12,'4'!$A$6:$AK$24,COLUMN('4'!AS$1),0) -> #REF! | X12: =VLOOKUP($B12,'4'!$A$6:$AK$24,COLUMN('4'!AT$1),0) -> #REF!
B13: 3 | C13: =VLOOKUP($B13,'4'!$A$6:$AK$24,COLUMN('4'!Z$1),0) -> 双城宏鑫 | D13: =VLOOKUP(C13,'4'!AL:AM,2,0) -> 五常外埠所 | E13: =VLOOKUP($B13,'4'!$A$6:$AK$24,COLUMN('4'!AA$1),0) -> 300 | F13: =VLOOKUP($B13,'4'!$A$6:$AK$24,COLUMN('4'!AB$1),0) -> 632 | G13: =VLOOKUP($B13,'4'!$A$6:$AK$24,COLUMN('4'!AC$1),0) -> 538 | H13: =VLOOKUP($B13,'4'!$A$6:$AK$24,COLUMN('4'!AD$1),0) -> -0.46236559 | I13: =VLOOKUP($B13,'4'!$A$6:$AK$24,COLUMN('4'!AE$1),0) -> -0.28181818 | J13: =VLOOKUP($B13,'4'!$A$6:$AK$24,COLUMN('4'!AF$1),0) -> -0.2191582 | K13: =VLOOKUP($B13,'4'!$A$6:$AK$24,COLUMN('4'!AG$1),0) -> 718.75 | L13: =VLOOKUP($B13,'4'!$A$6:$AK$24,COLUMN('4'!AH$1),0) -> 715 | ... O13: =VLOOKUP($B13,'4'!$A$6:$AK$24,COLUMN('4'!AK$1),0) -> 1 | P13: =IFERROR(VLOOKUP($C13,Sheet5!$C:$K,COLUMN(Sheet5!D$2)-2,0),"") -> 0.52813853 | Q13: =IFERROR(VLOOKUP($C13,Sheet5!$C:$K,COLUMN(Sheet5!E$2)-2,0),"") -> 0.10165485 | R13: =IFERROR(VLOOKUP($C13,Sheet5!$C:$K,COLUMN(Sheet5!F$2)-2,0),"") -> 0.090211132 | S13: =IFERROR(VLOOKUP($C13,Sheet5!$C:$K,COLUMN(Sheet5!G$2)-2,0),"") -> 0.51351351 | T13: =IFERROR(VLOOKUP($C13,Sheet5!$C:$K,COLUMN(Sheet5!H$2)-2,0),"") -> 0.12529551 | U13: =IFERROR(VLOOKUP($C13,Sheet5!$C:$K,COLUMN(Sheet5!I$2)-2,0),"") -> 0.43243243 | V13: =VLOOKUP($B13,'4'!$A$6:$AK$24,COLUMN('4'!AR$1),0) -> #REF! | W13: =VLOOKUP($B13,'4'!$A$6:$AK$24,COLUMN('4'!AS$1),0) -> #REF! | X13: =VLOOKUP($B13,'4'!$A$6:$AK$24,COLUMN('4'!AT$1),0) -> #REF!
B14: 4 | C14: =VLOOKUP($B14,'4'!$A$6:$AK$24,COLUMN('4'!Z$1),0) -> 哈市汇双元 | D14: =VLOOKUP(C14,'4'!AL:AM,2,0) -> 五常外埠所 | E14: =VLOOKUP($B14,'4'!$A$6:$AK$24,COLUMN('4'!AA$1),0) -> 402 | F14: =VLOOKUP($B14,'4'!$A$6:$AK$24,COLUMN('4'!AB$1),0) -> 639 | G14: =VLOOKUP($B14,'4'!$A$6:$AK$24,COLUMN('4'!AC$1),0) -> 370 | H14: =VLOOKUP($B14,'4'!$A$6:$AK$24,COLUMN('4'!AD$1),0) -> -0.27305606 | I14: =VLOOKUP($B14,'4'!$A$6:$AK$24,COLUMN('4'!AE$1),0) -> -0.040540541 | J14: =VLOOKUP($B14,'4'!$A$6:$AK$24,COLUMN('4'!AF$1),0) -> -0.34397163 | K14: =VLOOKUP($B14,'4'!$A$6:$AK$24,COLUMN('4'!AG$1),0) -> 613.75 | L14: =VLOOKUP($B14,'4'!$A$6:$AK$24,COLUMN('4'!AH$1),0) -> 720 | ... O14: =VLOOKUP($B14,'4'!$A$6:$AK$24,COLUMN('4'!AK$1),0) -> 1 | P14: =IFERROR(VLOOKUP($C14,Sheet5!$C:$K,COLUMN(Sheet5!D$2)-2,0),"") -> 0.96721311 | Q14: =IFERROR(VLOOKUP($C14,Sheet5!$C:$K,COLUMN(Sheet5!E$2)-2,0),"") -> 0.86440678 | R14: =IFERROR(VLOOKUP($C14,Sheet5!$C:$K,COLUMN(Sheet5!F$2)-2,0),"") -> 0.87378641 | S14: =IFERROR(VLOOKUP($C14,Sheet5!$C:$K,COLUMN(Sheet5!G$2)-2,0),"") -> 0.9 | T14: =IFERROR(VLOOKUP($C14,Sheet5!$C:$K,COLUMN(Sheet5!H$2)-2,0),"") -> 0.86382979 | U14: =IFERROR(VLOOKUP($C14,Sheet5!$C:$K,COLUMN(Sheet5!I$2)-2,0),"") -> 0.98333333 | V14: =VLOOKUP($B14,'4'!$A$6:$AK$24,COLUMN('4'!AR$1),0) -> #REF! | W14: =VLOOKUP($B14,'4'!$A$6:$AK$24,COLUMN('4'!AS$1),0) -> #REF! | X14: =VLOOKUP($B14,'4'!$A$6:$AK$24,COLUMN('4'!AT$1),0) -> #REF!
B15: 5 | C15: =VLOOKUP($B15,'4'!$A$6:$AK$24,COLUMN('4'!Z$1),0) -> 通河佰昌 | D15: =VLOOKUP(C15,'4'!AL:AM,2,0) -> 宾县外埠所 | E15: =VLOOKUP($B15,'4'!$A$6:$AK$24,COLUMN('4'!AA$1),0) -> 128 | F15: =VLOOKUP($B15,'4'!$A$6:$AK$24,COLUMN('4'!AB$1),0) -> 302 | G15: =VLOOKUP($B15,'4'!$A$6:$AK$24,COLUMN('4'!AC$1),0) -> 100 | H15: =VLOOKUP($B15,'4'!$A$6:$AK$24,COLUMN('4'!AD$1),0) -> -0.32631579 | I15: =VLOOKUP($B15,'4'!$A$6:$AK$24,COLUMN('4'!AE$1),0) -> 0.10218978 | J15: =VLOOKUP($B15,'4'!$A$6:$AK$24,COLUMN('4'!AF$1),0) -> -0.3006993 | K15: =VLOOKUP($B15,'4'!$A$6:$AK$24,COLUMN('4'!AG$1),0) -> 250 | L15: =VLOOKUP($B15,'4'!$A$6:$AK$24,COLUMN('4'!AH$1),0) -> 310 | ... O15: =VLOOKUP($B15,'4'!$A$6:$AK$24,COLUMN('4'!AK$1),0) -> 1 | P15: =IFERROR(VLOOKUP($C15,Sheet5!$C:$K,COLUMN(Sheet5!D$2)-2,0),"") -> 0.97727273 | Q15: =IFERROR(VLOOKUP($C15,Sheet5!$C:$K,COLUMN(Sheet5!E$2)-2,0),"") -> 0.96460177 | R15: =IFERROR(VLOOKUP($C15,Sheet5!$C:$K,COLUMN(Sheet5!F$2)-2,0),"") -> 0.98404255 | S15: =IFERROR(VLOOKUP($C15,Sheet5!$C:$K,COLUMN(Sheet5!G$2)-2,0),"") -> 1 | T15: =IFERROR(VLOOKUP($C15,Sheet5!$C:$K,COLUMN(Sheet5!H$2)-2,0),"") -> 0.97345133 | U15: =IFERROR(VLOOKUP($C15,Sheet5!$C:$K,COLUMN(Sheet5!I$2)-2,0),"") -> 1 | V15: =VLOOKUP($B15,'4'!$A$6:$AK$24,COLUMN('4'!AR$1),0) -> #REF! | W15: =VLOOKUP($B15,'4'!$A$6:$AK$24,COLUMN('4'!AS$1),0) -> #REF! | X15: =VLOOKUP($B15,'4'!$A$6:$AK$24,COLUMN('4'!AT$1),0) -> #REF!
B16: 6 | C16: =VLOOKUP($B16,'4'!$A$6:$AK$24,COLUMN('4'!Z$1),0) -> 维合商贸 | D16: =VLOOKUP(C16,'4'!AL:AM,2,0) -> 哈尔滨综合中所 | E16: =VLOOKUP($B16,'4'!$A$6:$AK$24,COLUMN('4'!AA$1),0) -> 470 | F16: =VLOOKUP($B16,'4'!$A$6:$AK$24,COLUMN('4'!AB$1),0) -> 707 | G16: =VLOOKUP($B16,'4'!$A$6:$AK$24,COLUMN('4'!AC$1),0) -> 443 | H16: =VLOOKUP($B16,'4'!$A$6:$AK$24,COLUMN('4'!AD$1),0) -> -0.080234834 | I16: =VLOOKUP($B16,'4'!$A$6:$AK$24,COLUMN('4'!AE$1),0) -> 0.030612245 | J16: =VLOOKUP($B16,'4'!$A$6:$AK$24,COLUMN('4'!AF$1),0) -> -0.27614379 | K16: =VLOOKUP($B16,'4'!$A$6:$AK$24,COLUMN('4'!AG$1),0) -> 531.25 | L16: =VLOOKUP($B16,'4'!$A$6:$AK$24,COLUMN('4'!AH$1),0) -> 698 | ... O16: =VLOOKUP($B16,'4'!$A$6:$AK$24,COLUMN('4'!AK$1),0) -> 1 | P16: =IFERROR(VLOOKUP($C16,Sheet5!$C:$K,COLUMN(Sheet5!D$2)-2,0),"") -> 0.96451613 | Q16: =IFERROR(VLOOKUP($C16,Sheet5!$C:$K,COLUMN(Sheet5!E$2)-2,0),"") -> 0.95933014 | R16: =IFERROR(VLOOKUP($C16,Sheet5!$C:$K,COLUMN(Sheet5!F$2)-2,0),"") -> 0.94845361 | S16: =IFERROR(VLOOKUP($C16,Sheet5!$C:$K,COLUMN(Sheet5!G$2)-2,0),"") -> 0.96153846 | T16: =IFERROR(VLOOKUP($C16,Sheet5!$C:$K,COLUMN(Sheet5!H$2)-2,0),"") -> 0.97836538 | U16: =IFERROR(VLOOKUP($C16,Sheet5!$C:$K,COLUMN(Sheet5!I$2)-2,0),"") -> 1 | V16: =VLOOKUP($B16,'4'!$A$6:$AK$24,COLUMN('4'!AR$1),0) -> #REF! | W16: =VLOOKUP($B16,'4'!$A$6:$AK$24,COLUMN('4'!AS$1),0) -> #REF! | X16: =VLOOKUP($B16,'4'!$A$6:$AK$24,COLUMN('4'!AT$1),0) -> #REF!
B17: 7 | C17: =VLOOKUP($B17,'4'!$A$6:$AK$24,COLUMN('4'!Z$1),0) -> 巴彦隆鹏 | D17: =VLOOKUP(C17,'4'!AL:AM,2,0) -> 宾县外埠所 | E17: =VLOOKUP($B17,'4'!$A$6:$AK$24,COLUMN('4'!AA$1),0) -> 100 | F17: =VLOOKUP($B17,'4'!$A$6:$AK$24,COLUMN('4'!AB$1),0) -> 374 | G17: =VLOOKUP($B17,'4'!$A$6:$AK$24,COLUMN('4'!AC$1),0) -> 180 | H17: =VLOOKUP($B17,'4'!$A$6:$AK$24,COLUMN('4'!AD$1),0) -> -0.029126214 | I17: =VLOOKUP($B17,'4'!$A$6:$AK$24,COLUMN('4'!AE$1),0) -> 0.056497175 | J17: =VLOOKUP($B17,'4'!$A$6:$AK$24,COLUMN('4'!AF$1),0) -> -0.1627907 | K17: =VLOOKUP($B17,'4'!$A$6:$AK$24,COLUMN('4'!AG$1),0) -> 197.5 | L17: =VLOOKUP($B17,'4'!$A$6:$AK$24,COLUMN('4'!AH$1),0) -> 262 | ... O17: =VLOOKUP($B17,'4'!$A$6:$AK$24,COLUMN('4'!AK$1),0) -> 1 | P17: =IFERROR(VLOOKUP($C17,Sheet5!$C:$K,COLUMN(Sheet5!D$2)-2,0),"") -> 0.975 | Q17: =IFERROR(VLOOKUP($C17,Sheet5!$C:$K,COLUMN(Sheet5!E$2)-2,0),"") -> 0.95041322 | R17: =IFERROR(VLOOKUP($C17,Sheet5!$C:$K,COLUMN(Sheet5!F$2)-2,0),"") -> 0.9726776 | S17: =IFERROR(VLOOKUP($C17,Sheet5!$C:$K,COLUMN(Sheet5!G$2)-2,0),"") -> 1 | T17: =IFERROR(VLOOKUP($C17,Sheet5!$C:$K,COLUMN(Sheet5!H$2)-2,0),"") -> 0.95867769 | U17: =IFERROR(VLOOKUP($C17,Sheet5!$C:$K,COLUMN(Sheet5!I$2)-2,0),"") -> 1 | V17: =VLOOKUP($B17,'4'!$A$6:$AK$24,COLUMN('4'!AR$1),0) -> #REF! | W17: =VLOOKUP($B17,'4'!$A$6:$AK$24,COLUMN('4'!AS$1),0) -> #REF! | X17: =VLOOKUP($B17,'4'!$A$6:$AK$24,COLUMN('4'!AT$1),0) -> #REF!
B18: 8 | C18: =VLOOKUP($B18,'4'!$A$6:$AK$24,COLUMN('4'!Z$1),0) -> 洪亮经贸 | D18: =VLOOKUP(C18,'4'!AL:AM,2,0) -> 五常外埠所 | E18: =VLOOKUP($B18,'4'!$A$6:$AK$24,COLUMN('4'!AA$1),0) -> 320 | F18: =VLOOKUP($B18,'4'!$A$6:$AK$24,COLUMN('4'!AB$1),0) -> 621 | G18: =VLOOKUP($B18,'4'!$A$6:$AK$24,COLUMN('4'!AC$1),0) -> 292 | H18: =VLOOKUP($B18,'4'!$A$6:$AK$24,COLUMN('4'!AD$1),0) -> 1.4427481 | I18: =VLOOKUP($B18,'4'!$A$6:$AK$24,COLUMN('4'!AE$1),0) -> 0.16949153 | J18: =VLOOKUP($B18,'4'!$A$6:$AK$24,COLUMN('4'!AF$1),0) -> -0.33333333 | K18: =VLOOKUP($B18,'4'!$A$6:$AK$24,COLUMN('4'!AG$1),0) -> 343.75 | L18: =VLOOKUP($B18,'4'!$A$6:$AK$24,COLUMN('4'!AH$1),0) -> 465 | ... O18: =VLOOKUP($B18,'4'!$A$6:$AK$24,COLUMN('4'!AK$1),0) -> 1 | P18: =IFERROR(VLOOKUP($C18,Sheet5!$C:$K,COLUMN(Sheet5!D$2)-2,0),"") -> 0.94957983 | Q18: =IFERROR(VLOOKUP($C18,Sheet5!$C:$K,COLUMN(Sheet5!E$2)-2,0),"") -> 0.10714286 | R18: =IFERROR(VLOOKUP($C18,Sheet5!$C:$K,COLUMN(Sheet5!F$2)-2,0),"") -> 0.11320755 | S18: =IFERROR(VLOOKUP($C18,Sheet5!$C:$K,COLUMN(Sheet5!G$2)-2,0),"") -> 0.31914894 | T18: =IFERROR(VLOOKUP($C18,Sheet5!$C:$K,COLUMN(Sheet5!H$2)-2,0),"") -> 0.14732143 | U18: =IFERROR(VLOOKUP($C18,Sheet5!$C:$K,COLUMN(Sheet5!I$2)-2,0),"") -> 0.25531915 | V18: =VLOOKUP($B18,'4'!$A$6:$AK$24,COLUMN('4'!AR$1),0) -> #REF! | W18: =VLOOKUP($B18,'4'!$A$6:$AK$24,COLUMN('4'!AS$1),0) -> #REF! | X18: =VLOOKUP($B18,'4'!$A$6:$AK$24,COLUMN('4'!AT$1),0) -> #REF!
B19: 9 | C19: =VLOOKUP($B19,'4'!$A$6:$AK$24,COLUMN('4'!Z$1),0) -> 五常林浩雪 | D19: =VLOOKUP(C19,'4'!AL:AM,2,0) -> 五常外埠所 | E19: =VLOOKUP($B19,'4'!$A$6:$AK$24,COLUMN('4'!AA$1),0) -> 250 | F19: =VLOOKUP($B19,'4'!$A$6:$AK$24,COLUMN('4'!AB$1),0) -> 494 | G19: =VLOOKUP($B19,'4'!$A$6:$AK$24,COLUMN('4'!AC$1),0) -> 250 | H19: =VLOOKUP($B19,'4'!$A$6:$AK$24,COLUMN('4'!AD$1),0) -> -0.41860465 | I19: =VLOOKUP($B19,'4'!$A$6:$AK$24,COLUMN('4'!AE$1),0) -> -0.35170604 | J19: =VLOOKUP($B19,'4'!$A$6:$AK$24,COLUMN('4'!AF$1),0) -> -0.45054945 | K19: =VLOOKUP($B19,'4'!$A$6:$AK$24,COLUMN('4'!AG$1),0) -> 642.5 | L19: =VLOOKUP($B19,'4'!$A$6:$AK$24,COLUMN('4'!AH$1),0) -> 887 | ... O19: =VLOOKUP($B19,'4'!$A$6:$AK$24,COLUMN('4'!AK$1),0) -> 1 | P19: =IFERROR(VLOOKUP($C19,Sheet5!$C:$K,COLUMN(Sheet5!D$2)-2,0),"") -> 0.48396501 | Q19: =IFERROR(VLOOKUP($C19,Sheet5!$C:$K,COLUMN(Sheet5!E$2)-2,0),"") -> 0.28496042 | R19: =IFERROR(VLOOKUP($C19,Sheet5!$C:$K,COLUMN(Sheet5!F$2)-2,0),"") -> 0.28756058 | S19: =IFERROR(VLOOKUP($C19,Sheet5!$C:$K,COLUMN(Sheet5!G$2)-2,0),"") -> 0.21276596 | T19: =IFERROR(VLOOKUP($C19,Sheet5!$C:$K,COLUMN(Sheet5!H$2)-2,0),"") -> 0.32808399 | U19: =IFERROR(VLOOKUP($C19,Sheet5!$C:$K,COLUMN(Sheet5!I$2)-2,0),"") -> 0.4787234 | V19: =VLOOKUP($B19,'4'!$A$6:$AK$24,COLUMN('4'!AR$1),0) -> #REF! | W19: =VLOOKUP($B19,'4'!$A$6:$AK$24,COLUMN('4'!AS$1),0) -> #REF! | X19: =VLOOKUP($B19,'4'!$A$6:$AK$24,COLUMN('4'!AT$1),0) -> #REF!
B20: 10 | C20: =VLOOKUP($B20,'4'!$A$6:$AK$24,COLUMN('4'!Z$1),0) -> 道里水嘉淼 | D20: =VLOOKUP(C20,'4'!AL:AM,2,0) -> 哈尔滨综合西所 | E20: =VLOOKUP($B20,'4'!$A$6:$AK$24,COLUMN('4'!AA$1),0) -> 302 | F20: =VLOOKUP($B20,'4'!$A$6:$AK$24,COLUMN('4'!AB$1),0) -> 562 | G20: =VLOOKUP($B20,'4'!$A$6:$AK$24,COLUMN('4'!AC$1),0) -> 302 | H20: =VLOOKUP($B20,'4'!$A$6:$AK$24,COLUMN('4'!AD$1),0) -> -0.31828442 | I20: =VLOOKUP($B20,'4'!$A$6:$AK$24,COLUMN('4'!AE$1),0) -> -0.045840407 | J20: =VLOOKUP($B20,'4'!$A$6:$AK$24,COLUMN('4'!AF$1),0) -> -0.14689266 | K20: =VLOOKUP($B20,'4'!$A$6:$AK$24,COLUMN('4'!AG$1),0) -> 457.5 | L20: =VLOOKUP($B20,'4'!$A$6:$AK$24,COLUMN('4'!AH$1),0) -> 662 | ... O20: =VLOOKUP($B20,'4'!$A$6:$AK$24,COLUMN('4'!AK$1),0) -> 1 | P20: =IFERROR(VLOOKUP($C20,Sheet5!$C:$K,COLUMN(Sheet5!D$2)-2,0),"") -> 0.99047619 | Q20: =IFERROR(VLOOKUP($C20,Sheet5!$C:$K,COLUMN(Sheet5!E$2)-2,0),"") -> 0.94673123 | R20: =IFERROR(VLOOKUP($C20,Sheet5!$C:$K,COLUMN(Sheet5!F$2)-2,0),"") -> 0.91198786 | S20: =IFERROR(VLOOKUP($C20,Sheet5!$C:$K,COLUMN(Sheet5!G$2)-2,0),"") -> 0.95876289 | T20: =IFERROR(VLOOKUP($C20,Sheet5!$C:$K,COLUMN(Sheet5!H$2)-2,0),"") -> 0.96782178 | U20: =IFERROR(VLOOKUP($C20,Sheet5!$C:$K,COLUMN(Sheet5!I$2)-2,0),"") -> 1 | V20: =VLOOKUP($B20,'4'!$A$6:$AK$24,COLUMN('4'!AR$1),0) -> #REF! | W20: =VLOOKUP($B20,'4'!$A$6:$AK$24,COLUMN('4'!AS$1),0) -> #REF! | X20: =VLOOKUP($B20,'4'!$A$6:$AK$24,COLUMN('4'!AT$1),0) -> #REF!
B21: 11 | C21: =VLOOKUP($B21,'4'!$A$6:$AK$24,COLUMN('4'!Z$1),0) -> 阿城鑫未来 | D21: =VLOOKUP(C21,'4'!AL:AM,2,0) -> 五常外埠所 | E21: =VLOOKUP($B21,'4'!$A$6:$AK$24,COLUMN('4'!AA$1),0) -> 200 | F21: =VLOOKUP($B21,'4'!$A$6:$AK$24,COLUMN('4'!AB$1),0) -> 395 | G21: =VLOOKUP($B21,'4'!$A$6:$AK$24,COLUMN('4'!AC$1),0) -> 286 | H21: =VLOOKUP($B21,'4'!$A$6:$AK$24,COLUMN('4'!AD$1),0) -> 0.66666667 | I21: =VLOOKUP($B21,'4'!$A$6:$AK$24,COLUMN('4'!AE$1),0) -> 0.097222222 | J21: =VLOOKUP($B21,'4'!$A$6:$AK$24,COLUMN('4'!AF$1),0) -> -0.36444444 | K21: =VLOOKUP($B21,'4'!$A$6:$AK$24,COLUMN('4'!AG$1),0) -> 337.5 | L21: =VLOOKUP($B21,'4'!$A$6:$AK$24,COLUMN('4'!AH$1),0) -> 546 | ... O21: =VLOOKUP($B21,'4'!$A$6:$AK$24,COLUMN('4'!AK$1),0) -> 1 | P21: =IFERROR(VLOOKUP($C21,Sheet5!$C:$K,COLUMN(Sheet5!D$2)-2,0),"") -> 0.87892377 | Q21: =IFERROR(VLOOKUP($C21,Sheet5!$C:$K,COLUMN(Sheet5!E$2)-2,0),"") -> 0.12341772 | R21: =IFERROR(VLOOKUP($C21,Sheet5!$C:$K,COLUMN(Sheet5!F$2)-2,0),"") -> 0.13457557 | S21: =IFERROR(VLOOKUP($C21,Sheet5!$C:$K,COLUMN(Sheet5!G$2)-2,0),"") -> 0.22988506 | T21: =IFERROR(VLOOKUP($C21,Sheet5!$C:$K,COLUMN(Sheet5!H$2)-2,0),"") -> 0.13968254 | U21: =IFERROR(VLOOKUP($C21,Sheet5!$C:$K,COLUMN(Sheet5!I$2)-2,0),"") -> 0.1954023 | V21: =VLOOKUP($B21,'4'!$A$6:$AK$24,COLUMN('4'!AR$1),0) -> #REF! | W21: =VLOOKUP($B21,'4'!$A$6:$AK$24,COLUMN('4'!AS$1),0) -> #REF! | X21: =VLOOKUP($B21,'4'!$A$6:$AK$24,COLUMN('4'!AT$1),0) -> #REF!
B22: 12 | C22: =VLOOKUP($B22,'4'!$A$6:$AK$24,COLUMN('4'!Z$1),0) -> 方正晓雨 | D22: =VLOOKUP(C22,'4'!AL:AM,2,0) -> 宾县外埠所 | E22: =VLOOKUP($B22,'4'!$A$6:$AK$24,COLUMN('4'!AA$1),0) -> 100 | F22: =VLOOKUP($B22,'4'!$A$6:$AK$24,COLUMN('4'!AB$1),0) -> 167 | G22: =VLOOKUP($B22,'4'!$A$6:$AK$24,COLUMN('4'!AC$1),0) -> 169 | H22: =VLOOKUP($B22,'4'!$A$6:$AK$24,COLUMN('4'!AD$1),0) -> -0.41176471 | I22: =VLOOKUP($B22,'4'!$A$6:$AK$24,COLUMN('4'!AE$1),0) -> -0.36742424 | J22: =VLOOKUP($B22,'4'!$A$6:$AK$24,COLUMN('4'!AF$1),0) -> -0.27467811 | K22: =VLOOKUP($B22,'4'!$A$6:$AK$24,COLUMN('4'!AG$1),0) -> 178.75 | L22: =VLOOKUP($B22,'4'!$A$6:$AK$24,COLUMN('4'!AH$1),0) -> 297 | ... O22: =VLOOKUP($B22,'4'!$A$6:$AK$24,COLUMN('4'!AK$1),0) -> 1 | P22: =IFERROR(VLOOKUP($C22,Sheet5!$C:$K,COLUMN(Sheet5!D$2)-2,0),"") -> 0.975 | Q22: =IFERROR(VLOOKUP($C22,Sheet5!$C:$K,COLUMN(Sheet5!E$2)-2,0),"") -> 0.98214286 | R22: =IFERROR(VLOOKUP($C22,Sheet5!$C:$K,COLUMN(Sheet5!F$2)-2,0),"") -> 0.99186992 | S22: =IFERROR(VLOOKUP($C22,Sheet5!$C:$K,COLUMN(Sheet5!G$2)-2,0),"") -> 1 | T22: =IFERROR(VLOOKUP($C22,Sheet5!$C:$K,COLUMN(Sheet5!H$2)-2,0),"") -> 1 | U22: =IFERROR(VLOOKUP($C22,Sheet5!$C:$K,COLUMN(Sheet5!I$2)-2,0),"") -> 1 | V22: =VLOOKUP($B22,'4'!$A$6:$AK$24,COLUMN('4'!AR$1),0) -> #REF! | W22: =VLOOKUP($B22,'4'!$A$6:$AK$24,COLUMN('4'!AS$1),0) -> #REF! | X22: =VLOOKUP($B22,'4'!$A$6:$AK$24,COLUMN('4'!AT$1),0) -> #REF!
... B24: 14 | C24: =VLOOKUP($B24,'4'!$A$6:$AK$24,COLUMN('4'!Z$1),0) -> 亚布力鑫卓 | D24: =VLOOKUP(C24,'4'!AL:AM,2,0) -> 宾县外埠所 | E24: =VLOOKUP($B24,'4'!$A$6:$AK$24,COLUMN('4'!AA$1),0) -> 105 | F24: =VLOOKUP($B24,'4'!$A$6:$AK$24,COLUMN('4'!AB$1),0) -> 187 | G24: =VLOOKUP($B24,'4'!$A$6:$AK$24,COLUMN('4'!AC$1),0) -> 130 | H24: =VLOOKUP($B24,'4'!$A$6:$AK$24,COLUMN('4'!AD$1),0) -> -0.41666667 | I24: =VLOOKUP($B24,'4'!$A$6:$AK$24,COLUMN('4'!AE$1),0) -> 0.038888889 | J24: =VLOOKUP($B24,'4'!$A$6:$AK$24,COLUMN('4'!AF$1),0) -> -0.25287356 | K24: =VLOOKUP($B24,'4'!$A$6:$AK$24,COLUMN('4'!AG$1),0) -> 148.75 | L24: =VLOOKUP($B24,'4'!$A$6:$AK$24,COLUMN('4'!AH$1),0) -> 305 | ... O24: =VLOOKUP($B24,'4'!$A$6:$AK$24,COLUMN('4'!AK$1),0) -> 1 | P24: =IFERROR(VLOOKUP($C24,Sheet5!$C:$K,COLUMN(Sheet5!D$2)-2,0),"") -> 0.96774194 | Q24: =IFERROR(VLOOKUP($C24,Sheet5!$C:$K,COLUMN(Sheet5!E$2)-2,0),"") -> 0.44117647 | R24: =IFERROR(VLOOKUP($C24,Sheet5!$C:$K,COLUMN(Sheet5!F$2)-2,0),"") -> 0.42307692 | S24: =IFERROR(VLOOKUP($C24,Sheet5!$C:$K,COLUMN(Sheet5!G$2)-2,0),"") -> 0.33333333 | T24: =IFERROR(VLOOKUP($C24,Sheet5!$C:$K,COLUMN(Sheet5!H$2)-2,0),"") -> 0.45714286 | U24: =IFERROR(VLOOKUP($C24,Sheet5!$C:$K,COLUMN(Sheet5!I$2)-2,0),"") -> 0.66666667 | V24: =VLOOKUP($B24,'4'!$A$6:$AK$24,COLUMN('4'!AR$1),0) -> #REF! | W24: =VLOOKUP($B24,'4'!$A$6:$AK$24,COLUMN('4'!AS$1),0) -> #REF! | X24: =VLOOKUP($B24,'4'!$A$6:$AK$24,COLUMN('4'!AT$1),0) -> #REF!
B25: 15 | C25: =VLOOKUP($B25,'4'!$A$6:$AK$24,COLUMN('4'!Z$1),0) -> 崔勤经贸 | D25: =VLOOKUP(C25,'4'!AL:AM,2,0) -> 哈尔滨综合东所 | E25: =VLOOKUP($B25,'4'!$A$6:$AK$24,COLUMN('4'!AA$1),0) -> 359 | F25: =VLOOKUP($B25,'4'!$A$6:$AK$24,COLUMN('4'!AB$1),0) -> 526 | G25: =VLOOKUP($B25,'4'!$A$6:$AK$24,COLUMN('4'!AC$1),0) -> 325 | H25: =VLOOKUP($B25,'4'!$A$6:$AK$24,COLUMN('4'!AD$1),0) -> 0.56768559 | I25: =VLOOKUP($B25,'4'!$A$6:$AK$24,COLUMN('4'!AE$1),0) -> 0.20642202 | J25: =VLOOKUP($B25,'4'!$A$6:$AK$24,COLUMN('4'!AF$1),0) -> 0.051779935 | K25: =VLOOKUP($B25,'4'!$A$6:$AK$24,COLUMN('4'!AG$1),0) -> 312.5 | L25: =VLOOKUP($B25,'4'!$A$6:$AK$24,COLUMN('4'!AH$1),0) -> 693 | ... O25: =VLOOKUP($B25,'4'!$A$6:$AK$24,COLUMN('4'!AK$1),0) -> 1 | P25: =IFERROR(VLOOKUP($C25,Sheet5!$C:$K,COLUMN(Sheet5!D$2)-2,0),"") -> 0.9688716 | Q25: =IFERROR(VLOOKUP($C25,Sheet5!$C:$K,COLUMN(Sheet5!E$2)-2,0),"") -> 0.92076503 | R25: =IFERROR(VLOOKUP($C25,Sheet5!$C:$K,COLUMN(Sheet5!F$2)-2,0),"") -> 0.85198556 | S25: =IFERROR(VLOOKUP($C25,Sheet5!$C:$K,COLUMN(Sheet5!G$2)-2,0),"") -> 0.93684211 | T25: =IFERROR(VLOOKUP($C25,Sheet5!$C:$K,COLUMN(Sheet5!H$2)-2,0),"") -> 0.94475138 | U25: =IFERROR(VLOOKUP($C25,Sheet5!$C:$K,COLUMN(Sheet5!I$2)-2,0),"") -> 0.93478261 | V25: 146 | W25: 200 | X25: =W25-V25 -> 54
B26: 16 | C26: =VLOOKUP($B26,'4'!$A$6:$AK$24,COLUMN('4'!Z$1),0) -> 呼兰鲁岳 | D26: =VLOOKUP(C26,'4'!AL:AM,2,0) -> 哈尔滨城区北所 | E26: =VLOOKUP($B26,'4'!$A$6:$AK$24,COLUMN('4'!AA$1),0) -> 60 | F26: =VLOOKUP($B26,'4'!$A$6:$AK$24,COLUMN('4'!AB$1),0) -> 410 | G26: =VLOOKUP($B26,'4'!$A$6:$AK$24,COLUMN('4'!AC$1),0) -> 255 | H26: =VLOOKUP($B26,'4'!$A$6:$AK$24,COLUMN('4'!AD$1),0) -> -0.82352941 | I26: =VLOOKUP($B26,'4'!$A$6:$AK$24,COLUMN('4'!AE$1),0) -> 0.20588235 | J26: =VLOOKUP($B26,'4'!$A$6:$AK$24,COLUMN('4'!AF$1),0) -> -0.17207792 | K26: =VLOOKUP($B26,'4'!$A$6:$AK$24,COLUMN('4'!AG$1),0) -> 312.5 | L26: =VLOOKUP($B26,'4'!$A$6:$AK$24,COLUMN('4'!AH$1),0) -> 716 | ... O26: =VLOOKUP($B26,'4'!$A$6:$AK$24,COLUMN('4'!AK$1),0) -> 1 | P26: =IFERROR(VLOOKUP($C26,Sheet5!$C:$K,COLUMN(Sheet5!D$2)-2,0),"") -> 1 | Q26: =IFERROR(VLOOKUP($C26,Sheet5!$C:$K,COLUMN(Sheet5!E$2)-2,0),"") -> 0.57142857 | R26: =IFERROR(VLOOKUP($C26,Sheet5!$C:$K,COLUMN(Sheet5!F$2)-2,0),"") -> 0.7 | S26: =IFERROR(VLOOKUP($C26,Sheet5!$C:$K,COLUMN(Sheet5!G$2)-2,0),"") -> 1 | T26: =IFERROR(VLOOKUP($C26,Sheet5!$C:$K,COLUMN(Sheet5!H$2)-2,0),"") -> 0.57142857 | U26: =IFERROR(VLOOKUP($C26,Sheet5!$C:$K,COLUMN(Sheet5!I$2)-2,0),"") -> 1 | V26: 134 | W26: 212 | X26: =W26-V26 -> 78
B27: 17 | C27: =VLOOKUP($B27,'4'!$A$6:$AK$24,COLUMN('4'!Z$1),0) -> 道外春雨 | D27: =VLOOKUP(C27,'4'!AL:AM,2,0) -> 哈尔滨综合西所 | E27: =VLOOKUP($B27,'4'!$A$6:$AK$24,COLUMN('4'!AA$1),0) -> 250 | F27: =VLOOKUP($B27,'4'!$A$6:$AK$24,COLUMN('4'!AB$1),0) -> 518 | G27: =VLOOKUP($B27,'4'!$A$6:$AK$24,COLUMN('4'!AC$1),0) -> 281 | H27: =VLOOKUP($B27,'4'!$A$6:$AK$24,COLUMN('4'!AD$1),0) -> 0.012145749 | I27: =VLOOKUP($B27,'4'!$A$6:$AK$24,COLUMN('4'!AE$1),0) -> 0.036 | J27: =VLOOKUP($B27,'4'!$A$6:$AK$24,COLUMN('4'!AF$1),0) -> 0.21645022 | K27: =VLOOKUP($B27,'4'!$A$6:$AK$24,COLUMN('4'!AG$1),0) -> 282.5 | L27: =VLOOKUP($B27,'4'!$A$6:$AK$24,COLUMN('4'!AH$1),0) -> 753 | ... O27: =VLOOKUP($B27,'4'!$A$6:$AK$24,COLUMN('4'!AK$1),0) -> 1 | P27: =IFERROR(VLOOKUP($C27,Sheet5!$C:$K,COLUMN(Sheet5!D$2)-2,0),"") -> 0.98939929 | Q27: =IFERROR(VLOOKUP($C27,Sheet5!$C:$K,COLUMN(Sheet5!E$2)-2,0),"") -> 0.97715736 | R27: =IFERROR(VLOOKUP($C27,Sheet5!$C:$K,COLUMN(Sheet5!F$2)-2,0),"") -> 0.97432024 | S27: =IFERROR(VLOOKUP($C27,Sheet5!$C:$K,COLUMN(Sheet5!G$2)-2,0),"") -> 1 | T27: =IFERROR(VLOOKUP($C27,Sheet5!$C:$K,COLUMN(Sheet5!H$2)-2,0),"") -> 0.9872449 | U27: =IFERROR(VLOOKUP($C27,Sheet5!$C:$K,COLUMN(Sheet5!I$2)-2,0),"") -> 1 | V27: 105 | W27: 79 | X27: =W27-V27 -> -26
B28: 18 | C28: =VLOOKUP($B28,'4'!$A$6:$AK$24,COLUMN('4'!Z$1),0) -> 宾县龙兴 | D28: =VLOOKUP(C28,'4'!AL:AM,2,0) -> 宾县外埠所 | E28: =VLOOKUP($B28,'4'!$A$6:$AK$24,COLUMN('4'!AA$1),0) -> 150 | F28: =VLOOKUP($B28,'4'!$A$6:$AK$24,COLUMN('4'!AB$1),0) -> 531 | G28: =VLOOKUP($B28,'4'!$A$6:$AK$24,COLUMN('4'!AC$1),0) -> 683 | H28: =VLOOKUP($B28,'4'!$A$6:$AK$24,COLUMN('4'!AD$1),0) -> -0.75649351 | I28: =VLOOKUP($B28,'4'!$A$6:$AK$24,COLUMN('4'!AE$1),0) -> -0.48144531 | J28: =VLOOKUP($B28,'4'!$A$6:$AK$24,COLUMN('4'!AF$1),0) -> 0.43789474 | K28: =VLOOKUP($B28,'4'!$A$6:$AK$24,COLUMN('4'!AG$1),0) -> 325 | L28: =VLOOKUP($B28,'4'!$A$6:$AK$24,COLUMN('4'!AH$1),0) -> 880 | ... O28: =VLOOKUP($B28,'4'!$A$6:$AK$24,COLUMN('4'!AK$1),0) -> 1 | P28: =IFERROR(VLOOKUP($C28,Sheet5!$C:$K,COLUMN(Sheet5!D$2)-2,0),"") -> 0.9609375 | Q28: =IFERROR(VLOOKUP($C28,Sheet5!$C:$K,COLUMN(Sheet5!E$2)-2,0),"") -> 0.65633075 | R28: =IFERROR(VLOOKUP($C28,Sheet5!$C:$K,COLUMN(Sheet5!F$2)-2,0),"") -> 0.60155039 | S28: =IFERROR(VLOOKUP($C28,Sheet5!$C:$K,COLUMN(Sheet5!G$2)-2,0),"") -> 0.8 | T28: =IFERROR(VLOOKUP($C28,Sheet5!$C:$K,COLUMN(Sheet5!H$2)-2,0),"") -> 0.6744186 | U28: =IFERROR(VLOOKUP($C28,Sheet5!$C:$K,COLUMN(Sheet5!I$2)-2,0),"") -> 0.78181818 | V28: 591 | W28: 533 | X28: =W28-V28 -> -58
B29: 19 | C29: =VLOOKUP($B29,'4'!$A$6:$AK$24,COLUMN('4'!Z$1),0) -> 木兰新小合 | D29: =VLOOKUP(C29,'4'!AL:AM,2,0) -> 宾县外埠所 | E29: =VLOOKUP($B29,'4'!$A$6:$AK$24,COLUMN('4'!AA$1),0) -> 80 | F29: =VLOOKUP($B29,'4'!$A$6:$AK$24,COLUMN('4'!AB$1),0) -> 187 | G29: =VLOOKUP($B29,'4'!$A$6:$AK$24,COLUMN('4'!AC$1),0) -> 80 | H29: =VLOOKUP($B29,'4'!$A$6:$AK$24,COLUMN('4'!AD$1),0) -> -0.22330097 | I29: =VLOOKUP($B29,'4'!$A$6:$AK$24,COLUMN('4'!AE$1),0) -> -0.16517857 | J29: =VLOOKUP($B29,'4'!$A$6:$AK$24,COLUMN('4'!AF$1),0) -> -0.66666667 | K29: =VLOOKUP($B29,'4'!$A$6:$AK$24,COLUMN('4'!AG$1),0) -> 100 | L29: =VLOOKUP($B29,'4'!$A$6:$AK$24,COLUMN('4'!AH$1),0) -> 380 | ... O29: =VLOOKUP($B29,'4'!$A$6:$AK$24,COLUMN('4'!AK$1),0) -> 1 | P29: =IFERROR(VLOOKUP($C29,Sheet5!$C:$K,COLUMN(Sheet5!D$2)-2,0),"") -> 0.98039216 | Q29: =IFERROR(VLOOKUP($C29,Sheet5!$C:$K,COLUMN(Sheet5!E$2)-2,0),"") -> 1 | R29: =IFERROR(VLOOKUP($C29,Sheet5!$C:$K,COLUMN(Sheet5!F$2)-2,0),"") -> 1 | S29: =IFERROR(VLOOKUP($C29,Sheet5!$C:$K,COLUMN(Sheet5!G$2)-2,0),"") -> 1 | T29: =IFERROR(VLOOKUP($C29,Sheet5!$C:$K,COLUMN(Sheet5!H$2)-2,0),"") -> 1 | U29: =IFERROR(VLOOKUP($C29,Sheet5!$C:$K,COLUMN(Sheet5!I$2)-2,0),"") -> 1 | V29: 166 | W29: 131 | X29: =W29-V29 -> -35

Sheet Sheet2
B2: 排名 | C2: 黑东部 | E2: 出货 | H2: 成长 | K2: =Sheet1!K2 -> 2505 | P2: TOP5口味BI铺货率 | V2: 实盘库存
C3: 客户 | D3: 营业所 | E3: =Sheet1!E3 -> 2502 | F3: =Sheet1!F3 -> 2503 | G3: =Sheet1!G3 -> 2504 | H3: =Sheet1!H3 -> 2502 | I3: =Sheet1!I3 -> 2503 | J3: =Sheet1!J3 -> 2504 | K3: 出货 | L3: 同期 | M3: 成长 | N3: 目标 | O3: 达成 | P3: 椒盐小酥肉 | Q3: 鸡汁原味 | R3: 烤羊肉串 | S3: 麻辣小龙虾 | T3: 香葱鸡汁味 | U3: 香烤鱿鱼 | V3: 4月 | W3: 5月 | X3: 环比
B4: 黑东营业部 | E4: =基础表!E25 -> 6860 | F4: =基础表!F25 -> 5981 | G4: =基础表!G25 -> 6778 | H4: =基础表!H25 -> 0.0014306152 | I4: =基础表!I25 -> -0.14754371 | J4: =基础表!J25 -> -0.098376313 | K4: =基础表!K25 -> #REF! | L4: =基础表!L25 -> #REF! | ... U4: =基础表!U25 -> #REF! | V4: =基础表!V11 -> 0 | W4: =基础表!W11 -> 0 | X4: =基础表!X11 -> 0
B5: 1 | C5: =VLOOKUP($B5,基础表!$A$16:$U$24,COLUMN(基础表!D1),0) -> #N/A | E5: =VLOOKUP($B5,基础表!$A$16:$U$24,COLUMN(基础表!E1),0) -> #N/A | F5: =VLOOKUP($B5,基础表!$A$16:$U$24,COLUMN(基础表!F1),0) -> #N/A | G5: =VLOOKUP($B5,基础表!$A$16:$U$24,COLUMN(基础表!G1),0) -> #N/A | H5: =VLOOKUP($B5,基础表!$A$16:$U$24,COLUMN(基础表!H1),0) -> #N/A | I5: =VLOOKUP($B5,基础表!$A$16:$U$24,COLUMN(基础表!I1),0) -> #N/A | J5: =VLOOKUP($B5,基础表!$A$16:$U$24,COLUMN(基础表!J1),0) -> #N/A | K5: =VLOOKUP($B5,基础表!$A$16:$U$24,COLUMN(基础表!K1),0) -> #N/A | L5: =VLOOKUP($B5,基础表!$A$16:$U$24,COLUMN(基础表!L1),0) -> #N/A | ... U5: =VLOOKUP($B5,基础表!$A$16:$U$24,COLUMN(基础表!U1),0) -> #N/A | V5: =VLOOKUP($B5,基础表!$A$5:$U$10,COLUMN(基础表!V1),0) -> #N/A | W5: =VLOOKUP($B5,基础表!$A$5:$U$10,COLUMN(基础表!W1),0) -> #N/A | X5: =VLOOKUP($B5,基础表!$A$5:$U$10,COLUMN(基础表!X1),0) -> #N/A
B6: 2 | C6: =VLOOKUP($B6,基础表!$A$16:$U$24,COLUMN(基础表!D2),0) -> #N/A | E6: =VLOOKUP($B6,基础表!$A$16:$U$24,COLUMN(基础表!E2),0) -> #N/A | F6: =VLOOKUP($B6,基础表!$A$16:$U$24,COLUMN(基础表!F2),0) -> #N/A | G6: =VLOOKUP($B6,基础表!$A$16:$U$24,COLUMN(基础表!G2),0) -> #N/A | H6: =VLOOKUP($B6,基础表!$A$16:$U$24,COLUMN(基础表!H2),0) -> #N/A | I6: =VLOOKUP($B6,基础表!$A$16:$U$24,COLUMN(基础表!I2),0) -> #N/A | J6: =VLOOKUP($B6,基础表!$A$16:$U$24,COLUMN(基础表!J2),0) -> #N/A | K6: =VLOOKUP($B6,基础表!$A$16:$U$24,COLUMN(基础表!K2),0) -> #N/A | L6: =VLOOKUP($B6,基础表!$A$16:$U$24,COLUMN(基础表!L2),0) -> #N/A | ... U6: =VLOOKUP($B6,基础表!$A$16:$U$24,COLUMN(基础表!U2),0) -> #N/A | V6: =VLOOKUP($B6,基础表!$A$5:$U$10,COLUMN(基础表!V2),0) -> #N/A | W6: =VLOOKUP($B6,基础表!$A$5:$U$10,COLUMN(基础表!W2),0) -> #N/A | X6: =VLOOKUP($B6,基础表!$A$5:$U$10,COLUMN(基础表!X2),0) -> #N/A
B7: 3 | C7: =VLOOKUP($B7,基础表!$A$16:$U$24,COLUMN(基础表!D3),0) -> #N/A | E7: =VLOOKUP($B7,基础表!$A$16:$U$24,COLUMN(基础表!E3),0) -> #N/A | F7: =VLOOKUP($B7,基础表!$A$16:$U$24,COLUMN(基础表!F3),0) -> #N/A | G7: =VLOOKUP($B7,基础表!$A$16:$U$24,COLUMN(基础表!G3),0) -> #N/A | H7: =VLOOKUP($B7,基础表!$A$16:$U$24,COLUMN(基础表!H3),0) -> #N/A | I7: =VLOOKUP($B7,基础表!$A$16:$U$24,COLUMN(基础表!I3),0) -> #N/A | J7: =VLOOKUP($B7,基础表!$A$16:$U$24,COLUMN(基础表!J3),0) -> #N/A | K7: =VLOOKUP($B7,基础表!$A$16:$U$24,COLUMN(基础表!K3),0) -> #N/A | L7: =VLOOKUP($B7,基础表!$A$16:$U$24,COLUMN(基础表!L3),0) -> #N/A | ... U7: =VLOOKUP($B7,基础表!$A$16:$U$24,COLUMN(基础表!U3),0) -> #N/A | V7: =VLOOKUP($B7,基础表!$A$5:$U$10,COLUMN(基础表!V3),0) -> #N/A | W7: =VLOOKUP($B7,基础表!$A$5:$U$10,COLUMN(基础表!W3),0) -> #N/A | X7: =VLOOKUP($B7,基础表!$A$5:$U$10,COLUMN(基础表!X3),0) -> #N/A
B8: 4 | C8: =VLOOKUP($B8,基础表!$A$16:$U$24,COLUMN(基础表!D4),0) -> #N/A | E8: =VLOOKUP($B8,基础表!$A$16:$U$24,COLUMN(基础表!E4),0) -> #N/A | F8: =VLOOKUP($B8,基础表!$A$16:$U$24,COLUMN(基础表!F4),0) -> #N/A | G8: =VLOOKUP($B8,基础表!$A$16:$U$24,COLUMN(基础表!G4),0) -> #N/A | H8: =VLOOKUP($B8,基础表!$A$16:$U$24,COLUMN(基础表!H4),0) -> #N/A | I8: =VLOOKUP($B8,基础表!$A$16:$U$24,COLUMN(基础表!I4),0) -> #N/A | J8: =VLOOKUP($B8,基础表!$A$16:$U$24,COLUMN(基础表!J4),0) -> #N/A | K8: =VLOOKUP($B8,基础表!$A$16:$U$24,COLUMN(基础表!K4),0) -> #N/A | L8: =VLOOKUP($B8,基础表!$A$16:$U$24,COLUMN(基础表!L4),0) -> #N/A | ... U8: =VLOOKUP($B8,基础表!$A$16:$U$24,COLUMN(基础表!U4),0) -> #N/A | V8: =VLOOKUP($B8,基础表!$A$5:$U$10,COLUMN(基础表!V4),0) -> #N/A | W8: =VLOOKUP($B8,基础表!$A$5:$U$10,COLUMN(基础表!W4),0) -> #N/A | X8: =VLOOKUP($B8,基础表!$A$5:$U$10,COLUMN(基础表!X4),0) -> #N/A
B9: 5 | C9: =VLOOKUP($B9,基础表!$A$16:$U$24,COLUMN(基础表!D5),0) -> #N/A | E9: =VLOOKUP($B9,基础表!$A$16:$U$24,COLUMN(基础表!E5),0) -> #N/A | F9: =VLOOKUP($B9,基础表!$A$16:$U$24,COLUMN(基础表!F5),0) -> #N/A | G9: =VLOOKUP($B9,基础表!$A$16:$U$24,COLUMN(基础表!G5),0) -> #N/A | H9: =VLOOKUP($B9,基础表!$A$16:$U$24,COLUMN(基础表!H5),0) -> #N/A | I9: =VLOOKUP($B9,基础表!$A$16:$U$24,COLUMN(基础表!I5),0) -> #N/A | J9: =VLOOKUP($B9,基础表!$A$16:$U$24,COLUMN(基础表!J5),0) -> #N/A | K9: =VLOOKUP($B9,基础表!$A$16:$U$24,COLUMN(基础表!K5),0) -> #N/A | L9: =VLOOKUP($B9,基础表!$A$16:$U$24,COLUMN(基础表!L5),0) -> #N/A | ... U9: =VLOOKUP($B9,基础表!$A$16:$U$24,COLUMN(基础表!U5),0) -> #N/A | V9: =VLOOKUP($B9,基础表!$A$5:$U$10,COLUMN(基础表!V5),0) -> #N/A | W9: =VLOOKUP($B9,基础表!$A$5:$U$10,COLUMN(基础表!W5),0) -> #N/A | X9: =VLOOKUP($B9,基础表!$A$5:$U$10,COLUMN(基础表!X5),0) -> #N/A
B10: 6 | C10: =VLOOKUP($B10,基础表!$A$16:$U$24,COLUMN(基础表!D6),0) -> #N/A | E10: =VLOOKUP($B10,基础表!$A$16:$U$24,COLUMN(基础表!E6),0) -> #N/A | F10: =VLOOKUP($B10,基础表!$A$16:$U$24,COLUMN(基础表!F6),0) -> #N/A | G10: =VLOOKUP($B10,基础表!$A$16:$U$24,COLUMN(基础表!G6),0) -> #N/A | H10: =VLOOKUP($B10,基础表!$A$16:$U$24,COLUMN(基础表!H6),0) -> #N/A | I10: =VLOOKUP($B10,基础表!$A$16:$U$24,COLUMN(基础表!I6),0) -> #N/A | J10: =VLOOKUP($B10,基础表!$A$16:$U$24,COLUMN(基础表!J6),0) -> #N/A | K10: =VLOOKUP($B10,基础表!$A$16:$U$24,COLUMN(基础表!K6),0) -> #N/A | L10: =VLOOKUP($B10,基础表!$A$16:$U$24,COLUMN(基础表!L6),0) -> #N/A | ... U10: =VLOOKUP($B10,基础表!$A$16:$U$24,COLUMN(基础表!U6),0) -> #N/A | V10: =VLOOKUP($B10,基础表!$A$5:$U$10,COLUMN(基础表!V6),0) -> #N/A | W10: =VLOOKUP($B10,基础表!$A$5:$U$10,COLUMN(基础表!W6),0) -> #N/A | X10: =VLOOKUP($B10,基础表!$A$5:$U$10,COLUMN(基础表!X6),0) -> #N/A
B11: 7 | C11: =VLOOKUP($B11,基础表!$A$16:$U$24,COLUMN(基础表!D7),0) -> #N/A | E11: =VLOOKUP($B11,基础表!$A$16:$U$24,COLUMN(基础表!E7),0) -> #N/A | F11: =VLOOKUP($B11,基础表!$A$16:$U$24,COLUMN(基础表!F7),0) -> #N/A | G11: =VLOOKUP($B11,基础表!$A$16:$U$24,COLUMN(基础表!G7),0) -> #N/A | H11: =VLOOKUP($B11,基础表!$A$16:$U$24,COLUMN(基础表!H7),0) -> #N/A | I11: =VLOOKUP($B11,基础表!$A$16:$U$24,COLUMN(基础表!I7),0) -> #N/A | J11: =VLOOKUP($B11,基础表!$A$16:$U$24,COLUMN(基础表!J7),0) -> #N/A | K11: =VLOOKUP($B11,基础表!$A$16:$U$24,COLUMN(基础表!K7),0) -> #N/A | L11: =VLOOKUP($B11,基础表!$A$16:$U$24,COLUMN(基础表!L7),0) -> #N/A | ... U11: =VLOOKUP($B11,基础表!$A$16:$U$24,COLUMN(基础表!U7),0) -> #N/A | V11: =VLOOKUP($B11,'4'!$A$6:$AK$24,COLUMN('4'!AR$1),0) -> #REF! | W11: =VLOOKUP($B11,'4'!$A$6:$AK$24,COLUMN('4'!AS$1),0) -> #REF! | X11: =VLOOKUP($B11,'4'!$A$6:$AK$24,COLUMN('4'!AT$1),0) -> #REF!
B12: 1 | C12: =VLOOKUP($B12,'4'!$A$25:$AK$55,COLUMN('4'!Z$1),0) -> 东宁绿和 | D12: =VLOOKUP(C12,'4'!AL:AM,2,0) -> 牡丹江城区所 | E12: =VLOOKUP($B12,'4'!$A$25:$AK$55,COLUMN('4'!AA$1),0) -> 122 | F12: =VLOOKUP($B12,'4'!$A$25:$AK$55,COLUMN('4'!AB$1),0) -> 310 | G12: =VLOOKUP($B12,'4'!$A$25:$AK$55,COLUMN('4'!AC$1),0) -> 210 | H12: =VLOOKUP($B12,'4'!$A$25:$AK$55,COLUMN('4'!AD$1),0) -> -0.48085106 | I12: =VLOOKUP($B12,'4'!$A$25:$AK$55,COLUMN('4'!AE$1),0) -> -0.015873016 | J12: =VLOOKUP($B12,'4'!$A$25:$AK$55,COLUMN('4'!AF$1),0) -> 0.2962963 | K12: =VLOOKUP($B12,'4'!$A$25:$AK$55,COLUMN('4'!AG$1),0) -> 625 | L12: =VLOOKUP($B12,'4'!$A$25:$AK$55,COLUMN('4'!AH$1),0) -> 200 | ... O12: =VLOOKUP($B12,'4'!$A$25:$AK$55,COLUMN('4'!AK$1),0) -> 1 | P12: =IFERROR(VLOOKUP($C12,Sheet5!$C:$K,COLUMN(Sheet5!D$2)-2,0),"") -> 0.4368932 | Q12: =IFERROR(VLOOKUP($C12,Sheet5!$C:$K,COLUMN(Sheet5!E$2)-2,0),"") -> 0.71631206 | R12: =IFERROR(VLOOKUP($C12,Sheet5!$C:$K,COLUMN(Sheet5!F$2)-2,0),"") -> 0.73660714 | S12: =IFERROR(VLOOKUP($C12,Sheet5!$C:$K,COLUMN(Sheet5!G$2)-2,0),"") -> 1 | T12: =IFERROR(VLOOKUP($C12,Sheet5!$C:$K,COLUMN(Sheet5!H$2)-2,0),"") -> 0.85106383 | U12: =IFERROR(VLOOKUP($C12,Sheet5!$C:$K,COLUMN(Sheet5!I$2)-2,0),"") -> 1 | V12: =VLOOKUP($B12,'4'!$A$6:$AK$24,COLUMN('4'!AR$1),0) -> #REF! | W12: =VLOOKUP($B12,'4'!$A$6:$AK$24,COLUMN('4'!AS$1),0) -> #REF! | X12: =VLOOKUP($B12,'4'!$A$6:$AK$24,COLUMN('4'!AT$1),0) -> #REF!
B13: 2 | C13: =VLOOKUP($B13,'4'!$A$25:$AK$55,COLUMN('4'!Z$1),0) -> 同江晏伊 | D13: =VLOOKUP(C13,'4'!AL:AM,2,0) -> 双鸭山外埠所 | E13: =VLOOKUP($B13,'4'!$A$25:$AK$55,COLUMN('4'!AA$1),0) -> 234 | F13: =VLOOKUP($B13,'4'!$A$25:$AK$55,COLUMN('4'!AB$1),0) -> 165 | G13: =VLOOKUP($B13,'4'!$A$25:$AK$55,COLUMN('4'!AC$1),0) -> 140 | H13: =VLOOKUP($B13,'4'!$A$25:$AK$55,COLUMN('4'!AD$1),0) -> 0.3 | I13: =VLOOKUP($B13,'4'!$A$25:$AK$55,COLUMN('4'!AE$1),0) -> -0.029411765 | J13: =VLOOKUP($B13,'4'!$A$25:$AK$55,COLUMN('4'!AF$1),0) -> -0.14110429 | K13: =VLOOKUP($B13,'4'!$A$25:$AK$55,COLUMN('4'!AG$1),0) -> 433.75 | L13: =VLOOKUP($B13,'4'!$A$25:$AK$55,COLUMN('4'!AH$1),0) -> 200 | ... O13: =VLOOKUP($B13,'4'!$A$25:$AK$55,COLUMN('4'!AK$1),0) -> 1 | P13: =IFERROR(VLOOKUP($C13,Sheet5!$C:$K,COLUMN(Sheet5!D$2)-2,0),"") -> 0.75257732 | Q13: =IFERROR(VLOOKUP($C13,Sheet5!$C:$K,COLUMN(Sheet5!E$2)-2,0),"") -> 0.22222222 | R13: =IFERROR(VLOOKUP($C13,Sheet5!$C:$K,COLUMN(Sheet5!F$2)-2,0),"") -> 0.33484163 | S13: =IFERROR(VLOOKUP($C13,Sheet5!$C:$K,COLUMN(Sheet5!G$2)-2,0),"") -> 0.8 | T13: =IFERROR(VLOOKUP($C13,Sheet5!$C:$K,COLUMN(Sheet5!H$2)-2,0),"") -> 0.46621622 | U13: =IFERROR(VLOOKUP($C13,Sheet5!$C:$K,COLUMN(Sheet5!I$2)-2,0),"") -> 1 | V13: =VLOOKUP($B13,'4'!$A$6:$AK$24,COLUMN('4'!AR$1),0) -> #REF! | W13: =VLOOKUP($B13,'4'!$A$6:$AK$24,COLUMN('4'!AS$1),0) -> #REF! | X13: =VLOOKUP($B13,'4'!$A$6:$AK$24,COLUMN('4'!AT$1),0) -> #REF!
B14: 3 | C14: =VLOOKUP($B14,'4'!$A$25:$AK$55,COLUMN('4'!Z$1),0) -> 鸡西红燕 | D14: =VLOOKUP(C14,'4'!AL:AM,2,0) -> 鸡西城区所 | E14: =VLOOKUP($B14,'4'!$A$25:$AK$55,COLUMN('4'!AA$1),0) -> 285 | F14: =VLOOKUP($B14,'4'!$A$25:$AK$55,COLUMN('4'!AB$1),0) -> 269 | G14: =VLOOKUP($B14,'4'!$A$25:$AK$55,COLUMN('4'!AC$1),0) -> 287 | H14: =VLOOKUP($B14,'4'!$A$25:$AK$55,COLUMN('4'!AD$1),0) -> -0.095238095 | I14: =VLOOKUP($B14,'4'!$A$25:$AK$55,COLUMN('4'!AE$1),0) -> -0.028880866 | J14: =VLOOKUP($B14,'4'!$A$25:$AK$55,COLUMN('4'!AF$1),0) -> -0.45643939 | K14: =VLOOKUP($B14,'4'!$A$25:$AK$55,COLUMN('4'!AG$1),0) -> 358.75 | L14: =VLOOKUP($B14,'4'!$A$25:$AK$55,COLUMN('4'!AH$1),0) -> 225 | ... O14: =VLOOKUP($B14,'4'!$A$25:$AK$55,COLUMN('4'!AK$1),0) -> 1 | P14: =IFERROR(VLOOKUP($C14,Sheet5!$C:$K,COLUMN(Sheet5!D$2)-2,0),"") -> 0.86754967 | Q14: =IFERROR(VLOOKUP($C14,Sheet5!$C:$K,COLUMN(Sheet5!E$2)-2,0),"") -> 0.25757576 | R14: =IFERROR(VLOOKUP($C14,Sheet5!$C:$K,COLUMN(Sheet5!F$2)-2,0),"") -> 0.3002681 | S14: =IFERROR(VLOOKUP($C14,Sheet5!$C:$K,COLUMN(Sheet5!G$2)-2,0),"") -> 0.66666667 | T14: =IFERROR(VLOOKUP($C14,Sheet5!$C:$K,COLUMN(Sheet5!H$2)-2,0),"") -> 0.28735632 | U14: =IFERROR(VLOOKUP($C14,Sheet5!$C:$K,COLUMN(Sheet5!I$2)-2,0),"") -> 0.66666667 | V14: =VLOOKUP($B14,'4'!$A$6:$AK$24,COLUMN('4'!AR$1),0) -> #REF! | W14: =VLOOKUP($B14,'4'!$A$6:$AK$24,COLUMN('4'!AS$1),0) -> #REF! | X14: =VLOOKUP($B14,'4'!$A$6:$AK$24,COLUMN('4'!AT$1),0) -> #REF!
B15: 4 | C15: =VLOOKUP($B15,'4'!$A$25:$AK$55,COLUMN('4'!Z$1),0) -> 绥芬万泽 | D15: =VLOOKUP(C15,'4'!AL:AM,2,0) -> 牡丹江城区所 | E15: =VLOOKUP($B15,'4'!$A$25:$AK$55,COLUMN('4'!AA$1),0) -> 272 | F15: =VLOOKUP($B15,'4'!$A$25:$AK$55,COLUMN('4'!AB$1),0) -> 245 | G15: =VLOOKUP($B15,'4'!$A$25:$AK$55,COLUMN('4'!AC$1),0) -> 100 | H15: =VLOOKUP($B15,'4'!$A$25:$AK$55,COLUMN('4'!AD$1),0) -> -0.062068966 | I15: =VLOOKUP($B15,'4'!$A$25:$AK$55,COLUMN('4'!AE$1),0) -> -0.023904382 | J15: =VLOOKUP($B15,'4'!$A$25:$AK$55,COLUMN('4'!AF$1),0) -> -0.34640523 | K15: =VLOOKUP($B15,'4'!$A$25:$AK$55,COLUMN('4'!AG$1),0) -> 313.75 | L15: =VLOOKUP($B15,'4'!$A$25:$AK$55,COLUMN('4'!AH$1),0) -> 200 | ... O15: =VLOOKUP($B15,'4'!$A$25:$AK$55,COLUMN('4'!AK$1),0) -> 1 | P15: =IFERROR(VLOOKUP($C15,Sheet5!$C:$K,COLUMN(Sheet5!D$2)-2,0),"") -> 0.75 | Q15: =IFERROR(VLOOKUP($C15,Sheet5!$C:$K,COLUMN(Sheet5!E$2)-2,0),"") -> 0.60792952 | R15: =IFERROR(VLOOKUP($C15,Sheet5!$C:$K,COLUMN(Sheet5!F$2)-2,0),"") -> 0.62592593 | S15: =IFERROR(VLOOKUP($C15,Sheet5!$C:$K,COLUMN(Sheet5!G$2)-2,0),"") -> 1 | T15: =IFERROR(VLOOKUP($C15,Sheet5!$C:$K,COLUMN(Sheet5!H$2)-2,0),"") -> 0.59030837 | U15: =IFERROR(VLOOKUP($C15,Sheet5!$C:$K,COLUMN(Sheet5!I$2)-2,0),"") -> 0.75 | V15: =VLOOKUP($B15,'4'!$A$6:$AK$24,COLUMN('4'!AR$1),0) -> #REF! | W15: =VLOOKUP($B15,'4'!$A$6:$AK$24,COLUMN('4'!AS$1),0) -> #REF! | X15: =VLOOKUP($B15,'4'!$A$6:$AK$24,COLUMN('4'!AT$1),0) -> #REF!
B16: 5 | C16: =VLOOKUP($B16,'4'!$A$25:$AK$55,COLUMN('4'!Z$1),0) -> 穆棱国旺 | D16: =VLOOKUP(C16,'4'!AL:AM,2,0) -> 七台河外埠所 | E16: =VLOOKUP($B16,'4'!$A$25:$AK$55,COLUMN('4'!AA$1),0) -> 255 | F16: =VLOOKUP($B16,'4'!$A$25:$AK$55,COLUMN('4'!AB$1),0) -> 240 | G16: =VLOOKUP($B16,'4'!$A$25:$AK$55,COLUMN('4'!AC$1),0) -> 180 | H16: =VLOOKUP($B16,'4'!$A$25:$AK$55,COLUMN('4'!AD$1),0) -> -0.095744681 | I16: =VLOOKUP($B16,'4'!$A$25:$AK$55,COLUMN('4'!AE$1),0) -> -0.020408163 | J16: =VLOOKUP($B16,'4'!$A$25:$AK$55,COLUMN('4'!AF$1),0) -> 0.5 | K16: =VLOOKUP($B16,'4'!$A$25:$AK$55,COLUMN('4'!AG$1),0) -> 302.5 | L16: =VLOOKUP($B16,'4'!$A$25:$AK$55,COLUMN('4'!AH$1),0) -> 200 | ... O16: =VLOOKUP($B16,'4'!$A$25:$AK$55,COLUMN('4'!AK$1),0) -> 1 | P16: =IFERROR(VLOOKUP($C16,Sheet5!$C:$K,COLUMN(Sheet5!D$2)-2,0),"") -> 0.46666667 | Q16: =IFERROR(VLOOKUP($C16,Sheet5!$C:$K,COLUMN(Sheet5!E$2)-2,0),"") -> 0.33870968 | R16: =IFERROR(VLOOKUP($C16,Sheet5!$C:$K,COLUMN(Sheet5!F$2)-2,0),"") -> 0.33189655 | S16: =IFERROR(VLOOKUP($C16,Sheet5!$C:$K,COLUMN(Sheet5!G$2)-2,0),"") -> 0.63636364 | T16: =IFERROR(VLOOKUP($C16,Sheet5!$C:$K,COLUMN(Sheet5!H$2)-2,0),"") -> 0.3902439 | U16: =IFERROR(VLOOKUP($C16,Sheet5!$C:$K,COLUMN(Sheet5!I$2)-2,0),"") -> 0.27272727 | V16: =VLOOKUP($B16,'4'!$A$6:$AK$24,COLUMN('4'!AR$1),0) -> #REF! | W16: =VLOOKUP($B16,'4'!$A$6:$AK$24,COLUMN('4'!AS$1),0) -> #REF! | X16: =VLOOKUP($B16,'4'!$A$6:$AK$24,COLUMN('4'!AT$1),0) -> #REF!
B17: 6 | C17: =VLOOKUP($B17,'4'!$A$25:$AK$55,COLUMN('4'!Z$1),0) -> 牡市辉煌 | D17: =VLOOKUP(C17,'4'!AL:AM,2,0) -> 牡丹江城区所 | E17: =VLOOKUP($B17,'4'!$A$25:$AK$55,COLUMN('4'!AA$1),0) -> 570 | F17: =VLOOKUP($B17,'4'!$A$25:$AK$55,COLUMN('4'!AB$1),0) -> 560 | G17: =VLOOKUP($B17,'4'!$A$25:$AK$55,COLUMN('4'!AC$1),0) -> 817 | H17: =VLOOKUP($B17,'4'!$A$25:$AK$55,COLUMN('4'!AD$1),0) -> 0.64739884 | I17: =VLOOKUP($B17,'4'!$A$25:$AK$55,COLUMN('4'!AE$1),0) -> 0.53846154 | J17: =VLOOKUP($B17,'4'!$A$25:$AK$55,COLUMN('4'!AF$1),0) -> 0.12379642 | K17: =VLOOKUP($B17,'4'!$A$25:$AK$55,COLUMN('4'!AG$1),0) -> 721.25 | L17: =VLOOKUP($B17,'4'!$A$25:$AK$55,COLUMN('4'!AH$1),0) -> 500 | ... O17: =VLOOKUP($B17,'4'!$A$25:$AK$55,COLUMN('4'!AK$1),0) -> 1 | P17: =IFERROR(VLOOKUP($C17,Sheet5!$C:$K,COLUMN(Sheet5!D$2)-2,0),"") -> 0.95416667 | Q17: =IFERROR(VLOOKUP($C17,Sheet5!$C:$K,COLUMN(Sheet5!E$2)-2,0),"") -> 0.59859155 | R17: =IFERROR(VLOOKUP($C17,Sheet5!$C:$K,COLUMN(Sheet5!F$2)-2,0),"") -> 0.59758551 | S17: =IFERROR(VLOOKUP($C17,Sheet5!$C:$K,COLUMN(Sheet5!G$2)-2,0),"") -> 0.73880597 | T17: =IFERROR(VLOOKUP($C17,Sheet5!$C:$K,COLUMN(Sheet5!H$2)-2,0),"") -> 0.64539007 | U17: =IFERROR(VLOOKUP($C17,Sheet5!$C:$K,COLUMN(Sheet5!I$2)-2,0),"") -> 0.6119403 | V17: =VLOOKUP($B17,'4'!$A$6:$AK$24,COLUMN('4'!AR$1),0) -> #REF! | W17: =VLOOKUP($B17,'4'!$A$6:$AK$24,COLUMN('4'!AS$1),0) -> #REF! | X17: =VLOOKUP($B17,'4'!$A$6:$AK$24,COLUMN('4'!AT$1),0) -> #REF!
B18: 7 | C18: =VLOOKUP($B18,'4'!$A$25:$AK$55,COLUMN('4'!Z$1),0) -> 宝清远大 | D18: =VLOOKUP(C18,'4'!AL:AM,2,0) -> 双鸭山外埠所 | E18: =VLOOKUP($B18,'4'!$A$25:$AK$55,COLUMN('4'!AA$1),0) -> 218 | F18: =VLOOKUP($B18,'4'!$A$25:$AK$55,COLUMN('4'!AB$1),0) -> 463 | G18: =VLOOKUP($B18,'4'!$A$25:$AK$55,COLUMN('4'!AC$1),0) -> 400 | H18: =VLOOKUP($B18,'4'!$A$25:$AK$55,COLUMN('4'!AD$1),0) -> -0.35882353 | I18: =VLOOKUP($B18,'4'!$A$25:$AK$55,COLUMN('4'!AE$1),0) -> -0.010683761 | J18: =VLOOKUP($B18,'4'!$A$25:$AK$55,COLUMN('4'!AF$1),0) -> -0.15254237 | K18: =VLOOKUP($B18,'4'!$A$25:$AK$55,COLUMN('4'!AG$1),0) -> 561.25 | L18: =VLOOKUP($B18,'4'!$A$25:$AK$55,COLUMN('4'!AH$1),0) -> 400 | ... O18: =VLOOKUP($B18,'4'!$A$25:$AK$55,COLUMN('4'!AK$1),0) -> 1 | P18: =IFERROR(VLOOKUP($C18,Sheet5!$C:$K,COLUMN(Sheet5!D$2)-2,0),"") -> 0.58918919 | Q18: =IFERROR(VLOOKUP($C18,Sheet5!$C:$K,COLUMN(Sheet5!E$2)-2,0),"") -> 0.41218638 | R18: =IFERROR(VLOOKUP($C18,Sheet5!$C:$K,COLUMN(Sheet5!F$2)-2,0),"") -> 0.3878327 | S18: =IFERROR(VLOOKUP($C18,Sheet5!$C:$K,COLUMN(Sheet5!G$2)-2,0),"") -> 0.9 | T18: =IFERROR(VLOOKUP($C18,Sheet5!$C:$K,COLUMN(Sheet5!H$2)-2,0),"") -> 0.48375451 | U18: =IFERROR(VLOOKUP($C18,Sheet5!$C:$K,COLUMN(Sheet5!I$2)-2,0),"") -> 0.8 | V18: =VLOOKUP($B18,'4'!$A$6:$AK$24,COLUMN('4'!AR$1),0) -> #REF! | W18: =VLOOKUP($B18,'4'!$A$6:$AK$24,COLUMN('4'!AS$1),0) -> #REF! | X18: =VLOOKUP($B18,'4'!$A$6:$AK$24,COLUMN('4'!AT$1),0) -> #REF!
B19: 8 | C19: =VLOOKUP($B19,'4'!$A$25:$AK$55,COLUMN('4'!Z$1),0) -> 双鸭山旺通 | D19: =VLOOKUP(C19,'4'!AL:AM,2,0) -> 双鸭山城区所 | E19: =VLOOKUP($B19,'4'!$A$25:$AK$55,COLUMN('4'!AA$1),0) -> 182 | F19: =VLOOKUP($B19,'4'!$A$25:$AK$55,COLUMN('4'!AB$1),0) -> 190 | G19: =VLOOKUP($B19,'4'!$A$25:$AK$55,COLUMN('4'!AC$1),0) -> 50 | H19: =VLOOKUP($B19,'4'!$A$25:$AK$55,COLUMN('4'!AD$1),0) -> -0.094527363 | I19: =VLOOKUP($B19,'4'!$A$25:$AK$55,COLUMN('4'!AE$1),0) -> -0.015544041 | J19: =VLOOKUP($B19,'4'!$A$25:$AK$55,COLUMN('4'!AF$1),0) -> -0.74747475 | K19: =VLOOKUP($B19,'4'!$A$25:$AK$55,COLUMN('4'!AG$1),0) -> 342.5 | L19: =VLOOKUP($B19,'4'!$A$25:$AK$55,COLUMN('4'!AH$1),0) -> 250 | ... O19: =VLOOKUP($B19,'4'!$A$25:$AK$55,COLUMN('4'!AK$1),0) -> 1 | P19: =IFERROR(VLOOKUP($C19,Sheet5!$C:$K,COLUMN(Sheet5!D$2)-2,0),"") -> 0.89922481 | Q19: =IFERROR(VLOOKUP($C19,Sheet5!$C:$K,COLUMN(Sheet5!E$2)-2,0),"") -> 0.18888889 | R19: =IFERROR(VLOOKUP($C19,Sheet5!$C:$K,COLUMN(Sheet5!F$2)-2,0),"") -> 0.2455516 | S19: =IFERROR(VLOOKUP($C19,Sheet5!$C:$K,COLUMN(Sheet5!G$2)-2,0),"") -> 0.31818182 | T19: =IFERROR(VLOOKUP($C19,Sheet5!$C:$K,COLUMN(Sheet5!H$2)-2,0),"") -> 0.24581006 | U19: =IFERROR(VLOOKUP($C19,Sheet5!$C:$K,COLUMN(Sheet5!I$2)-2,0),"") -> 0.20930233 | V19: =VLOOKUP($B19,'4'!$A$6:$AK$24,COLUMN('4'!AR$1),0) -> #REF! | W19: =VLOOKUP($B19,'4'!$A$6:$AK$24,COLUMN('4'!AS$1),0) -> #REF! | X19: =VLOOKUP($B19,'4'!$A$6:$AK$24,COLUMN('4'!AT$1),0) -> #REF!
B20: 9 | C20: =VLOOKUP($B20,'4'!$A$25:$AK$55,COLUMN('4'!Z$1),0) -> 林口汇翔 | D20: =VLOOKUP(C20,'4'!AL:AM,2,0) -> 七台河外埠所 | E20: =VLOOKUP($B20,'4'!$A$25:$AK$55,COLUMN('4'!AA$1),0) -> 260 | F20: =VLOOKUP($B20,'4'!$A$25:$AK$55,COLUMN('4'!AB$1),0) -> 390 | G20: =VLOOKUP($B20,'4'!$A$25:$AK$55,COLUMN('4'!AC$1),0) -> 400 | H20: =VLOOKUP($B20,'4'!$A$25:$AK$55,COLUMN('4'!AD$1),0) -> -0.20489297 | I20: =VLOOKUP($B20,'4'!$A$25:$AK$55,COLUMN('4'!AE$1),0) -> -0.020100503 | J20: =VLOOKUP($B20,'4'!$A$25:$AK$55,COLUMN('4'!AF$1),0) -> 0.42348754 | K20: =VLOOKUP($B20,'4'!$A$25:$AK$55,COLUMN('4'!AG$1),0) -> 400 | L20: =VLOOKUP($B20,'4'!$A$25:$AK$55,COLUMN('4'!AH$1),0) -> 295 | ... O20: =VLOOKUP($B20,'4'!$A$25:$AK$55,COLUMN('4'!AK$1),0) -> 1 | P20: =IFERROR(VLOOKUP($C20,Sheet5!$C:$K,COLUMN(Sheet5!D$2)-2,0),"") -> 0.67889908 | Q20: =IFERROR(VLOOKUP($C20,Sheet5!$C:$K,COLUMN(Sheet5!E$2)-2,0),"") -> 0.37967914 | R20: =IFERROR(VLOOKUP($C20,Sheet5!$C:$K,COLUMN(Sheet5!F$2)-2,0),"") -> 0.47328244 | S20: =IFERROR(VLOOKUP($C20,Sheet5!$C:$K,COLUMN(Sheet5!G$2)-2,0),"") -> 0.66666667 | T20: =IFERROR(VLOOKUP($C20,Sheet5!$C:$K,COLUMN(Sheet5!H$2)-2,0),"") -> 0.41489362 | U20: =IFERROR(VLOOKUP($C20,Sheet5!$C:$K,COLUMN(Sheet5!I$2)-2,0),"") -> 0.8 | V20: =VLOOKUP($B20,'4'!$A$6:$AK$24,COLUMN('4'!AR$1),0) -> #REF! | W20: =VLOOKUP($B20,'4'!$A$6:$AK$24,COLUMN('4'!AS$1),0) -> #REF! | X20: =VLOOKUP($B20,'4'!$A$6:$AK$24,COLUMN('4'!AT$1),0) -> #REF!
B21: 10 | C21: =VLOOKUP($B21,'4'!$A$25:$AK$55,COLUMN('4'!Z$1),0) -> 桦南方华 | D21: =VLOOKUP(C21,'4'!AL:AM,2,0) -> 七台河外埠所 | E21: =VLOOKUP($B21,'4'!$A$25:$AK$55,COLUMN('4'!AA$1),0) -> 175 | F21: =VLOOKUP($B21,'4'!$A$25:$AK$55,COLUMN('4'!AB$1),0) -> 280 | G21: =VLOOKUP($B21,'4'!$A$25:$AK$55,COLUMN('4'!AC$1),0) -> 212 | H21: =VLOOKUP($B21,'4'!$A$25:$AK$55,COLUMN('4'!AD$1),0) -> -0.093264249 | I21: =VLOOKUP($B21,'4'!$A$25:$AK$55,COLUMN('4'!AE$1),0) -> -0.01754386 | J21: =VLOOKUP($B21,'4'!$A$25:$AK$55,COLUMN('4'!AF$1),0) -> 0.06 | K21: =VLOOKUP($B21,'4'!$A$25:$AK$55,COLUMN('4'!AG$1),0) -> 270 | L21: =VLOOKUP($B21,'4'!$A$25:$AK$55,COLUMN('4'!AH$1),0) -> 205 | ... O21: =VLOOKUP($B21,'4'!$A$25:$AK$55,COLUMN('4'!AK$1),0) -> 1 | P21: =IFERROR(VLOOKUP($C21,Sheet5!$C:$K,COLUMN(Sheet5!D$2)-2,0),"") -> 0.816 | Q21: =IFERROR(VLOOKUP($C21,Sheet5!$C:$K,COLUMN(Sheet5!E$2)-2,0),"") -> 0.27536232 | R21: =IFERROR(VLOOKUP($C21,Sheet5!$C:$K,COLUMN(Sheet5!F$2)-2,0),"") -> 0.28571429 | S21: =IFERROR(VLOOKUP($C21,Sheet5!$C:$K,COLUMN(Sheet5!G$2)-2,0),"") -> 0.63157895 | T21: =IFERROR(VLOOKUP($C21,Sheet5!$C:$K,COLUMN(Sheet5!H$2)-2,0),"") -> 0.3540146 | U21: =IFERROR(VLOOKUP($C21,Sheet5!$C:$K,COLUMN(Sheet5!I$2)-2,0),"") -> 0.52631579 | V21: =VLOOKUP($B21,'4'!$A$6:$AK$24,COLUMN('4'!AR$1),0) -> #REF! | W21: =VLOOKUP($B21,'4'!$A$6:$AK$24,COLUMN('4'!AS$1),0) -> #REF! | X21: =VLOOKUP($B21,'4'!$A$6:$AK$24,COLUMN('4'!AT$1),0) -> #REF!
B22: 11 | C22: =VLOOKUP($B22,'4'!$A$25:$AK$55,COLUMN('4'!Z$1),0) -> 绥滨德枫 | D22: =VLOOKUP(C22,'4'!AL:AM,2,0) -> 双鸭山外埠所 | E22: =VLOOKUP($B22,'4'!$A$25:$AK$55,COLUMN('4'!AA$1),0) -> 165 | F22: =VLOOKUP($B22,'4'!$A$25:$AK$55,COLUMN('4'!AB$1),0) -> 312 | G22: =VLOOKUP($B22,'4'!$A$25:$AK$55,COLUMN('4'!AC$1),0) -> 232 | H22: =VLOOKUP($B22,'4'!$A$25:$AK$55,COLUMN('4'!AD$1),0) -> 0.14583333 | I22: =VLOOKUP($B22,'4'!$A$25:$AK$55,COLUMN('4'!AE$1),0) -> -0.25714286 | J22: =VLOOKUP($B22,'4'!$A$25:$AK$55,COLUMN('4'!AF$1),0) -> 0.23404255 | K22: =VLOOKUP($B22,'4'!$A$25:$AK$55,COLUMN('4'!AG$1),0) -> 282.5 | L22: =VLOOKUP($B22,'4'!$A$25:$AK$55,COLUMN('4'!AH$1),0) -> 226 | ... O22: =VLOOKUP($B22,'4'!$A$25:$AK$55,COLUMN('4'!AK$1),0) -> 1 | P22: =IFERROR(VLOOKUP($C22,Sheet5!$C:$K,COLUMN(Sheet5!D$2)-2,0),"") -> 0.78494624 | Q22: =IFERROR(VLOOKUP($C22,Sheet5!$C:$K,COLUMN(Sheet5!E$2)-2,0),"") -> 0.44755245 | R22: =IFERROR(VLOOKUP($C22,Sheet5!$C:$K,COLUMN(Sheet5!F$2)-2,0),"") -> 0.44565217 | S22: =IFERROR(VLOOKUP($C22,Sheet5!$C:$K,COLUMN(Sheet5!G$2)-2,0),"") -> 0.88888889 | T22: =IFERROR(VLOOKUP($C22,Sheet5!$C:$K,COLUMN(Sheet5!H$2)-2,0),"") -> 0.51748252 | U22: =IFERROR(VLOOKUP($C22,Sheet5!$C:$K,COLUMN(Sheet5!I$2)-2,0),"") -> 0.88888889 | V22: =VLOOKUP($B22,'4'!$A$6:$AK$24,COLUMN('4'!AR$1),0) -> #REF! | W22: =VLOOKUP($B22,'4'!$A$6:$AK$24,COLUMN('4'!AS$1),0) -> #REF! | X22: =VLOOKUP($B22,'4'!$A$6:$AK$24,COLUMN('4'!AT$1),0) -> #REF!
B23: 12 | C23: =VLOOKUP($B23,'4'!$A$25:$AK$55,COLUMN('4'!Z$1),0) -> 海林黑土 | D23: =VLOOKUP(C23,'4'!AL:AM,2,0) -> 牡丹江城区所 | E23: =VLOOKUP($B23,'4'!$A$25:$AK$55,COLUMN('4'!AA$1),0) -> 122 | F23: =VLOOKUP($B23,'4'!$A$25:$AK$55,COLUMN('4'!AB$1),0) -> 195 | G23: =VLOOKUP($B23,'4'!$A$25:$AK$55,COLUMN('4'!AC$1),0) -> 205 | H23: =VLOOKUP($B23,'4'!$A$25:$AK$55,COLUMN('4'!AD$1),0) -> -0.096296296 | I23: =VLOOKUP($B23,'4'!$A$25:$AK$55,COLUMN('4'!AE$1),0) -> -0.025 | J23: =VLOOKUP($B23,'4'!$A$25:$AK$55,COLUMN('4'!AF$1),0) -> 0.23493976 | K23: =VLOOKUP($B23,'4'!$A$25:$AK$55,COLUMN('4'!AG$1),0) -> 242.5 | L23: =VLOOKUP($B23,'4'!$A$25:$AK$55,COLUMN('4'!AH$1),0) -> 204 | ... O23: =VLOOKUP($B23,'4'!$A$25:$AK$55,COLUMN('4'!AK$1),0) -> 1 | P23: =IFERROR(VLOOKUP($C23,Sheet5!$C:$K,COLUMN(Sheet5!D$2)-2,0),"") -> 0.9826087 | Q23: =IFERROR(VLOOKUP($C23,Sheet5!$C:$K,COLUMN(Sheet5!E$2)-2,0),"") -> 0.69230769 | R23: =IFERROR(VLOOKUP($C23,Sheet5!$C:$K,COLUMN(Sheet5!F$2)-2,0),"") -> 0.94788274 | S23: =IFERROR(VLOOKUP($C23,Sheet5!$C:$K,COLUMN(Sheet5!G$2)-2,0),"") -> 1 | T23: =IFERROR(VLOOKUP($C23,Sheet5!$C:$K,COLUMN(Sheet5!H$2)-2,0),"") -> 0.96153846 | U23: =IFERROR(VLOOKUP($C23,Sheet5!$C:$K,COLUMN(Sheet5!I$2)-2,0),"") -> 0.90909091 | V23: =VLOOKUP($B23,'4'!$A$6:$AK$24,COLUMN('4'!AR$1),0) -> #REF! | W23: =VLOOKUP($B23,'4'!$A$6:$AK$24,COLUMN('4'!AS$1),0) -> #REF! | X23: =VLOOKUP($B23,'4'!$A$6:$AK$24,COLUMN('4'!AT$1),0) -> #REF!
B24: 13 | C24: =VLOOKUP($B24,'4'!$A$25:$AK$55,COLUMN('4'!Z$1),0) -> 抚远天添 | D24: =VLOOKUP(C24,'4'!AL:AM,2,0) -> 双鸭山外埠所 | E24: =VLOOKUP($B24,'4'!$A$25:$AK$55,COLUMN('4'!AA$1),0) -> 166 | F24: =VLOOKUP($B24,'4'!$A$25:$AK$55,COLUMN('4'!AB$1),0) -> 210 | G24: =VLOOKUP($B24,'4'!$A$25:$AK$55,COLUMN('4'!AC$1),0) -> 149 | H24: =VLOOKUP($B24,'4'!$A$25:$AK$55,COLUMN('4'!AD$1),0) -> -0.097826087 | I24: =VLOOKUP($B24,'4'!$A$25:$AK$55,COLUMN('4'!AE$1),0) -> 0 | J24: =VLOOKUP($B24,'4'!$A$25:$AK$55,COLUMN('4'!AF$1),0) -> 0.056737589 | K24: =VLOOKUP($B24,'4'!$A$25:$AK$55,COLUMN('4'!AG$1),0) -> 227.5 | L24: =VLOOKUP($B24,'4'!$A$25:$AK$55,COLUMN('4'!AH$1),0) -> 200 | ... O24: =VLOOKUP($B24,'4'!$A$25:$AK$55,COLUMN('4'!AK$1),0) -> 1 | P24: =IFERROR(VLOOKUP($C24,Sheet5!$C:$K,COLUMN(Sheet5!D$2)-2,0),"") -> 0.73134328 | Q24: =IFERROR(VLOOKUP($C24,Sheet5!$C:$K,COLUMN(Sheet5!E$2)-2,0),"") -> 0.15833333 | R24: =IFERROR(VLOOKUP($C24,Sheet5!$C:$K,COLUMN(Sheet5!F$2)-2,0),"") -> 0.21666667 | S24: =IFERROR(VLOOKUP($C24,Sheet5!$C:$K,COLUMN(Sheet5!G$2)-2,0),"") -> 0.8 | T24: =IFERROR(VLOOKUP($C24,Sheet5!$C:$K,COLUMN(Sheet5!H$2)-2,0),"") -> 0.41666667 | U24: =IFERROR(VLOOKUP($C24,Sheet5!$C:$K,COLUMN(Sheet5!I$2)-2,0),"") -> 0.8 | V24: =VLOOKUP($B24,'4'!$A$6:$AK$24,COLUMN('4'!AR$1),0) -> #REF! | W24: =VLOOKUP($B24,'4'!$A$6:$AK$24,COLUMN('4'!AS$1),0) -> #REF! | X24: =VLOOKUP($B24,'4'!$A$6:$AK$24,COLUMN('4'!AT$1),0) -> #REF!
B25: 14 | C25: =VLOOKUP($B25,'4'!$A$25:$AK$55,COLUMN('4'!Z$1),0) -> 七台顺阳 | D25: =VLOOKUP(C25,'4'!AL:AM,2,0) -> 七台河外埠所 | E25: =VLOOKUP($B25,'4'!$A$25:$AK$55,COLUMN('4'!AA$1),0) -> 552 | F25: =VLOOKUP($B25,'4'!$A$25:$AK$55,COLUMN('4'!AB$1),0) -> 650 | G25: =VLOOKUP($B25,'4'!$A$25:$AK$55,COLUMN('4'!AC$1),0) -> 280 | H25: =VLOOKUP($B25,'4'!$A$25:$AK$55,COLUMN('4'!AD$1),0) -> -0.095081967 | I25: =VLOOKUP($B25,'4'!$A$25:$AK$55,COLUMN('4'!AE$1),0) -> -0.015151515 | J25: =VLOOKUP($B25,'4'!$A$25:$AK$55,COLUMN('4'!AF$1),0) -> -0.36218679 | K25: =VLOOKUP($B25,'4'!$A$25:$AK$55,COLUMN('4'!AG$1),0) -> 1096.25 | L25: =VLOOKUP($B25,'4'!$A$25:$AK$55,COLUMN('4'!AH$1),0) -> 1000 | ... O25: =VLOOKUP($B25,'4'!$A$25:$AK$55,COLUMN('4'!AK$1),0) -> 1 | P25: =IFERROR(VLOOKUP($C25,Sheet5!$C:$K,COLUMN(Sheet5!D$2)-2,0),"") -> 0.36764706 | Q25: =IFERROR(VLOOKUP($C25,Sheet5!$C:$K,COLUMN(Sheet5!E$2)-2,0),"") -> 0.24886878 | R25: =IFERROR(VLOOKUP($C25,Sheet5!$C:$K,COLUMN(Sheet5!F$2)-2,0),"") -> 0.29663609 | S25: =IFERROR(VLOOKUP($C25,Sheet5!$C:$K,COLUMN(Sheet5!G$2)-2,0),"") -> 0.62162162 | T25: =IFERROR(VLOOKUP($C25,Sheet5!$C:$K,COLUMN(Sheet5!H$2)-2,0),"") -> 0.25348837 | U25: =IFERROR(VLOOKUP($C25,Sheet5!$C:$K,COLUMN(Sheet5!I$2)-2,0),"") -> 0.45945946
B26: 15 | C26: =VLOOKUP($B26,'4'!$A$25:$AK$55,COLUMN('4'!Z$1),0) -> 依兰仁广 | D26: =VLOOKUP(C26,'4'!AL:AM,2,0) -> 七台河外埠所 | E26: =VLOOKUP($B26,'4'!$A$25:$AK$55,COLUMN('4'!AA$1),0) -> 140 | F26: =VLOOKUP($B26,'4'!$A$25:$AK$55,COLUMN('4'!AB$1),0) -> 292 | G26: =VLOOKUP($B26,'4'!$A$25:$AK$55,COLUMN('4'!AC$1),0) -> 77 | H26: =VLOOKUP($B26,'4'!$A$25:$AK$55,COLUMN('4'!AD$1),0) -> -0.14634146 | I26: =VLOOKUP($B26,'4'!$A$25:$AK$55,COLUMN('4'!AE$1),0) -> -0.026666667 | J26: =VLOOKUP($B26,'4'!$A$25:$AK$55,COLUMN('4'!AF$1),0) -> -0.51875 | K26: =VLOOKUP($B26,'4'!$A$25:$AK$55,COLUMN('4'!AG$1),0) -> 212.5 | L26: =VLOOKUP($B26,'4'!$A$25:$AK$55,COLUMN('4'!AH$1),0) -> 200 | ... O26: =VLOOKUP($B26,'4'!$A$25:$AK$55,COLUMN('4'!AK$1),0) -> 1 | P26: =IFERROR(VLOOKUP($C26,Sheet5!$C:$K,COLUMN(Sheet5!D$2)-2,0),"") -> 1 | Q26: =IFERROR(VLOOKUP($C26,Sheet5!$C:$K,COLUMN(Sheet5!E$2)-2,0),"") -> 0.16296296 | R26: =IFERROR(VLOOKUP($C26,Sheet5!$C:$K,COLUMN(Sheet5!F$2)-2,0),"") -> 0.13703704 | S26: =IFERROR(VLOOKUP($C26,Sheet5!$C:$K,COLUMN(Sheet5!G$2)-2,0),"") -> 0.35 | T26: =IFERROR(VLOOKUP($C26,Sheet5!$C:$K,COLUMN(Sheet5!H$2)-2,0),"") -> 0.16296296 | U26: =IFERROR(VLOOKUP($C26,Sheet5!$C:$K,COLUMN(Sheet5!I$2)-2,0),"") -> 0.2
B27: 16 | C27: =VLOOKUP($B27,'4'!$A$25:$AK$55,COLUMN('4'!Z$1),0) -> 佳市缘百 | D27: =VLOOKUP(C27,'4'!AL:AM,2,0) -> 佳木斯城区所 | E27: =VLOOKUP($B27,'4'!$A$25:$AK$55,COLUMN('4'!AA$1),0) -> 157 | F27: =VLOOKUP($B27,'4'!$A$25:$AK$55,COLUMN('4'!AB$1),0) -> 330 | G27: =VLOOKUP($B27,'4'!$A$25:$AK$55,COLUMN('4'!AC$1),0) -> 160 | H27: =VLOOKUP($B27,'4'!$A$25:$AK$55,COLUMN('4'!AD$1),0) -> -0.11299435 | I27: =VLOOKUP($B27,'4'!$A$25:$AK$55,COLUMN('4'!AE$1),0) -> -0.24311927 | J27: =VLOOKUP($B27,'4'!$A$25:$AK$55,COLUMN('4'!AF$1),0) -> -0.24528302 | K27: =VLOOKUP($B27,'4'!$A$25:$AK$55,COLUMN('4'!AG$1),0) -> 277.5 | L27: =VLOOKUP($B27,'4'!$A$25:$AK$55,COLUMN('4'!AH$1),0) -> 280 | ... O27: =VLOOKUP($B27,'4'!$A$25:$AK$55,COLUMN('4'!AK$1),0) -> 1 | P27: =IFERROR(VLOOKUP($C27,Sheet5!$C:$K,COLUMN(Sheet5!D$2)-2,0),"") -> 0.5951087 | Q27: =IFERROR(VLOOKUP($C27,Sheet5!$C:$K,COLUMN(Sheet5!E$2)-2,0),"") -> 0.036960986 | R27: =IFERROR(VLOOKUP($C27,Sheet5!$C:$K,COLUMN(Sheet5!F$2)-2,0),"") -> 0.069986541 | S27: =IFERROR(VLOOKUP($C27,Sheet5!$C:$K,COLUMN(Sheet5!G$2)-2,0),"") -> 0.3 | T27: =IFERROR(VLOOKUP($C27,Sheet5!$C:$K,COLUMN(Sheet5!H$2)-2,0),"") -> 0.11530398 | U27: =IFERROR(VLOOKUP($C27,Sheet5!$C:$K,COLUMN(Sheet5!I$2)-2,0),"") -> 0.1025641
B28: 17 | C28: =VLOOKUP($B28,'4'!$A$25:$AK$55,COLUMN('4'!Z$1),0) -> 勃利德顺 | D28: =VLOOKUP(C28,'4'!AL:AM,2,0) -> 七台河外埠所 | E28: =VLOOKUP($B28,'4'!$A$25:$AK$55,COLUMN('4'!AA$1),0) -> 134 | F28: =VLOOKUP($B28,'4'!$A$25:$AK$55,COLUMN('4'!AB$1),0) -> 250 | G28: =VLOOKUP($B28,'4'!$A$25:$AK$55,COLUMN('4'!AC$1),0) -> 100 | H28: =VLOOKUP($B28,'4'!$A$25:$AK$55,COLUMN('4'!AD$1),0) -> -0.035971223 | I28: =VLOOKUP($B28,'4'!$A$25:$AK$55,COLUMN('4'!AE$1),0) -> -0.011857708 | J28: =VLOOKUP($B28,'4'!$A$25:$AK$55,COLUMN('4'!AF$1),0) -> -0.375 | K28: =VLOOKUP($B28,'4'!$A$25:$AK$55,COLUMN('4'!AG$1),0) -> 226.25 | L28: =VLOOKUP($B28,'4'!$A$25:$AK$55,COLUMN('4'!AH$1),0) -> 236 | ... O28: =VLOOKUP($B28,'4'!$A$25:$AK$55,COLUMN('4'!AK$1),0) -> 1 | P28: =IFERROR(VLOOKUP($C28,Sheet5!$C:$K,COLUMN(Sheet5!D$2)-2,0),"") -> 0.82758621 | Q28: =IFERROR(VLOOKUP($C28,Sheet5!$C:$K,COLUMN(Sheet5!E$2)-2,0),"") -> 0.11940299 | R28: =IFERROR(VLOOKUP($C28,Sheet5!$C:$K,COLUMN(Sheet5!F$2)-2,0),"") -> 0.17532468 | S28: =IFERROR(VLOOKUP($C28,Sheet5!$C:$K,COLUMN(Sheet5!G$2)-2,0),"") -> 0.30769231 | T28: =IFERROR(VLOOKUP($C28,Sheet5!$C:$K,COLUMN(Sheet5!H$2)-2,0),"") -> 0.20895522 | U28: =IFERROR(VLOOKUP($C28,Sheet5!$C:$K,COLUMN(Sheet5!I$2)-2,0),"") -> 0.38461538
B29: 18 | C29: =VLOOKUP($B29,'4'!$A$25:$AK$55,COLUMN('4'!Z$1),0) -> 集贤县联济 | D29: =VLOOKUP(C29,'4'!AL:AM,2,0) -> 双鸭山城区所 | E29: =VLOOKUP($B29,'4'!$A$25:$AK$55,COLUMN('4'!AA$1),0) -> 185 | F29: =VLOOKUP($B29,'4'!$A$25:$AK$55,COLUMN('4'!AB$1),0) -> 296 | G29: =VLOOKUP($B29,'4'!$A$25:$AK$55,COLUMN('4'!AC$1),0) -> 161 | H29: =VLOOKUP($B29,'4'!$A$25:$AK$55,COLUMN('4'!AD$1),0) -> -0.097560976 | I29: =VLOOKUP($B29,'4'!$A$25:$AK$55,COLUMN('4'!AE$1),0) -> -0.032679739 | J29: =VLOOKUP($B29,'4'!$A$25:$AK$55,COLUMN('4'!AF$1),0) -> -0.063953488 | K29: =VLOOKUP($B29,'4'!$A$25:$AK$55,COLUMN('4'!AG$1),0) -> 197.5 | L29: =VLOOKUP($B29,'4'!$A$25:$AK$55,COLUMN('4'!AH$1),0) -> 232 | ... O29: =VLOOKUP($B29,'4'!$A$25:$AK$55,COLUMN('4'!AK$1),0) -> 1 | P29: =IFERROR(VLOOKUP($C29,Sheet5!$C:$K,COLUMN(Sheet5!D$2)-2,0),"") -> 0.6686747 | Q29: =IFERROR(VLOOKUP($C29,Sheet5!$C:$K,COLUMN(Sheet5!E$2)-2,0),"") -> 0.11428571 | R29: =IFERROR(VLOOKUP($C29,Sheet5!$C:$K,COLUMN(Sheet5!F$2)-2,0),"") -> 0.20723684 | S29: =IFERROR(VLOOKUP($C29,Sheet5!$C:$K,COLUMN(Sheet5!G$2)-2,0),"") -> 0.43589744 | T29: =IFERROR(VLOOKUP($C29,Sheet5!$C:$K,COLUMN(Sheet5!H$2)-2,0),"") -> 0.3 | U29: =IFERROR(VLOOKUP($C29,Sheet5!$C:$K,COLUMN(Sheet5!I$2)-2,0),"") -> 0.23684211
B30: 19 | C30: =VLOOKUP($B30,'4'!$A$25:$AK$55,COLUMN('4'!Z$1),0) -> 建三江广优 | D30: =VLOOKUP(C30,'4'!AL:AM,2,0) -> 双鸭山外埠所 | E30: =VLOOKUP($B30,'4'!$A$25:$AK$55,COLUMN('4'!AA$1),0) -> 193 | F30: =VLOOKUP($B30,'4'!$A$25:$AK$55,COLUMN('4'!AB$1),0) -> 336 | G30: =VLOOKUP($B30,'4'!$A$25:$AK$55,COLUMN('4'!AC$1),0) -> 179 | H30: =VLOOKUP($B30,'4'!$A$25:$AK$55,COLUMN('4'!AD$1),0) -> -0.093896714 | I30: =VLOOKUP($B30,'4'!$A$25:$AK$55,COLUMN('4'!AE$1),0) -> -0.011764706 | J30: =VLOOKUP($B30,'4'!$A$25:$AK$55,COLUMN('4'!AF$1),0) -> -0.1182266 | K30: =VLOOKUP($B30,'4'!$A$25:$AK$55,COLUMN('4'!AG$1),0) -> 227.5 | L30: =VLOOKUP($B30,'4'!$A$25:$AK$55,COLUMN('4'!AH$1),0) -> 300 | ... O30: =VLOOKUP($B30,'4'!$A$25:$AK$55,COLUMN('4'!AK$1),0) -> 1 | P30: =IFERROR(VLOOKUP($C30,Sheet5!$C:$K,COLUMN(Sheet5!D$2)-2,0),"") -> 0.82113821 | Q30: =IFERROR(VLOOKUP($C30,Sheet5!$C:$K,COLUMN(Sheet5!E$2)-2,0),"") -> 0.11111111 | R30: =IFERROR(VLOOKUP($C30,Sheet5!$C:$K,COLUMN(Sheet5!F$2)-2,0),"") -> 0.19762846 | S30: =IFERROR(VLOOKUP($C30,Sheet5!$C:$K,COLUMN(Sheet5!G$2)-2,0),"") -> 0.78571429 | T30: =IFERROR(VLOOKUP($C30,Sheet5!$C:$K,COLUMN(Sheet5!H$2)-2,0),"") -> 0.21825397 | U30: =IFERROR(VLOOKUP($C30,Sheet5!$C:$K,COLUMN(Sheet5!I$2)-2,0),"") -> 0.28571429
B31: 20 | C31: =VLOOKUP($B31,'4'!$A$25:$AK$55,COLUMN('4'!Z$1),0) -> 萝北金宏旺 | D31: =VLOOKUP(C31,'4'!AL:AM,2,0) -> 双鸭山外埠所 | E31: =VLOOKUP($B31,'4'!$A$25:$AK$55,COLUMN('4'!AA$1),0) -> 196 | F31: =VLOOKUP($B31,'4'!$A$25:$AK$55,COLUMN('4'!AB$1),0) -> 350 | G31: =VLOOKUP($B31,'4'!$A$25:$AK$55,COLUMN('4'!AC$1),0) -> 260 | H31: =VLOOKUP($B31,'4'!$A$25:$AK$55,COLUMN('4'!AD$1),0) -> 0.67521368 | I31: =VLOOKUP($B31,'4'!$A$25:$AK$55,COLUMN('4'!AE$1),0) -> -0.027777778 | J31: =VLOOKUP($B31,'4'!$A$25:$AK$55,COLUMN('4'!AF$1),0) -> 0.083333333 | K31: =VLOOKUP($B31,'4'!$A$25:$AK$55,COLUMN('4'!AG$1),0) -> 241.25 | L31: =VLOOKUP($B31,'4'!$A$25:$AK$55,COLUMN('4'!AH$1),0) -> 350 | ... O31: =VLOOKUP($B31,'4'!$A$25:$AK$55,COLUMN('4'!AK$1),0) -> 1 | P31: =IFERROR(VLOOKUP($C31,Sheet5!$C:$K,COLUMN(Sheet5!D$2)-2,0),"") -> 0.93975904 | Q31: =IFERROR(VLOOKUP($C31,Sheet5!$C:$K,COLUMN(Sheet5!E$2)-2,0),"") -> 0.69784173 | R31: =IFERROR(VLOOKUP($C31,Sheet5!$C:$K,COLUMN(Sheet5!F$2)-2,0),"") -> 0.6684492 | S31: =IFERROR(VLOOKUP($C31,Sheet5!$C:$K,COLUMN(Sheet5!G$2)-2,0),"") -> 0.69230769 | T31: =IFERROR(VLOOKUP($C31,Sheet5!$C:$K,COLUMN(Sheet5!H$2)-2,0),"") -> 0.65467626 | U31: =IFERROR(VLOOKUP($C31,Sheet5!$C:$K,COLUMN(Sheet5!I$2)-2,0),"") -> 0.76923077
B32: 21 | C32: =VLOOKUP($B32,'4'!$A$25:$AK$55,COLUMN('4'!Z$1),0) -> 鸡西杰旭 | D32: =VLOOKUP(C32,'4'!AL:AM,2,0) -> 鸡西城区所 | E32: =VLOOKUP($B32,'4'!$A$25:$AK$55,COLUMN('4'!AA$1),0) -> 150 | F32: =VLOOKUP($B32,'4'!$A$25:$AK$55,COLUMN('4'!AB$1),0) -> 186 | G32: =VLOOKUP($B32,'4'!$A$25:$AK$55,COLUMN('4'!AC$1),0) -> 374 | H32: =VLOOKUP($B32,'4'!$A$25:$AK$55,COLUMN('4'!AD$1),0) -> -0.26829268 | I32: =VLOOKUP($B32,'4'!$A$25:$AK$55,COLUMN('4'!AE$1),0) -> -0.31868132 | J32: =VLOOKUP($B32,'4'!$A$25:$AK$55,COLUMN('4'!AF$1),0) -> 0.81553398 | K32: =VLOOKUP($B32,'4'!$A$25:$AK$55,COLUMN('4'!AG$1),0) -> 298.75 | L32: =VLOOKUP($B32,'4'!$A$25:$AK$55,COLUMN('4'!AH$1),0) -> 436 | ... O32: =VLOOKUP($B32,'4'!$A$25:$AK$55,COLUMN('4'!AK$1),0) -> 1 | P32: =IFERROR(VLOOKUP($C32,Sheet5!$C:$K,COLUMN(Sheet5!D$2)-2,0),"") -> 0.92021277 | Q32: =IFERROR(VLOOKUP($C32,Sheet5!$C:$K,COLUMN(Sheet5!E$2)-2,0),"") -> 0.13880126 | R32: =IFERROR(VLOOKUP($C32,Sheet5!$C:$K,COLUMN(Sheet5!F$2)-2,0),"") -> 0.21247113 | S32: =IFERROR(VLOOKUP($C32,Sheet5!$C:$K,COLUMN(Sheet5!G$2)-2,0),"") -> 0.27586207 | T32: =IFERROR(VLOOKUP($C32,Sheet5!$C:$K,COLUMN(Sheet5!H$2)-2,0),"") -> 0.18987342 | U32: =IFERROR(VLOOKUP($C32,Sheet5!$C:$K,COLUMN(Sheet5!I$2)-2,0),"") -> 0.19298246
B33: 22 | C33: =VLOOKUP($B33,'4'!$A$25:$AK$55,COLUMN('4'!Z$1),0) -> 友谊名庄 | D33: =VLOOKUP(C33,'4'!AL:AM,2,0) -> 七台河外埠所 | E33: =VLOOKUP($B33,'4'!$A$25:$AK$55,COLUMN('4'!AA$1),0) -> 92 | F33: =VLOOKUP($B33,'4'!$A$25:$AK$55,COLUMN('4'!AB$1),0) -> 105 | G33: =VLOOKUP($B33,'4'!$A$25:$AK$55,COLUMN('4'!AC$1),0) -> 85 | H33: =VLOOKUP($B33,'4'!$A$25:$AK$55,COLUMN('4'!AD$1),0) -> -0.098039216 | I33: =VLOOKUP($B33,'4'!$A$25:$AK$55,COLUMN('4'!AE$1),0) -> -0.018691589 | J33: =VLOOKUP($B33,'4'!$A$25:$AK$55,COLUMN('4'!AF$1),0) -> 0.7 | K33: =VLOOKUP($B33,'4'!$A$25:$AK$55,COLUMN('4'!AG$1),0) -> 125 | L33: =VLOOKUP($B33,'4'!$A$25:$AK$55,COLUMN('4'!AH$1),0) -> 202 | ... O33: =VLOOKUP($B33,'4'!$A$25:$AK$55,COLUMN('4'!AK$1),0) -> 1 | P33: =IFERROR(VLOOKUP($C33,Sheet5!$C:$K,COLUMN(Sheet5!D$2)-2,0),"") -> 0.80412371 | Q33: =IFERROR(VLOOKUP($C33,Sheet5!$C:$K,COLUMN(Sheet5!E$2)-2,0),"") -> 0.21008403 | R33: =IFERROR(VLOOKUP($C33,Sheet5!$C:$K,COLUMN(Sheet5!F$2)-2,0),"") -> 0.21076233 | S33: =IFERROR(VLOOKUP($C33,Sheet5!$C:$K,COLUMN(Sheet5!G$2)-2,0),"") -> 0.58333333 | T33: =IFERROR(VLOOKUP($C33,Sheet5!$C:$K,COLUMN(Sheet5!H$2)-2,0),"") -> 0.25217391 | U33: =IFERROR(VLOOKUP($C33,Sheet5!$C:$K,COLUMN(Sheet5!I$2)-2,0),"") -> 0.5
B34: 23 | C34: =VLOOKUP($B34,'4'!$A$25:$AK$55,COLUMN('4'!Z$1),0) -> 富锦金铭 | D34: =VLOOKUP(C34,'4'!AL:AM,2,0) -> 双鸭山外埠所 | E34: =VLOOKUP($B34,'4'!$A$25:$AK$55,COLUMN('4'!AA$1),0) -> 115 | F34: =VLOOKUP($B34,'4'!$A$25:$AK$55,COLUMN('4'!AB$1),0) -> 430 | G34: =VLOOKUP($B34,'4'!$A$25:$AK$55,COLUMN('4'!AC$1),0) -> 287 | H34: =VLOOKUP($B34,'4'!$A$25:$AK$55,COLUMN('4'!AD$1),0) -> -0.44174757 | I34: =VLOOKUP($B34,'4'!$A$25:$AK$55,COLUMN('4'!AE$1),0) -> -0.01826484 | J34: =VLOOKUP($B34,'4'!$A$25:$AK$55,COLUMN('4'!AF$1),0) -> -0.080128205 | K34: =VLOOKUP($B34,'4'!$A$25:$AK$55,COLUMN('4'!AG$1),0) -> 162.5 | L34: =VLOOKUP($B34,'4'!$A$25:$AK$55,COLUMN('4'!AH$1),0) -> 295 | ... O34: =VLOOKUP($B34,'4'!$A$25:$AK$55,COLUMN('4'!AK$1),0) -> 1 | P34: =IFERROR(VLOOKUP($C34,Sheet5!$C:$K,COLUMN(Sheet5!D$2)-2,0),"") -> 0.83783784 | Q34: =IFERROR(VLOOKUP($C34,Sheet5!$C:$K,COLUMN(Sheet5!E$2)-2,0),"") -> 0.26339286 | R34: =IFERROR(VLOOKUP($C34,Sheet5!$C:$K,COLUMN(Sheet5!F$2)-2,0),"") -> 0.21406728 | S34: =IFERROR(VLOOKUP($C34,Sheet5!$C:$K,COLUMN(Sheet5!G$2)-2,0),"") -> 0.73076923 | T34: =IFERROR(VLOOKUP($C34,Sheet5!$C:$K,COLUMN(Sheet5!H$2)-2,0),"") -> 0.35714286 | U34: =IFERROR(VLOOKUP($C34,Sheet5!$C:$K,COLUMN(Sheet5!I$2)-2,0),"") -> 0.42307692
B35: 24 | C35: =VLOOKUP($B35,'4'!$A$25:$AK$55,COLUMN('4'!Z$1),0) -> 汤原县大贵 | D35: =VLOOKUP(C35,'4'!AL:AM,2,0) -> 七台河外埠所 | E35: =VLOOKUP($B35,'4'!$A$25:$AK$55,COLUMN('4'!AA$1),0) -> 100 | F35: =VLOOKUP($B35,'4'!$A$25:$AK$55,COLUMN('4'!AB$1),0) -> 215 | G35: =VLOOKUP($B35,'4'!$A$25:$AK$55,COLUMN('4'!AC$1),0) -> 169 | H35: =VLOOKUP($B35,'4'!$A$25:$AK$55,COLUMN('4'!AD$1),0) -> -0.38271605 | I35: =VLOOKUP($B35,'4'!$A$25:$AK$55,COLUMN('4'!AE$1),0) -> -0.01826484 | J35: =VLOOKUP($B35,'4'!$A$25:$AK$55,COLUMN('4'!AF$1),0) -> 0.05625 | K35: =VLOOKUP($B35,'4'!$A$25:$AK$55,COLUMN('4'!AG$1),0) -> 87.5 | L35: =VLOOKUP($B35,'4'!$A$25:$AK$55,COLUMN('4'!AH$1),0) -> 201 | ... O35: =VLOOKUP($B35,'4'!$A$25:$AK$55,COLUMN('4'!AK$1),0) -> 1 | P35: =IFERROR(VLOOKUP($C35,Sheet5!$C:$K,COLUMN(Sheet5!D$2)-2,0),"") -> 0.095238095 | Q35: =IFERROR(VLOOKUP($C35,Sheet5!$C:$K,COLUMN(Sheet5!E$2)-2,0),"") -> 0.22368421 | R35: =IFERROR(VLOOKUP($C35,Sheet5!$C:$K,COLUMN(Sheet5!F$2)-2,0),"") -> 0.16935484 | S35: =IFERROR(VLOOKUP($C35,Sheet5!$C:$K,COLUMN(Sheet5!G$2)-2,0),"") -> 0.9 | T35: =IFERROR(VLOOKUP($C35,Sheet5!$C:$K,COLUMN(Sheet5!H$2)-2,0),"") -> 0.38157895 | U35: =IFERROR(VLOOKUP($C35,Sheet5!$C:$K,COLUMN(Sheet5!I$2)-2,0),"") -> 0.8
B36: 25 | C36: =VLOOKUP($B36,'4'!$A$25:$AK$55,COLUMN('4'!Z$1),0) -> 虎林蓝锦 | D36: =VLOOKUP(C36,'4'!AL:AM,2,0) -> 双鸭山外埠所 | E36: =VLOOKUP($B36,'4'!$A$25:$AK$55,COLUMN('4'!AA$1),0) -> 0 | F36: =VLOOKUP($B36,'4'!$A$25:$AK$55,COLUMN('4'!AB$1),0) -> 364 | G36: =VLOOKUP($B36,'4'!$A$25:$AK$55,COLUMN('4'!AC$1),0) -> 254 | H36: =VLOOKUP($B36,'4'!$A$25:$AK$55,COLUMN('4'!AD$1),0) -> -1 | I36: =VLOOKUP($B36,'4'!$A$25:$AK$55,COLUMN('4'!AE$1),0) -> 0.35315985 | J36: =VLOOKUP($B36,'4'!$A$25:$AK$55,COLUMN('4'!AF$1),0) -> -0.083032491 | K36: =VLOOKUP($B36,'4'!$A$25:$AK$55,COLUMN('4'!AG$1),0) -> 81.25 | L36: =VLOOKUP($B36,'4'!$A$25:$AK$55,COLUMN('4'!AH$1),0) -> 216 | ... O36: =VLOOKUP($B36,'4'!$A$25:$AK$55,COLUMN('4'!AK$1),0) -> 1 | P36: =IFERROR(VLOOKUP($C36,Sheet5!$C:$K,COLUMN(Sheet5!D$2)-2,0),"") -> 0.29310345 | Q36: =IFERROR(VLOOKUP($C36,Sheet5!$C:$K,COLUMN(Sheet5!E$2)-2,0),"") -> 0.10243902 | R36: =IFERROR(VLOOKUP($C36,Sheet5!$C:$K,COLUMN(Sheet5!F$2)-2,0),"") -> 0.1465798 | S36: =IFERROR(VLOOKUP($C36,Sheet5!$C:$K,COLUMN(Sheet5!G$2)-2,0),"") -> 0.75 | T36: =IFERROR(VLOOKUP($C36,Sheet5!$C:$K,COLUMN(Sheet5!H$2)-2,0),"") -> 0.25980392 | U36: =IFERROR(VLOOKUP($C36,Sheet5!$C:$K,COLUMN(Sheet5!I$2)-2,0),"") -> 0.45
B37: 26 | C37: =VLOOKUP($B37,'4'!$A$25:$AK$55,COLUMN('4'!Z$1),0) -> 鹤岗鸿翊隆 | D37: =VLOOKUP(C37,'4'!AL:AM,2,0) -> 鹤岗城区所 | E37: =VLOOKUP($B37,'4'!$A$25:$AK$55,COLUMN('4'!AA$1),0) -> 150 | F37: =VLOOKUP($B37,'4'!$A$25:$AK$55,COLUMN('4'!AB$1),0) -> 485 | G37: =VLOOKUP($B37,'4'!$A$25:$AK$55,COLUMN('4'!AC$1),0) -> 248 | H37: =VLOOKUP($B37,'4'!$A$25:$AK$55,COLUMN('4'!AD$1),0) -> -0.19786096 | I37: =VLOOKUP($B37,'4'!$A$25:$AK$55,COLUMN('4'!AE$1),0) -> -0.23981191 | J37: =VLOOKUP($B37,'4'!$A$25:$AK$55,COLUMN('4'!AF$1),0) -> -0.18151815 | K37: =VLOOKUP($B37,'4'!$A$25:$AK$55,COLUMN('4'!AG$1),0) -> 151.25 | L37: =VLOOKUP($B37,'4'!$A$25:$AK$55,COLUMN('4'!AH$1),0) -> 449 | ... O37: =VLOOKUP($B37,'4'!$A$25:$AK$55,COLUMN('4'!AK$1),0) -> 1 | P37: =IFERROR(VLOOKUP($C37,Sheet5!$C:$K,COLUMN(Sheet5!D$2)-2,0),"") -> 0.93920973 | Q37: =IFERROR(VLOOKUP($C37,Sheet5!$C:$K,COLUMN(Sheet5!E$2)-2,0),"") -> 0.22869023 | R37: =IFERROR(VLOOKUP($C37,Sheet5!$C:$K,COLUMN(Sheet5!F$2)-2,0),"") -> 0.19572368 | S37: =IFERROR(VLOOKUP($C37,Sheet5!$C:$K,COLUMN(Sheet5!G$2)-2,0),"") -> 0.52542373 | T37: =IFERROR(VLOOKUP($C37,Sheet5!$C:$K,COLUMN(Sheet5!H$2)-2,0),"") -> 0.2033543 | U37: =IFERROR(VLOOKUP($C37,Sheet5!$C:$K,COLUMN(Sheet5!I$2)-2,0),"") -> 0.47457627
B38: 27 | C38: =VLOOKUP($B38,'4'!$A$25:$AK$55,COLUMN('4'!Z$1),0) -> 牡市圣言 | D38: =VLOOKUP(C38,'4'!AL:AM,2,0) -> 牡丹江城区所 | E38: =VLOOKUP($B38,'4'!$A$25:$AK$55,COLUMN('4'!AA$1),0) -> 228 | F38: =VLOOKUP($B38,'4'!$A$25:$AK$55,COLUMN('4'!AB$1),0) -> 238 | G38: =VLOOKUP($B38,'4'!$A$25:$AK$55,COLUMN('4'!AC$1),0) -> 150 | H38: =VLOOKUP($B38,'4'!$A$25:$AK$55,COLUMN('4'!AD$1),0) -> -0.43842365 | I38: =VLOOKUP($B38,'4'!$A$25:$AK$55,COLUMN('4'!AE$1),0) -> -0.58894646 | J38: =VLOOKUP($B38,'4'!$A$25:$AK$55,COLUMN('4'!AF$1),0) -> -0.13793103 | K38: =VLOOKUP($B38,'4'!$A$25:$AK$55,COLUMN('4'!AG$1),0) -> 206.25 | L38: =VLOOKUP($B38,'4'!$A$25:$AK$55,COLUMN('4'!AH$1),0) -> 654 | ... O38: =VLOOKUP($B38,'4'!$A$25:$AK$55,COLUMN('4'!AK$1),0) -> 1 | P38: =IFERROR(VLOOKUP($C38,Sheet5!$C:$K,COLUMN(Sheet5!D$2)-2,0),"") -> 0.76243094 | Q38: =IFERROR(VLOOKUP($C38,Sheet5!$C:$K,COLUMN(Sheet5!E$2)-2,0),"") -> 0.18139535 | R38: =IFERROR(VLOOKUP($C38,Sheet5!$C:$K,COLUMN(Sheet5!F$2)-2,0),"") -> 0.20111732 | S38: =IFERROR(VLOOKUP($C38,Sheet5!$C:$K,COLUMN(Sheet5!G$2)-2,0),"") -> 0.33783784 | T38: =IFERROR(VLOOKUP($C38,Sheet5!$C:$K,COLUMN(Sheet5!H$2)-2,0),"") -> 0.19902913 | U38: =IFERROR(VLOOKUP($C38,Sheet5!$C:$K,COLUMN(Sheet5!I$2)-2,0),"") -> 0.25714286 | V38: 257 | W38: 170.5 | X38: =W38-V38 -> -86.5
B39: 28 | C39: =VLOOKUP($B39,'4'!$A$25:$AK$55,COLUMN('4'!Z$1),0) -> 桦川润盈 | D39: =VLOOKUP(C39,'4'!AL:AM,2,0) -> 七台河外埠所 | E39: =VLOOKUP($B39,'4'!$A$25:$AK$55,COLUMN('4'!AA$1),0) -> 192 | F39: =VLOOKUP($B39,'4'!$A$25:$AK$55,COLUMN('4'!AB$1),0) -> 265 | G39: =VLOOKUP($B39,'4'!$A$25:$AK$55,COLUMN('4'!AC$1),0) -> 169 | H39: =VLOOKUP($B39,'4'!$A$25:$AK$55,COLUMN('4'!AD$1),0) -> 0.2 | I39: =VLOOKUP($B39,'4'!$A$25:$AK$55,COLUMN('4'!AE$1),0) -> -0.025735294 | J39: =VLOOKUP($B39,'4'!$A$25:$AK$55,COLUMN('4'!AF$1),0) -> 0.05625 | K39: =VLOOKUP($B39,'4'!$A$25:$AK$55,COLUMN('4'!AG$1),0) -> 62.5 | L39: =VLOOKUP($B39,'4'!$A$25:$AK$55,COLUMN('4'!AH$1),0) -> 200 | ... O39: =VLOOKUP($B39,'4'!$A$25:$AK$55,COLUMN('4'!AK$1),0) -> 1 | P39: =IFERROR(VLOOKUP($C39,Sheet5!$C:$K,COLUMN(Sheet5!D$2)-2,0),"") -> 0.94308943 | Q39: =IFERROR(VLOOKUP($C39,Sheet5!$C:$K,COLUMN(Sheet5!E$2)-2,0),"") -> 0.097087379 | R39: =IFERROR(VLOOKUP($C39,Sheet5!$C:$K,COLUMN(Sheet5!F$2)-2,0),"") -> 0.11636364 | S39: =IFERROR(VLOOKUP($C39,Sheet5!$C:$K,COLUMN(Sheet5!G$2)-2,0),"") -> 0.38461538 | T39: =IFERROR(VLOOKUP($C39,Sheet5!$C:$K,COLUMN(Sheet5!H$2)-2,0),"") -> 0.2038835 | U39: =IFERROR(VLOOKUP($C39,Sheet5!$C:$K,COLUMN(Sheet5!I$2)-2,0),"") -> 0.23076923 | V39: 484 | W39: 49 | X39: =W39-V39 -> -435
B40: 29 | C40: =VLOOKUP($B40,'4'!$A$25:$AK$55,COLUMN('4'!Z$1),0) -> 密山隆旺 | D40: =VLOOKUP(C40,'4'!AL:AM,2,0) -> 鸡西城区所 | E40: =VLOOKUP($B40,'4'!$A$25:$AK$55,COLUMN('4'!AA$1),0) -> 212 | F40: =VLOOKUP($B40,'4'!$A$25:$AK$55,COLUMN('4'!AB$1),0) -> 350 | G40: =VLOOKUP($B40,'4'!$A$25:$AK$55,COLUMN('4'!AC$1),0) -> 291 | H40: =VLOOKUP($B40,'4'!$A$25:$AK$55,COLUMN('4'!AD$1),0) -> -0.094017094 | I40: =VLOOKUP($B40,'4'!$A$25:$AK$55,COLUMN('4'!AE$1),0) -> -0.027777778 | J40: =VLOOKUP($B40,'4'!$A$25:$AK$55,COLUMN('4'!AF$1),0) -> -0.045901639 | K40: =VLOOKUP($B40,'4'!$A$25:$AK$55,COLUMN('4'!AG$1),0) -> 81.25 | L40: =VLOOKUP($B40,'4'!$A$25:$AK$55,COLUMN('4'!AH$1),0) -> 300 | ... O40: =VLOOKUP($B40,'4'!$A$25:$AK$55,COLUMN('4'!AK$1),0) -> 1 | P40: =IFERROR(VLOOKUP($C40,Sheet5!$C:$K,COLUMN(Sheet5!D$2)-2,0),"") -> 0.8115942 | Q40: =IFERROR(VLOOKUP($C40,Sheet5!$C:$K,COLUMN(Sheet5!E$2)-2,0),"") -> 0.34166667 | R40: =IFERROR(VLOOKUP($C40,Sheet5!$C:$K,COLUMN(Sheet5!F$2)-2,0),"") -> 0.30727763 | S40: =IFERROR(VLOOKUP($C40,Sheet5!$C:$K,COLUMN(Sheet5!G$2)-2,0),"") -> 0.76470588 | T40: =IFERROR(VLOOKUP($C40,Sheet5!$C:$K,COLUMN(Sheet5!H$2)-2,0),"") -> 0.37916667 | U40: =IFERROR(VLOOKUP($C40,Sheet5!$C:$K,COLUMN(Sheet5!I$2)-2,0),"") -> 0.58823529 | V40: 738 | W40: 558 | X40: =W40-V40 -> -180
B41: 30 | C41: =VLOOKUP($B41,'4'!$A$25:$AK$55,COLUMN('4'!Z$1),0) -> 佳木斯宏满佳 | D41: =VLOOKUP(C41,'4'!AL:AM,2,0) -> 佳木斯城区所 | E41: =VLOOKUP($B41,'4'!$A$25:$AK$55,COLUMN('4'!AA$1),0) -> 150 | F41: =VLOOKUP($B41,'4'!$A$25:$AK$55,COLUMN('4'!AB$1),0) -> 313 | G41: =VLOOKUP($B41,'4'!$A$25:$AK$55,COLUMN('4'!AC$1),0) -> 170 | H41: =VLOOKUP($B41,'4'!$A$25:$AK$55,COLUMN('4'!AD$1),0) -> -0.21052632 | I41: =VLOOKUP($B41,'4'!$A$25:$AK$55,COLUMN('4'!AE$1),0) -> 0.27755102 | J41: =VLOOKUP($B41,'4'!$A$25:$AK$55,COLUMN('4'!AF$1),0) -> 0.096774194 | K41: =VLOOKUP($B41,'4'!$A$25:$AK$55,COLUMN('4'!AG$1),0) -> 52.5 | L41: =VLOOKUP($B41,'4'!$A$25:$AK$55,COLUMN('4'!AH$1),0) -> 200 | ... O41: =VLOOKUP($B41,'4'!$A$25:$AK$55,COLUMN('4'!AK$1),0) -> 1 | P41: =IFERROR(VLOOKUP($C41,Sheet5!$C:$K,COLUMN(Sheet5!D$2)-2,0),"") | Q41: =IFERROR(VLOOKUP($C41,Sheet5!$C:$K,COLUMN(Sheet5!E$2)-2,0),"") | R41: =IFERROR(VLOOKUP($C41,Sheet5!$C:$K,COLUMN(Sheet5!F$2)-2,0),"") | S41: =IFERROR(VLOOKUP($C41,Sheet5!$C:$K,COLUMN(Sheet5!G$2)-2,0),"") | T41: =IFERROR(VLOOKUP($C41,Sheet5!$C:$K,COLUMN(Sheet5!H$2)-2,0),"") | U41: =IFERROR(VLOOKUP($C41,Sheet5!$C:$K,COLUMN(Sheet5!I$2)-2,0),"") | V41: 435 | W41: 341 | X41: =W41-V41 -> -94
B42: 31 | C42: =VLOOKUP($B42,'4'!$A$25:$AK$55,COLUMN('4'!Z$1),0) -> 宁安铭达 | D42: =VLOOKUP(C42,'4'!AL:AM,2,0) -> 牡丹江城区所 | E42: =VLOOKUP($B42,'4'!$A$25:$AK$55,COLUMN('4'!AA$1),0) -> 210 | F42: =VLOOKUP($B42,'4'!$A$25:$AK$55,COLUMN('4'!AB$1),0) -> 365 | G42: =VLOOKUP($B42,'4'!$A$25:$AK$55,COLUMN('4'!AC$1),0) -> 190 | H42: =VLOOKUP($B42,'4'!$A$25:$AK$55,COLUMN('4'!AD$1),0) -> -0.094827586 | I42: =VLOOKUP($B42,'4'!$A$25:$AK$55,COLUMN('4'!AE$1),0) -> -0.013513514 | J42: =VLOOKUP($B42,'4'!$A$25:$AK$55,COLUMN('4'!AF$1),0) -> -0.54216867 | K42: =VLOOKUP($B42,'4'!$A$25:$AK$55,COLUMN('4'!AG$1),0) -> 81.25 | L42: =VLOOKUP($B42,'4'!$A$25:$AK$55,COLUMN('4'!AH$1),0) -> 500 | ... O42: =VLOOKUP($B42,'4'!$A$25:$AK$55,COLUMN('4'!AK$1),0) -> 1 | P42: =IFERROR(VLOOKUP($C42,Sheet5!$C:$K,COLUMN(Sheet5!D$2)-2,0),"") -> 0.94405594 | Q42: =IFERROR(VLOOKUP($C42,Sheet5!$C:$K,COLUMN(Sheet5!E$2)-2,0),"") -> 0.29674797 | R42: =IFERROR(VLOOKUP($C42,Sheet5!$C:$K,COLUMN(Sheet5!F$2)-2,0),"") -> 0.86600496 | S42: =IFERROR(VLOOKUP($C42,Sheet5!$C:$K,COLUMN(Sheet5!G$2)-2,0),"") -> 0.86666667 | T42: =IFERROR(VLOOKUP($C42,Sheet5!$C:$K,COLUMN(Sheet5!H$2)-2,0),"") -> 0.30737705 | U42: =IFERROR(VLOOKUP($C42,Sheet5!$C:$K,COLUMN(Sheet5!I$2)-2,0),"") -> 0.73333333 | V42: 306 | W42: 274 | X42: =W42-V42 -> -32

Sheet Sheet3
B2: 排名 | C2: 黑西部 | E2: 出货 | H2: 成长 | K2: =Sheet2!K2 -> 2505 | P2: TOP5口味BI铺货率 | V2: 实盘库存
C3: 客户 | D3: 营业所 | E3: =Sheet2!E3 -> 2502 | F3: =Sheet2!F3 -> 2503 | G3: =Sheet2!G3 -> 2504 | H3: =Sheet2!H3 -> 2502 | I3: =Sheet2!I3 -> 2503 | J3: =Sheet2!J3 -> 2504 | K3: 出货 | L3: 同期 | M3: 成长 | N3: 目标 | O3: 达成 | P3: 椒盐小酥肉 | Q3: 鸡汁原味 | R3: 烤羊肉串 | S3: 麻辣小龙虾 | T3: 香葱鸡汁味 | U3: 香烤鱿鱼 | V3: 4月 | W3: 5月 | X3: 环比
B4: 黑西营业部 | E4: =基础表!E17 -> 5600 | F4: =基础表!F17 -> 5119 | G4: =基础表!G17 -> 4720 | H4: =基础表!H17 -> 0.099121706 | I4: =基础表!I17 -> -0.14561856 | J4: =基础表!J17 -> -0.34285714 | K4: =基础表!K17 -> #REF! | L4: =基础表!L17 -> #REF! | ... U4: =基础表!U17 -> #REF!
B5: 1 | C5: =VLOOKUP($B5,基础表!$A$12:$U$16,COLUMN(基础表!D1),0) -> #N/A | E5: =VLOOKUP($B5,基础表!$A$12:$U$16,COLUMN(基础表!E1),0) -> #N/A | F5: =VLOOKUP($B5,基础表!$A$12:$U$16,COLUMN(基础表!F1),0) -> #N/A | G5: =VLOOKUP($B5,基础表!$A$12:$U$16,COLUMN(基础表!G1),0) -> #N/A | H5: =VLOOKUP($B5,基础表!$A$12:$U$16,COLUMN(基础表!H1),0) -> #N/A | I5: =VLOOKUP($B5,基础表!$A$12:$U$16,COLUMN(基础表!I1),0) -> #N/A | J5: =VLOOKUP($B5,基础表!$A$12:$U$16,COLUMN(基础表!J1),0) -> #N/A | K5: =VLOOKUP($B5,基础表!$A$12:$U$16,COLUMN(基础表!K1),0) -> #N/A | L5: =VLOOKUP($B5,基础表!$A$12:$U$16,COLUMN(基础表!L1),0) -> #N/A | ... U5: =VLOOKUP($B5,基础表!$A$12:$U$16,COLUMN(基础表!U1),0) -> #N/A
B6: 2 | C6: =VLOOKUP($B6,基础表!$A$12:$U$16,COLUMN(基础表!D2),0) -> #N/A | E6: =VLOOKUP($B6,基础表!$A$12:$U$16,COLUMN(基础表!E2),0) -> #N/A | F6: =VLOOKUP($B6,基础表!$A$12:$U$16,COLUMN(基础表!F2),0) -> #N/A | G6: =VLOOKUP($B6,基础表!$A$12:$U$16,COLUMN(基础表!G2),0) -> #N/A | H6: =VLOOKUP($B6,基础表!$A$12:$U$16,COLUMN(基础表!H2),0) -> #N/A | I6: =VLOOKUP($B6,基础表!$A$12:$U$16,COLUMN(基础表!I2),0) -> #N/A | J6: =VLOOKUP($B6,基础表!$A$12:$U$16,COLUMN(基础表!J2),0) -> #N/A | K6: =VLOOKUP($B6,基础表!$A$12:$U$16,COLUMN(基础表!K2),0) -> #N/A | L6: =VLOOKUP($B6,基础表!$A$12:$U$16,COLUMN(基础表!L2),0) -> #N/A | ... U6: =VLOOKUP($B6,基础表!$A$12:$U$16,COLUMN(基础表!U2),0) -> #N/A
B7: 3 | C7: =VLOOKUP($B7,基础表!$A$12:$U$16,COLUMN(基础表!D3),0) -> #N/A | E7: =VLOOKUP($B7,基础表!$A$12:$U$16,COLUMN(基础表!E3),0) -> #N/A | F7: =VLOOKUP($B7,基础表!$A$12:$U$16,COLUMN(基础表!F3),0) -> #N/A | G7: =VLOOKUP($B7,基础表!$A$12:$U$16,COLUMN(基础表!G3),0) -> #N/A | H7: =VLOOKUP($B7,基础表!$A$12:$U$16,COLUMN(基础表!H3),0) -> #N/A | I7: =VLOOKUP($B7,基础表!$A$12:$U$16,COLUMN(基础表!I3),0) -> #N/A | J7: =VLOOKUP($B7,基础表!$A$12:$U$16,COLUMN(基础表!J3),0) -> #N/A | K7: =VLOOKUP($B7,基础表!$A$12:$U$16,COLUMN(基础表!K3),0) -> #N/A | L7: =VLOOKUP($B7,基础表!$A$12:$U$16,COLUMN(基础表!L3),0) -> #N/A | ... U7: =VLOOKUP($B7,基础表!$A$12:$U$16,COLUMN(基础表!U3),0) -> #N/A
B8: 4 | C8: =VLOOKUP($B8,基础表!$A$12:$U$16,COLUMN(基础表!D4),0) -> #N/A | E8: =VLOOKUP($B8,基础表!$A$12:$U$16,COLUMN(基础表!E4),0) -> #N/A | F8: =VLOOKUP($B8,基础表!$A$12:$U$16,COLUMN(基础表!F4),0) -> #N/A | G8: =VLOOKUP($B8,基础表!$A$12:$U$16,COLUMN(基础表!G4),0) -> #N/A | H8: =VLOOKUP($B8,基础表!$A$12:$U$16,COLUMN(基础表!H4),0) -> #N/A | I8: =VLOOKUP($B8,基础表!$A$12:$U$16,COLUMN(基础表!I4),0) -> #N/A | J8: =VLOOKUP($B8,基础表!$A$12:$U$16,COLUMN(基础表!J4),0) -> #N/A | K8: =VLOOKUP($B8,基础表!$A$12:$U$16,COLUMN(基础表!K4),0) -> #N/A | L8: =VLOOKUP($B8,基础表!$A$12:$U$16,COLUMN(基础表!L4),0) -> #N/A | ... U8: =VLOOKUP($B8,基础表!$A$12:$U$16,COLUMN(基础表!U4),0) -> #N/A
B9: 5 | C9: =VLOOKUP($B9,基础表!$A$12:$U$16,COLUMN(基础表!D5),0) -> #N/A | E9: =VLOOKUP($B9,基础表!$A$12:$U$16,COLUMN(基础表!E5),0) -> #N/A | F9: =VLOOKUP($B9,基础表!$A$12:$U$16,COLUMN(基础表!F5),0) -> #N/A | G9: =VLOOKUP($B9,基础表!$A$12:$U$16,COLUMN(基础表!G5),0) -> #N/A | H9: =VLOOKUP($B9,基础表!$A$12:$U$16,COLUMN(基础表!H5),0) -> #N/A | I9: =VLOOKUP($B9,基础表!$A$12:$U$16,COLUMN(基础表!I5),0) -> #N/A | J9: =VLOOKUP($B9,基础表!$A$12:$U$16,COLUMN(基础表!J5),0) -> #N/A | K9: =VLOOKUP($B9,基础表!$A$12:$U$16,COLUMN(基础表!K5),0) -> #N/A | L9: =VLOOKUP($B9,基础表!$A$12:$U$16,COLUMN(基础表!L5),0) -> #N/A | ... U9: =VLOOKUP($B9,基础表!$A$12:$U$16,COLUMN(基础表!U5),0) -> #N/A
B10: 1 | C10: =VLOOKUP($B10,'4'!$A$56:$AK$79,COLUMN('4'!Z$1),0) -> 西旗跃腾达 | D10: =VLOOKUP(C10,'4'!AL:AM,2,0) -> 呼盟外埠所 | E10: =VLOOKUP($B10,'4'!$A$56:$AK$79,COLUMN('4'!AA$1),0) -> 0 | F10: =VLOOKUP($B10,'4'!$A$56:$AK$79,COLUMN('4'!AB$1),0) -> 64 | G10: =VLOOKUP($B10,'4'!$A$56:$AK$79,COLUMN('4'!AC$1),0) -> 60 | H10: =VLOOKUP($B10,'4'!$A$56:$AK$79,COLUMN('4'!AD$1),0) | I10: =VLOOKUP($B10,'4'!$A$56:$AK$79,COLUMN('4'!AE$1),0) -> 0 | J10: =VLOOKUP($B10,'4'!$A$56:$AK$79,COLUMN('4'!AF$1),0) -> 0.2 | K10: =VLOOKUP($B10,'4'!$A$56:$AK$79,COLUMN('4'!AG$1),0) -> 125 | L10: =VLOOKUP($B10,'4'!$A$56:$AK$79,COLUMN('4'!AH$1),0) -> 50 | ... O10: =VLOOKUP($B10,'4'!$A$56:$AK$79,COLUMN('4'!AK$1),0) -> 1 | P10: =IFERROR(VLOOKUP($C10,Sheet5!$C:$K,COLUMN(Sheet5!D$2)-2,0),"") -> 0.66666667 | Q10: =IFERROR(VLOOKUP($C10,Sheet5!$C:$K,COLUMN(Sheet5!E$2)-2,0),"") -> 0.47368421 | R10: =IFERROR(VLOOKUP($C10,Sheet5!$C:$K,COLUMN(Sheet5!F$2)-2,0),"") -> 0.575 | S10: =IFERROR(VLOOKUP($C10,Sheet5!$C:$K,COLUMN(Sheet5!G$2)-2,0),"") -> 0 | T10: =IFERROR(VLOOKUP($C10,Sheet5!$C:$K,COLUMN(Sheet5!H$2)-2,0),"") -> 0.52631579 | U10: =IFERROR(VLOOKUP($C10,Sheet5!$C:$K,COLUMN(Sheet5!I$2)-2,0),"") -> 0
B11: 2 | C11: =VLOOKUP($B11,'4'!$A$56:$AK$79,COLUMN('4'!Z$1),0) -> 讷河鑫众杰 | D11: =VLOOKUP(C11,'4'!AL:AM,2,0) -> 兴安外埠所 | E11: =VLOOKUP($B11,'4'!$A$56:$AK$79,COLUMN('4'!AA$1),0) -> 216 | F11: =VLOOKUP($B11,'4'!$A$56:$AK$79,COLUMN('4'!AB$1),0) -> 458 | G11: =VLOOKUP($B11,'4'!$A$56:$AK$79,COLUMN('4'!AC$1),0) -> 340 | H11: =VLOOKUP($B11,'4'!$A$56:$AK$79,COLUMN('4'!AD$1),0) -> -0.088607595 | I11: =VLOOKUP($B11,'4'!$A$56:$AK$79,COLUMN('4'!AE$1),0) -> 0 | J11: =VLOOKUP($B11,'4'!$A$56:$AK$79,COLUMN('4'!AF$1),0) -> -0.042253521 | K11: =VLOOKUP($B11,'4'!$A$56:$AK$79,COLUMN('4'!AG$1),0) -> 728.75 | L11: =VLOOKUP($B11,'4'!$A$56:$AK$79,COLUMN('4'!AH$1),0) -> 470 | ... O11: =VLOOKUP($B11,'4'!$A$56:$AK$79,COLUMN('4'!AK$1),0) -> 1 | P11: =IFERROR(VLOOKUP($C11,Sheet5!$C:$K,COLUMN(Sheet5!D$2)-2,0),"") -> 0.93670886 | Q11: =IFERROR(VLOOKUP($C11,Sheet5!$C:$K,COLUMN(Sheet5!E$2)-2,0),"") -> 0.32312925 | R11: =IFERROR(VLOOKUP($C11,Sheet5!$C:$K,COLUMN(Sheet5!F$2)-2,0),"") -> 0.35777778 | S11: =IFERROR(VLOOKUP($C11,Sheet5!$C:$K,COLUMN(Sheet5!G$2)-2,0),"") -> 0.38461538 | T11: =IFERROR(VLOOKUP($C11,Sheet5!$C:$K,COLUMN(Sheet5!H$2)-2,0),"") -> 0.46938776 | U11: =IFERROR(VLOOKUP($C11,Sheet5!$C:$K,COLUMN(Sheet5!I$2)-2,0),"") -> 0.38461538
B12: 3 | C12: =VLOOKUP($B12,'4'!$A$56:$AK$79,COLUMN('4'!Z$1),0) -> 阿荣浩睿 | D12: =VLOOKUP(C12,'4'!AL:AM,2,0) -> 呼盟外埠所 | E12: =VLOOKUP($B12,'4'!$A$56:$AK$79,COLUMN('4'!AA$1),0) -> 275 | F12: =VLOOKUP($B12,'4'!$A$56:$AK$79,COLUMN('4'!AB$1),0) -> 547 | G12: =VLOOKUP($B12,'4'!$A$56:$AK$79,COLUMN('4'!AC$1),0) -> 394 | H12: =VLOOKUP($B12,'4'!$A$56:$AK$79,COLUMN('4'!AD$1),0) -> -0.086378738 | I12: =VLOOKUP($B12,'4'!$A$56:$AK$79,COLUMN('4'!AE$1),0) -> 0.070450098 | J12: =VLOOKUP($B12,'4'!$A$56:$AK$79,COLUMN('4'!AF$1),0) -> -0.10045662 | K12: =VLOOKUP($B12,'4'!$A$56:$AK$79,COLUMN('4'!AG$1),0) -> 800 | L12: =VLOOKUP($B12,'4'!$A$56:$AK$79,COLUMN('4'!AH$1),0) -> 614 | ... O12: =VLOOKUP($B12,'4'!$A$56:$AK$79,COLUMN('4'!AK$1),0) -> 1 | P12: =IFERROR(VLOOKUP($C12,Sheet5!$C:$K,COLUMN(Sheet5!D$2)-2,0),"") -> 0.89542484 | Q12: =IFERROR(VLOOKUP($C12,Sheet5!$C:$K,COLUMN(Sheet5!E$2)-2,0),"") -> 0.35416667 | R12: =IFERROR(VLOOKUP($C12,Sheet5!$C:$K,COLUMN(Sheet5!F$2)-2,0),"") -> 0.46036585 | S12: =IFERROR(VLOOKUP($C12,Sheet5!$C:$K,COLUMN(Sheet5!G$2)-2,0),"") -> 0.77272727 | T12: =IFERROR(VLOOKUP($C12,Sheet5!$C:$K,COLUMN(Sheet5!H$2)-2,0),"") -> 0.50347222 | U12: =IFERROR(VLOOKUP($C12,Sheet5!$C:$K,COLUMN(Sheet5!I$2)-2,0),"") -> 0.72727273
B13: 4 | C13: =VLOOKUP($B13,'4'!$A$56:$AK$79,COLUMN('4'!Z$1),0) -> 莫旗尚诚 | D13: =VLOOKUP(C13,'4'!AL:AM,2,0) -> 兴安外埠所 | E13: =VLOOKUP($B13,'4'!$A$56:$AK$79,COLUMN('4'!AA$1),0) -> 255 | F13: =VLOOKUP($B13,'4'!$A$56:$AK$79,COLUMN('4'!AB$1),0) -> 523 | G13: =VLOOKUP($B13,'4'!$A$56:$AK$79,COLUMN('4'!AC$1),0) -> 383 | H13: =VLOOKUP($B13,'4'!$A$56:$AK$79,COLUMN('4'!AD$1),0) -> -0.24107143 | I13: =VLOOKUP($B13,'4'!$A$56:$AK$79,COLUMN('4'!AE$1),0) -> 0.0019157088 | J13: =VLOOKUP($B13,'4'!$A$56:$AK$79,COLUMN('4'!AF$1),0) -> -0.18683652 | K13: =VLOOKUP($B13,'4'!$A$56:$AK$79,COLUMN('4'!AG$1),0) -> 795 | L13: =VLOOKUP($B13,'4'!$A$56:$AK$79,COLUMN('4'!AH$1),0) -> 626 | ... O13: =VLOOKUP($B13,'4'!$A$56:$AK$79,COLUMN('4'!AK$1),0) -> 1 | P13: =IFERROR(VLOOKUP($C13,Sheet5!$C:$K,COLUMN(Sheet5!D$2)-2,0),"") -> 1 | Q13: =IFERROR(VLOOKUP($C13,Sheet5!$C:$K,COLUMN(Sheet5!E$2)-2,0),"") -> 0.88931298 | R13: =IFERROR(VLOOKUP($C13,Sheet5!$C:$K,COLUMN(Sheet5!F$2)-2,0),"") -> 0.835 | S13: =IFERROR(VLOOKUP($C13,Sheet5!$C:$K,COLUMN(Sheet5!G$2)-2,0),"") -> 0.94444444 | T13: =IFERROR(VLOOKUP($C13,Sheet5!$C:$K,COLUMN(Sheet5!H$2)-2,0),"") -> 0.87022901 | U13: =IFERROR(VLOOKUP($C13,Sheet5!$C:$K,COLUMN(Sheet5!I$2)-2,0),"") -> 0.97222222
B14: 5 | C14: =VLOOKUP($B14,'4'!$A$56:$AK$79,COLUMN('4'!Z$1),0) -> 富区晶辉 | D14: =VLOOKUP(C14,'4'!AL:AM,2,0) -> 龙江外埠所 | E14: =VLOOKUP($B14,'4'!$A$56:$AK$79,COLUMN('4'!AA$1),0) -> 324 | F14: =VLOOKUP($B14,'4'!$A$56:$AK$79,COLUMN('4'!AB$1),0) -> 480 | G14: =VLOOKUP($B14,'4'!$A$56:$AK$79,COLUMN('4'!AC$1),0) -> 435 | H14: =VLOOKUP($B14,'4'!$A$56:$AK$79,COLUMN('4'!AD$1),0) -> 0.12110727 | I14: =VLOOKUP($B14,'4'!$A$56:$AK$79,COLUMN('4'!AE$1),0) -> 0.0020876827 | J14: =VLOOKUP($B14,'4'!$A$56:$AK$79,COLUMN('4'!AF$1),0) -> -0.14872798 | K14: =VLOOKUP($B14,'4'!$A$56:$AK$79,COLUMN('4'!AG$1),0) -> 660 | L14: =VLOOKUP($B14,'4'!$A$56:$AK$79,COLUMN('4'!AH$1),0) -> 559 | ... O14: =VLOOKUP($B14,'4'!$A$56:$AK$79,COLUMN('4'!AK$1),0) -> 1 | P14: =IFERROR(VLOOKUP($C14,Sheet5!$C:$K,COLUMN(Sheet5!D$2)-2,0),"") -> 0.9939759 | Q14: =IFERROR(VLOOKUP($C14,Sheet5!$C:$K,COLUMN(Sheet5!E$2)-2,0),"") -> 0.89078498 | R14: =IFERROR(VLOOKUP($C14,Sheet5!$C:$K,COLUMN(Sheet5!F$2)-2,0),"") -> 0.93398533 | S14: =IFERROR(VLOOKUP($C14,Sheet5!$C:$K,COLUMN(Sheet5!G$2)-2,0),"") -> 0.88571429 | T14: =IFERROR(VLOOKUP($C14,Sheet5!$C:$K,COLUMN(Sheet5!H$2)-2,0),"") -> 0.87713311 | U14: =IFERROR(VLOOKUP($C14,Sheet5!$C:$K,COLUMN(Sheet5!I$2)-2,0),"") -> 0.94285714
B15: 6 | C15: =VLOOKUP($B15,'4'!$A$56:$AK$79,COLUMN('4'!Z$1),0) -> 牙克丰远 | D15: =VLOOKUP(C15,'4'!AL:AM,2,0) -> 呼盟外埠所 | E15: =VLOOKUP($B15,'4'!$A$56:$AK$79,COLUMN('4'!AA$1),0) -> 203 | F15: =VLOOKUP($B15,'4'!$A$56:$AK$79,COLUMN('4'!AB$1),0) -> 429 | G15: =VLOOKUP($B15,'4'!$A$56:$AK$79,COLUMN('4'!AC$1),0) -> 285 | H15: =VLOOKUP($B15,'4'!$A$56:$AK$79,COLUMN('4'!AD$1),0) -> -0.19762846 | I15: =VLOOKUP($B15,'4'!$A$56:$AK$79,COLUMN('4'!AE$1),0) -> 0.0023364486 | J15: =VLOOKUP($B15,'4'!$A$56:$AK$79,COLUMN('4'!AF$1),0) -> -0.2962963 | K15: =VLOOKUP($B15,'4'!$A$56:$AK$79,COLUMN('4'!AG$1),0) -> 592.5 | L15: =VLOOKUP($B15,'4'!$A$56:$AK$79,COLUMN('4'!AH$1),0) -> 512 | ... O15: =VLOOKUP($B15,'4'!$A$56:$AK$79,COLUMN('4'!AK$1),0) -> 1 | P15: =IFERROR(VLOOKUP($C15,Sheet5!$C:$K,COLUMN(Sheet5!D$2)-2,0),"") -> 0.64795918 | Q15: =IFERROR(VLOOKUP($C15,Sheet5!$C:$K,COLUMN(Sheet5!E$2)-2,0),"") -> 0.19221968 | R15: =IFERROR(VLOOKUP($C15,Sheet5!$C:$K,COLUMN(Sheet5!F$2)-2,0),"") -> 0.1784897 | S15: =IFERROR(VLOOKUP($C15,Sheet5!$C:$K,COLUMN(Sheet5!G$2)-2,0),"") -> 0.57692308 | T15: =IFERROR(VLOOKUP($C15,Sheet5!$C:$K,COLUMN(Sheet5!H$2)-2,0),"") -> 0.27356322 | U15: =IFERROR(VLOOKUP($C15,Sheet5!$C:$K,COLUMN(Sheet5!I$2)-2,0),"") -> 0.20833333
B16: 7 | C16: =VLOOKUP($B16,'4'!$A$56:$AK$79,COLUMN('4'!Z$1),0) -> 齐市昌庆 | D16: =VLOOKUP(C16,'4'!AL:AM,2,0) -> 齐齐哈尔城区所 | E16: =VLOOKUP($B16,'4'!$A$56:$AK$79,COLUMN('4'!AA$1),0) -> 150 | F16: =VLOOKUP($B16,'4'!$A$56:$AK$79,COLUMN('4'!AB$1),0) -> 388 | G16: =VLOOKUP($B16,'4'!$A$56:$AK$79,COLUMN('4'!AC$1),0) -> 328 | H16: =VLOOKUP($B16,'4'!$A$56:$AK$79,COLUMN('4'!AD$1),0) -> -0.49152542 | I16: =VLOOKUP($B16,'4'!$A$56:$AK$79,COLUMN('4'!AE$1),0) -> -0.25954198 | J16: =VLOOKUP($B16,'4'!$A$56:$AK$79,COLUMN('4'!AF$1),0) -> 0.91812865 | K16: =VLOOKUP($B16,'4'!$A$56:$AK$79,COLUMN('4'!AG$1),0) -> 492.5 | L16: =VLOOKUP($B16,'4'!$A$56:$AK$79,COLUMN('4'!AH$1),0) -> 464 | ... O16: =VLOOKUP($B16,'4'!$A$56:$AK$79,COLUMN('4'!AK$1),0) -> 1 | P16: =IFERROR(VLOOKUP($C16,Sheet5!$C:$K,COLUMN(Sheet5!D$2)-2,0),"") -> 0.93823529 | Q16: =IFERROR(VLOOKUP($C16,Sheet5!$C:$K,COLUMN(Sheet5!E$2)-2,0),"") -> 0.29386892 | R16: =IFERROR(VLOOKUP($C16,Sheet5!$C:$K,COLUMN(Sheet5!F$2)-2,0),"") -> 0.2462908 | S16: =IFERROR(VLOOKUP($C16,Sheet5!$C:$K,COLUMN(Sheet5!G$2)-2,0),"") -> 0.44117647 | T16: =IFERROR(VLOOKUP($C16,Sheet5!$C:$K,COLUMN(Sheet5!H$2)-2,0),"") -> 0.33333333 | U16: =IFERROR(VLOOKUP($C16,Sheet5!$C:$K,COLUMN(Sheet5!I$2)-2,0),"") -> 0.58947368
B17: 8 | C17: =VLOOKUP($B17,'4'!$A$56:$AK$79,COLUMN('4'!Z$1),0) -> 龙江文英 | D17: =VLOOKUP(C17,'4'!AL:AM,2,0) -> 龙江外埠所 | E17: =VLOOKUP($B17,'4'!$A$56:$AK$79,COLUMN('4'!AA$1),0) -> 421 | F17: =VLOOKUP($B17,'4'!$A$56:$AK$79,COLUMN('4'!AB$1),0) -> 817 | G17: =VLOOKUP($B17,'4'!$A$56:$AK$79,COLUMN('4'!AC$1),0) -> 527 | H17: =VLOOKUP($B17,'4'!$A$56:$AK$79,COLUMN('4'!AD$1),0) -> 0 | I17: =VLOOKUP($B17,'4'!$A$56:$AK$79,COLUMN('4'!AE$1),0) -> 0.0012254902 | J17: =VLOOKUP($B17,'4'!$A$56:$AK$79,COLUMN('4'!AF$1),0) -> -0.20512821 | K17: =VLOOKUP($B17,'4'!$A$56:$AK$79,COLUMN('4'!AG$1),0) -> 802.5 | L17: =VLOOKUP($B17,'4'!$A$56:$AK$79,COLUMN('4'!AH$1),0) -> 853 | ... O17: =VLOOKUP($B17,'4'!$A$56:$AK$79,COLUMN('4'!AK$1),0) -> 1 | P17: =IFERROR(VLOOKUP($C17,Sheet5!$C:$K,COLUMN(Sheet5!D$2)-2,0),"") -> 0.98734177 | Q17: =IFERROR(VLOOKUP($C17,Sheet5!$C:$K,COLUMN(Sheet5!E$2)-2,0),"") -> 0.2519084 | R17: =IFERROR(VLOOKUP($C17,Sheet5!$C:$K,COLUMN(Sheet5!F$2)-2,0),"") -> 0.33268859 | S17: =IFERROR(VLOOKUP($C17,Sheet5!$C:$K,COLUMN(Sheet5!G$2)-2,0),"") -> 0.48148148 | T17: =IFERROR(VLOOKUP($C17,Sheet5!$C:$K,COLUMN(Sheet5!H$2)-2,0),"") -> 0.36386768 | U17: =IFERROR(VLOOKUP($C17,Sheet5!$C:$K,COLUMN(Sheet5!I$2)-2,0),"") -> 0.3375
B18: 9 | C18: =VLOOKUP($B18,'4'!$A$56:$AK$79,COLUMN('4'!Z$1),0) -> 泰来丰海 | D18: =VLOOKUP(C18,'4'!AL:AM,2,0) -> 龙江外埠所 | E18: =VLOOKUP($B18,'4'!$A$56:$AK$79,COLUMN('4'!AA$1),0) -> 212 | F18: =VLOOKUP($B18,'4'!$A$56:$AK$79,COLUMN('4'!AB$1),0) -> 482 | G18: =VLOOKUP($B18,'4'!$A$56:$AK$79,COLUMN('4'!AC$1),0) -> 346 | H18: =VLOOKUP($B18,'4'!$A$56:$AK$79,COLUMN('4'!AD$1),0) -> -0.13469388 | I18: =VLOOKUP($B18,'4'!$A$56:$AK$79,COLUMN('4'!AE$1),0) -> 0.33518006 | J18: =VLOOKUP($B18,'4'!$A$56:$AK$79,COLUMN('4'!AF$1),0) -> 0.07788162 | K18: =VLOOKUP($B18,'4'!$A$56:$AK$79,COLUMN('4'!AG$1),0) -> 450 | L18: =VLOOKUP($B18,'4'!$A$56:$AK$79,COLUMN('4'!AH$1),0) -> 481 | ... O18: =VLOOKUP($B18,'4'!$A$56:$AK$79,COLUMN('4'!AK$1),0) -> 1 | P18: =IFERROR(VLOOKUP($C18,Sheet5!$C:$K,COLUMN(Sheet5!D$2)-2,0),"") -> 0.99009901 | Q18: =IFERROR(VLOOKUP($C18,Sheet5!$C:$K,COLUMN(Sheet5!E$2)-2,0),"") -> 0.35087719 | R18: =IFERROR(VLOOKUP($C18,Sheet5!$C:$K,COLUMN(Sheet5!F$2)-2,0),"") -> 0.49315068 | S18: =IFERROR(VLOOKUP($C18,Sheet5!$C:$K,COLUMN(Sheet5!G$2)-2,0),"") -> 1 | T18: =IFERROR(VLOOKUP($C18,Sheet5!$C:$K,COLUMN(Sheet5!H$2)-2,0),"") -> 0.5380117 | U18: =IFERROR(VLOOKUP($C18,Sheet5!$C:$K,COLUMN(Sheet5!I$2)-2,0),"") -> 0.875
B19: 10 | C19: =VLOOKUP($B19,'4'!$A$56:$AK$79,COLUMN('4'!Z$1),0) -> 漠河慧民 | D19: =VLOOKUP(C19,'4'!AL:AM,2,0) -> 兴安外埠所 | E19: =VLOOKUP($B19,'4'!$A$56:$AK$79,COLUMN('4'!AA$1),0) -> 58 | F19: =VLOOKUP($B19,'4'!$A$56:$AK$79,COLUMN('4'!AB$1),0) -> 62 | G19: =VLOOKUP($B19,'4'!$A$56:$AK$79,COLUMN('4'!AC$1),0) -> 70 | H19: =VLOOKUP($B19,'4'!$A$56:$AK$79,COLUMN('4'!AD$1),0) -> 0.65714286 | I19: =VLOOKUP($B19,'4'!$A$56:$AK$79,COLUMN('4'!AE$1),0) -> -0.42056075 | J19: =VLOOKUP($B19,'4'!$A$56:$AK$79,COLUMN('4'!AF$1),0) -> 0.32075472 | K19: =VLOOKUP($B19,'4'!$A$56:$AK$79,COLUMN('4'!AG$1),0) -> 125 | L19: =VLOOKUP($B19,'4'!$A$56:$AK$79,COLUMN('4'!AH$1),0) -> 136 | ... O19: =VLOOKUP($B19,'4'!$A$56:$AK$79,COLUMN('4'!AK$1),0) -> 1 | P19: =IFERROR(VLOOKUP($C19,Sheet5!$C:$K,COLUMN(Sheet5!D$2)-2,0),"") | Q19: =IFERROR(VLOOKUP($C19,Sheet5!$C:$K,COLUMN(Sheet5!E$2)-2,0),"") | R19: =IFERROR(VLOOKUP($C19,Sheet5!$C:$K,COLUMN(Sheet5!F$2)-2,0),"") | S19: =IFERROR(VLOOKUP($C19,Sheet5!$C:$K,COLUMN(Sheet5!G$2)-2,0),"") | T19: =IFERROR(VLOOKUP($C19,Sheet5!$C:$K,COLUMN(Sheet5!H$2)-2,0),"") | U19: =IFERROR(VLOOKUP($C19,Sheet5!$C:$K,COLUMN(Sheet5!I$2)-2,0),"")
B20: 11 | C20: =VLOOKUP($B20,'4'!$A$56:$AK$79,COLUMN('4'!Z$1),0) -> 伊敏馨圣 | D20: =VLOOKUP(C20,'4'!AL:AM,2,0) -> 呼盟外埠所 | E20: =VLOOKUP($B20,'4'!$A$56:$AK$79,COLUMN('4'!AA$1),0) -> 80 | F20: =VLOOKUP($B20,'4'!$A$56:$AK$79,COLUMN('4'!AB$1),0) -> 103 | G20: =VLOOKUP($B20,'4'!$A$56:$AK$79,COLUMN('4'!AC$1),0) -> 106 | H20: =VLOOKUP($B20,'4'!$A$56:$AK$79,COLUMN('4'!AD$1),0) -> 15 | I20: =VLOOKUP($B20,'4'!$A$56:$AK$79,COLUMN('4'!AE$1),0) -> 0 | J20: =VLOOKUP($B20,'4'!$A$56:$AK$79,COLUMN('4'!AF$1),0) -> 0.82758621 | K20: =VLOOKUP($B20,'4'!$A$56:$AK$79,COLUMN('4'!AG$1),0) -> 125 | L20: =VLOOKUP($B20,'4'!$A$56:$AK$79,COLUMN('4'!AH$1),0) -> 140 | ... O20: =VLOOKUP($B20,'4'!$A$56:$AK$79,COLUMN('4'!AK$1),0) -> 1 | P20: =IFERROR(VLOOKUP($C20,Sheet5!$C:$K,COLUMN(Sheet5!D$2)-2,0),"") -> 0.91089109 | Q20: =IFERROR(VLOOKUP($C20,Sheet5!$C:$K,COLUMN(Sheet5!E$2)-2,0),"") -> 0.26896552 | R20: =IFERROR(VLOOKUP($C20,Sheet5!$C:$K,COLUMN(Sheet5!F$2)-2,0),"") -> 0.24242424 | S20: =IFERROR(VLOOKUP($C20,Sheet5!$C:$K,COLUMN(Sheet5!G$2)-2,0),"") -> 0.5 | T20: =IFERROR(VLOOKUP($C20,Sheet5!$C:$K,COLUMN(Sheet5!H$2)-2,0),"") -> 0.30344828 | U20: =IFERROR(VLOOKUP($C20,Sheet5!$C:$K,COLUMN(Sheet5!I$2)-2,0),"") -> 0.5
B21: 12 | C21: =VLOOKUP($B21,'4'!$A$56:$AK$79,COLUMN('4'!Z$1),0) -> 海拉泰运 | D21: =VLOOKUP(C21,'4'!AL:AM,2,0) -> 海拉尔城区所 | E21: =VLOOKUP($B21,'4'!$A$56:$AK$79,COLUMN('4'!AA$1),0) -> 150 | F21: =VLOOKUP($B21,'4'!$A$56:$AK$79,COLUMN('4'!AB$1),0) -> 265 | G21: =VLOOKUP($B21,'4'!$A$56:$AK$79,COLUMN('4'!AC$1),0) -> 221 | H21: =VLOOKUP($B21,'4'!$A$56:$AK$79,COLUMN('4'!AD$1),0) -> -0.32735426 | I21: =VLOOKUP($B21,'4'!$A$56:$AK$79,COLUMN('4'!AE$1),0) -> -0.35679612 | J21: =VLOOKUP($B21,'4'!$A$56:$AK$79,COLUMN('4'!AF$1),0) -> 1.0849057 | K21: =VLOOKUP($B21,'4'!$A$56:$AK$79,COLUMN('4'!AG$1),0) -> 397.5 | L21: =VLOOKUP($B21,'4'!$A$56:$AK$79,COLUMN('4'!AH$1),0) -> 448 | ... O21: =VLOOKUP($B21,'4'!$A$56:$AK$79,COLUMN('4'!AK$1),0) -> 1 | P21: =IFERROR(VLOOKUP($C21,Sheet5!$C:$K,COLUMN(Sheet5!D$2)-2,0),"") -> 0.64088398 | Q21: =IFERROR(VLOOKUP($C21,Sheet5!$C:$K,COLUMN(Sheet5!E$2)-2,0),"") -> 0.20164609 | R21: =IFERROR(VLOOKUP($C21,Sheet5!$C:$K,COLUMN(Sheet5!F$2)-2,0),"") -> 0.24274406 | S21: =IFERROR(VLOOKUP($C21,Sheet5!$C:$K,COLUMN(Sheet5!G$2)-2,0),"") -> 0.58333333 | T21: =IFERROR(VLOOKUP($C21,Sheet5!$C:$K,COLUMN(Sheet5!H$2)-2,0),"") -> 0.38429752 | U21: =IFERROR(VLOOKUP($C21,Sheet5!$C:$K,COLUMN(Sheet5!I$2)-2,0),"") -> 0.4
... B28: 19 | C28: =VLOOKUP($B28,'4'!$A$56:$AK$79,COLUMN('4'!Z$1),0) -> 满洲万泰 | D28: =VLOOKUP(C28,'4'!AL:AM,2,0) -> 呼盟外埠所 | E28: =VLOOKUP($B28,'4'!$A$56:$AK$79,COLUMN('4'!AA$1),0) -> 177 | F28: =VLOOKUP($B28,'4'!$A$56:$AK$79,COLUMN('4'!AB$1),0) -> 271 | G28: =VLOOKUP($B28,'4'!$A$56:$AK$79,COLUMN('4'!AC$1),0) -> 227 | H28: =VLOOKUP($B28,'4'!$A$56:$AK$79,COLUMN('4'!AD$1),0) -> -0.16113744 | I28: =VLOOKUP($B28,'4'!$A$56:$AK$79,COLUMN('4'!AE$1),0) -> 0.15319149 | J28: =VLOOKUP($B28,'4'!$A$56:$AK$79,COLUMN('4'!AF$1),0) -> 0.86065574 | K28: =VLOOKUP($B28,'4'!$A$56:$AK$79,COLUMN('4'!AG$1),0) -> 300 | L28: =VLOOKUP($B28,'4'!$A$56:$AK$79,COLUMN('4'!AH$1),0) -> 402 | ... O28: =VLOOKUP($B28,'4'!$A$56:$AK$79,COLUMN('4'!AK$1),0) -> 1 | P28: =IFERROR(VLOOKUP($C28,Sheet5!$C:$K,COLUMN(Sheet5!D$2)-2,0),"") -> 0.96428571 | Q28: =IFERROR(VLOOKUP($C28,Sheet5!$C:$K,COLUMN(Sheet5!E$2)-2,0),"") -> 0.58371041 | R28: =IFERROR(VLOOKUP($C28,Sheet5!$C:$K,COLUMN(Sheet5!F$2)-2,0),"") -> 0.49546828 | S28: =IFERROR(VLOOKUP($C28,Sheet5!$C:$K,COLUMN(Sheet5!G$2)-2,0),"") -> 0.75 | T28: =IFERROR(VLOOKUP($C28,Sheet5!$C:$K,COLUMN(Sheet5!H$2)-2,0),"") -> 0.62895928 | U28: =IFERROR(VLOOKUP($C28,Sheet5!$C:$K,COLUMN(Sheet5!I$2)-2,0),"") -> 0.5
B29: 20 | C29: =VLOOKUP($B29,'4'!$A$56:$AK$79,COLUMN('4'!Z$1),0) -> 塔河塔营 | D29: =VLOOKUP(C29,'4'!AL:AM,2,0) -> 兴安外埠所 | E29: =VLOOKUP($B29,'4'!$A$56:$AK$79,COLUMN('4'!AA$1),0) -> 80 | F29: =VLOOKUP($B29,'4'!$A$56:$AK$79,COLUMN('4'!AB$1),0) -> 80 | G29: =VLOOKUP($B29,'4'!$A$56:$AK$79,COLUMN('4'!AC$1),0) -> 80 | H29: =VLOOKUP($B29,'4'!$A$56:$AK$79,COLUMN('4'!AD$1),0) -> 0.70212766 | I29: =VLOOKUP($B29,'4'!$A$56:$AK$79,COLUMN('4'!AE$1),0) -> 0 | J29: =VLOOKUP($B29,'4'!$A$56:$AK$79,COLUMN('4'!AF$1),0) -> 0.17647059 | K29: =VLOOKUP($B29,'4'!$A$56:$AK$79,COLUMN('4'!AG$1),0) -> 125 | L29: =VLOOKUP($B29,'4'!$A$56:$AK$79,COLUMN('4'!AH$1),0) -> 170 | ... O29: =VLOOKUP($B29,'4'!$A$56:$AK$79,COLUMN('4'!AK$1),0) -> 1 | P29: =IFERROR(VLOOKUP($C29,Sheet5!$C:$K,COLUMN(Sheet5!D$2)-2,0),"") | Q29: =IFERROR(VLOOKUP($C29,Sheet5!$C:$K,COLUMN(Sheet5!E$2)-2,0),"") | R29: =IFERROR(VLOOKUP($C29,Sheet5!$C:$K,COLUMN(Sheet5!F$2)-2,0),"") | S29: =IFERROR(VLOOKUP($C29,Sheet5!$C:$K,COLUMN(Sheet5!G$2)-2,0),"") | T29: =IFERROR(VLOOKUP($C29,Sheet5!$C:$K,COLUMN(Sheet5!H$2)-2,0),"") | U29: =IFERROR(VLOOKUP($C29,Sheet5!$C:$K,COLUMN(Sheet5!I$2)-2,0),"") | V29: 201 | W29: 184 | X29: =W29-V29 -> -17
B30: 21 | C30: =VLOOKUP($B30,'4'!$A$56:$AK$79,COLUMN('4'!Z$1),0) -> 齐市彤祥 | D30: =VLOOKUP(C30,'4'!AL:AM,2,0) -> 齐齐哈尔城区所 | E30: =VLOOKUP($B30,'4'!$A$56:$AK$79,COLUMN('4'!AA$1),0) -> 150 | F30: =VLOOKUP($B30,'4'!$A$56:$AK$79,COLUMN('4'!AB$1),0) -> 423 | G30: =VLOOKUP($B30,'4'!$A$56:$AK$79,COLUMN('4'!AC$1),0) -> 288 | H30: =VLOOKUP($B30,'4'!$A$56:$AK$79,COLUMN('4'!AD$1),0) -> -0.42307692 | I30: =VLOOKUP($B30,'4'!$A$56:$AK$79,COLUMN('4'!AE$1),0) -> 0.62692308 | J30: =VLOOKUP($B30,'4'!$A$56:$AK$79,COLUMN('4'!AF$1),0) -> 0.82278481 | K30: =VLOOKUP($B30,'4'!$A$56:$AK$79,COLUMN('4'!AG$1),0) -> 580 | L30: =VLOOKUP($B30,'4'!$A$56:$AK$79,COLUMN('4'!AH$1),0) -> 876 | ... O30: =VLOOKUP($B30,'4'!$A$56:$AK$79,COLUMN('4'!AK$1),0) -> 1 | P30: =IFERROR(VLOOKUP($C30,Sheet5!$C:$K,COLUMN(Sheet5!D$2)-2,0),"") -> 0.97927461 | Q30: =IFERROR(VLOOKUP($C30,Sheet5!$C:$K,COLUMN(Sheet5!E$2)-2,0),"") -> 0.23214286 | R30: =IFERROR(VLOOKUP($C30,Sheet5!$C:$K,COLUMN(Sheet5!F$2)-2,0),"") -> 0.31481481 | S30: =IFERROR(VLOOKUP($C30,Sheet5!$C:$K,COLUMN(Sheet5!G$2)-2,0),"") -> 0.61333333 | T30: =IFERROR(VLOOKUP($C30,Sheet5!$C:$K,COLUMN(Sheet5!H$2)-2,0),"") -> 0.36160714 | U30: =IFERROR(VLOOKUP($C30,Sheet5!$C:$K,COLUMN(Sheet5!I$2)-2,0),"") -> 0.5915493 | V30: 271 | W30: 431 | X30: =W30-V30 -> 160
B31: 22 | C31: =VLOOKUP($B31,'4'!$A$56:$AK$79,COLUMN('4'!Z$1),0) -> 大杨树春彤 | D31: =VLOOKUP(C31,'4'!AL:AM,2,0) -> 兴安外埠所 | E31: =VLOOKUP($B31,'4'!$A$56:$AK$79,COLUMN('4'!AA$1),0) -> 100 | F31: =VLOOKUP($B31,'4'!$A$56:$AK$79,COLUMN('4'!AB$1),0) -> 223 | G31: =VLOOKUP($B31,'4'!$A$56:$AK$79,COLUMN('4'!AC$1),0) -> 148 | H31: =VLOOKUP($B31,'4'!$A$56:$AK$79,COLUMN('4'!AD$1),0) -> -0.16666667 | I31: =VLOOKUP($B31,'4'!$A$56:$AK$79,COLUMN('4'!AE$1),0) -> 0.037209302 | J31: =VLOOKUP($B31,'4'!$A$56:$AK$79,COLUMN('4'!AF$1),0) -> -0.37021277 | K31: =VLOOKUP($B31,'4'!$A$56:$AK$79,COLUMN('4'!AG$1),0) -> 125 | L31: =VLOOKUP($B31,'4'!$A$56:$AK$79,COLUMN('4'!AH$1),0) -> 208 | ... O31: =VLOOKUP($B31,'4'!$A$56:$AK$79,COLUMN('4'!AK$1),0) -> 1 | P31: =IFERROR(VLOOKUP($C31,Sheet5!$C:$K,COLUMN(Sheet5!D$2)-2,0),"") -> 0.83098592 | Q31: =IFERROR(VLOOKUP($C31,Sheet5!$C:$K,COLUMN(Sheet5!E$2)-2,0),"") -> 0.16494845 | R31: =IFERROR(VLOOKUP($C31,Sheet5!$C:$K,COLUMN(Sheet5!F$2)-2,0),"") -> 0.17886179 | S31: =IFERROR(VLOOKUP($C31,Sheet5!$C:$K,COLUMN(Sheet5!G$2)-2,0),"") -> 0.55555556 | T31: =IFERROR(VLOOKUP($C31,Sheet5!$C:$K,COLUMN(Sheet5!H$2)-2,0),"") -> 0.2371134 | U31: =IFERROR(VLOOKUP($C31,Sheet5!$C:$K,COLUMN(Sheet5!I$2)-2,0),"") -> 0.44444444 | V31: 439 | W31: 167 | X31: =W31-V31 -> -272
B32: 23 | C32: =VLOOKUP($B32,'4'!$A$56:$AK$79,COLUMN('4'!Z$1),0) -> 根河乐买家 | D32: =VLOOKUP(C32,'4'!AL:AM,2,0) -> 呼盟外埠所 | E32: =VLOOKUP($B32,'4'!$A$56:$AK$79,COLUMN('4'!AA$1),0) -> 201 | F32: =VLOOKUP($B32,'4'!$A$56:$AK$79,COLUMN('4'!AB$1),0) -> 332 | G32: =VLOOKUP($B32,'4'!$A$56:$AK$79,COLUMN('4'!AC$1),0) -> 280 | H32: =VLOOKUP($B32,'4'!$A$56:$AK$79,COLUMN('4'!AD$1),0) -> -0.31399317 | I32: =VLOOKUP($B32,'4'!$A$56:$AK$79,COLUMN('4'!AE$1),0) -> 0.12542373 | J32: =VLOOKUP($B32,'4'!$A$56:$AK$79,COLUMN('4'!AF$1),0) -> -0.37219731 | K32: =VLOOKUP($B32,'4'!$A$56:$AK$79,COLUMN('4'!AG$1),0) -> 325 | L32: =VLOOKUP($B32,'4'!$A$56:$AK$79,COLUMN('4'!AH$1),0) -> 576 | ... O32: =VLOOKUP($B32,'4'!$A$56:$AK$79,COLUMN('4'!AK$1),0) -> 1 | P32: =IFERROR(VLOOKUP($C32,Sheet5!$C:$K,COLUMN(Sheet5!D$2)-2,0),"") -> 0.93589744 | Q32: =IFERROR(VLOOKUP($C32,Sheet5!$C:$K,COLUMN(Sheet5!E$2)-2,0),"") -> 0.67619048 | R32: =IFERROR(VLOOKUP($C32,Sheet5!$C:$K,COLUMN(Sheet5!F$2)-2,0),"") -> 0.71428571 | S32: =IFERROR(VLOOKUP($C32,Sheet5!$C:$K,COLUMN(Sheet5!G$2)-2,0),"") -> 1 | T32: =IFERROR(VLOOKUP($C32,Sheet5!$C:$K,COLUMN(Sheet5!H$2)-2,0),"") -> 0.67619048 | U32: =IFERROR(VLOOKUP($C32,Sheet5!$C:$K,COLUMN(Sheet5!I$2)-2,0),"") -> 0.9 | V32: 321 | W32: 551 | X32: =W32-V32 -> 230
B33: 24 | C33: =VLOOKUP($B33,'4'!$A$56:$AK$79,COLUMN('4'!Z$1),0) -> 海拉鑫福达 | D33: =VLOOKUP(C33,'4'!AL:AM,2,0) -> 海拉尔城区所 | E33: =VLOOKUP($B33,'4'!$A$56:$AK$79,COLUMN('4'!AA$1),0) -> 150 | F33: =VLOOKUP($B33,'4'!$A$56:$AK$79,COLUMN('4'!AB$1),0) -> 288 | G33: =VLOOKUP($B33,'4'!$A$56:$AK$79,COLUMN('4'!AC$1),0) -> 173 | H33: =VLOOKUP($B33,'4'!$A$56:$AK$79,COLUMN('4'!AD$1),0) -> -0.038461538 | I33: =VLOOKUP($B33,'4'!$A$56:$AK$79,COLUMN('4'!AE$1),0) -> 0.81132075 | J33: =VLOOKUP($B33,'4'!$A$56:$AK$79,COLUMN('4'!AF$1),0) -> 1.6212121 | K33: =VLOOKUP($B33,'4'!$A$56:$AK$79,COLUMN('4'!AG$1),0) -> 231.25 | L33: =VLOOKUP($B33,'4'!$A$56:$AK$79,COLUMN('4'!AH$1),0) -> 441 | ... O33: =VLOOKUP($B33,'4'!$A$56:$AK$79,COLUMN('4'!AK$1),0) -> 1 | P33: =IFERROR(VLOOKUP($C33,Sheet5!$C:$K,COLUMN(Sheet5!D$2)-2,0),"") -> 0.98578199 | Q33: =IFERROR(VLOOKUP($C33,Sheet5!$C:$K,COLUMN(Sheet5!E$2)-2,0),"") -> 0.088328076 | R33: =IFERROR(VLOOKUP($C33,Sheet5!$C:$K,COLUMN(Sheet5!F$2)-2,0),"") -> 0.25925926 | S33: =IFERROR(VLOOKUP($C33,Sheet5!$C:$K,COLUMN(Sheet5!G$2)-2,0),"") -> 0.46031746 | T33: =IFERROR(VLOOKUP($C33,Sheet5!$C:$K,COLUMN(Sheet5!H$2)-2,0),"") -> 0.20192308 | U33: =IFERROR(VLOOKUP($C33,Sheet5!$C:$K,COLUMN(Sheet5!I$2)-2,0),"") -> 0.39655172 | V33: 145 | W33: 145 | X33: =W33-V33 -> 0

Sheet Sheet4
B2: 排名 | C2: 黑中部 | E2: 出货 | H2: 成长 | K2: =Sheet3!K2 -> 2505 | P2: TOP5口味BI铺货率 | V2: 实盘库存
C3: 客户 | D3: 营业所 | E3: =Sheet3!E3 -> 2502 | F3: =Sheet3!F3 -> 2503 | G3: =Sheet3!G3 -> 2504 | H3: =Sheet3!H3 -> 2502 | I3: =Sheet3!I3 -> 2503 | J3: =Sheet3!J3 -> 2504 | K3: 出货 | L3: 同期 | M3: 成长 | N3: 目标 | O3: 达成 | P3: 椒盐小酥肉 | Q3: 鸡汁原味 | R3: 烤羊肉串 | S3: 麻辣小龙虾 | T3: 香葱鸡汁味 | U3: 香烤鱿鱼 | V3: 4月 | W3: 5月 | X3: 环比
B4: 黑中营业部 | E4: =基础表!E32 -> 7305 | F4: =基础表!F32 -> 6817 | G4: =基础表!G32 -> 5102 | H4: =基础表!H32 -> 0.0004091653 | I4: =基础表!I32 -> -0.14776847 | J4: =基础表!J32 -> -0.14753551 | K4: =基础表!K32 -> #REF! | L4: =基础表!L32 -> #REF! | ... U4: =基础表!U32 -> #REF!
B5: 1 | C5: =VLOOKUP($B5,基础表!$A$26:$U$31,COLUMN(基础表!D1),0) -> #N/A | E5: =VLOOKUP($B5,基础表!$A$26:$U$31,COLUMN(基础表!E1),0) -> #N/A | F5: =VLOOKUP($B5,基础表!$A$26:$U$31,COLUMN(基础表!F1),0) -> #N/A | G5: =VLOOKUP($B5,基础表!$A$26:$U$31,COLUMN(基础表!G1),0) -> #N/A | H5: =VLOOKUP($B5,基础表!$A$26:$U$31,COLUMN(基础表!H1),0) -> #N/A | I5: =VLOOKUP($B5,基础表!$A$26:$U$31,COLUMN(基础表!I1),0) -> #N/A | J5: =VLOOKUP($B5,基础表!$A$26:$U$31,COLUMN(基础表!J1),0) -> #N/A | K5: =VLOOKUP($B5,基础表!$A$26:$U$31,COLUMN(基础表!K1),0) -> #N/A | L5: =VLOOKUP($B5,基础表!$A$26:$U$31,COLUMN(基础表!L1),0) -> #N/A | ... U5: =VLOOKUP($B5,基础表!$A$26:$U$31,COLUMN(基础表!U1),0) -> #N/A
B6: 2 | C6: =VLOOKUP($B6,基础表!$A$26:$U$31,COLUMN(基础表!D2),0) -> #N/A | E6: =VLOOKUP($B6,基础表!$A$26:$U$31,COLUMN(基础表!E2),0) -> #N/A | F6: =VLOOKUP($B6,基础表!$A$26:$U$31,COLUMN(基础表!F2),0) -> #N/A | G6: =VLOOKUP($B6,基础表!$A$26:$U$31,COLUMN(基础表!G2),0) -> #N/A | H6: =VLOOKUP($B6,基础表!$A$26:$U$31,COLUMN(基础表!H2),0) -> #N/A | I6: =VLOOKUP($B6,基础表!$A$26:$U$31,COLUMN(基础表!I2),0) -> #N/A | J6: =VLOOKUP($B6,基础表!$A$26:$U$31,COLUMN(基础表!J2),0) -> #N/A | K6: =VLOOKUP($B6,基础表!$A$26:$U$31,COLUMN(基础表!K2),0) -> #N/A | L6: =VLOOKUP($B6,基础表!$A$26:$U$31,COLUMN(基础表!L2),0) -> #N/A | ... U6: =VLOOKUP($B6,基础表!$A$26:$U$31,COLUMN(基础表!U2),0) -> #N/A
B7: 3 | C7: =VLOOKUP($B7,基础表!$A$26:$U$31,COLUMN(基础表!D3),0) -> #N/A | E7: =VLOOKUP($B7,基础表!$A$26:$U$31,COLUMN(基础表!E3),0) -> #N/A | F7: =VLOOKUP($B7,基础表!$A$26:$U$31,COLUMN(基础表!F3),0) -> #N/A | G7: =VLOOKUP($B7,基础表!$A$26:$U$31,COLUMN(基础表!G3),0) -> #N/A | H7: =VLOOKUP($B7,基础表!$A$26:$U$31,COLUMN(基础表!H3),0) -> #N/A | I7: =VLOOKUP($B7,基础表!$A$26:$U$31,COLUMN(基础表!I3),0) -> #N/A | J7: =VLOOKUP($B7,基础表!$A$26:$U$31,COLUMN(基础表!J3),0) -> #N/A | K7: =VLOOKUP($B7,基础表!$A$26:$U$31,COLUMN(基础表!K3),0) -> #N/A | L7: =VLOOKUP($B7,基础表!$A$26:$U$31,COLUMN(基础表!L3),0) -> #N/A | ... U7: =VLOOKUP($B7,基础表!$A$26:$U$31,COLUMN(基础表!U3),0) -> #N/A
B8: 4 | C8: =VLOOKUP($B8,基础表!$A$26:$U$31,COLUMN(基础表!D4),0) -> #N/A | E8: =VLOOKUP($B8,基础表!$A$26:$U$31,COLUMN(基础表!E4),0) -> #N/A | F8: =VLOOKUP($B8,基础表!$A$26:$U$31,COLUMN(基础表!F4),0) -> #N/A | G8: =VLOOKUP($B8,基础表!$A$26:$U$31,COLUMN(基础表!G4),0) -> #N/A | H8: =VLOOKUP($B8,基础表!$A$26:$U$31,COLUMN(基础表!H4),0) -> #N/A | I8: =VLOOKUP($B8,基础表!$A$26:$U$31,COLUMN(基础表!I4),0) -> #N/A | J8: =VLOOKUP($B8,基础表!$A$26:$U$31,COLUMN(基础表!J4),0) -> #N/A | K8: =VLOOKUP($B8,基础表!$A$26:$U$31,COLUMN(基础表!K4),0) -> #N/A | L8: =VLOOKUP($B8,基础表!$A$26:$U$31,COLUMN(基础表!L4),0) -> #N/A | ... U8: =VLOOKUP($B8,基础表!$A$26:$U$31,COLUMN(基础表!U4),0) -> #N/A
B9: 5 | C9: =VLOOKUP($B9,基础表!$A$26:$U$31,COLUMN(基础表!D5),0) -> #N/A | E9: =VLOOKUP($B9,基础表!$A$26:$U$31,COLUMN(基础表!E5),0) -> #N/A | F9: =VLOOKUP($B9,基础表!$A$26:$U$31,COLUMN(基础表!F5),0) -> #N/A | G9: =VLOOKUP($B9,基础表!$A$26:$U$31,COLUMN(基础表!G5),0) -> #N/A | H9: =VLOOKUP($B9,基础表!$A$26:$U$31,COLUMN(基础表!H5),0) -> #N/A | I9: =VLOOKUP($B9,基础表!$A$26:$U$31,COLUMN(基础表!I5),0) -> #N/A | J9: =VLOOKUP($B9,基础表!$A$26:$U$31,COLUMN(基础表!J5),0) -> #N/A | K9: =VLOOKUP($B9,基础表!$A$26:$U$31,COLUMN(基础表!K5),0) -> #N/A | L9: =VLOOKUP($B9,基础表!$A$26:$U$31,COLUMN(基础表!L5),0) -> #N/A | ... U9: =VLOOKUP($B9,基础表!$A$26:$U$31,COLUMN(基础表!U5),0) -> #N/A
B10: 6 | C10: =VLOOKUP($B10,基础表!$A$26:$U$31,COLUMN(基础表!D6),0) -> #N/A | E10: =VLOOKUP($B10,基础表!$A$26:$U$31,COLUMN(基础表!E6),0) -> #N/A | F10: =VLOOKUP($B10,基础表!$A$26:$U$31,COLUMN(基础表!F6),0) -> #N/A | G10: =VLOOKUP($B10,基础表!$A$26:$U$31,COLUMN(基础表!G6),0) -> #N/A | H10: =VLOOKUP($B10,基础表!$A$26:$U$31,COLUMN(基础表!H6),0) -> #N/A | I10: =VLOOKUP($B10,基础表!$A$26:$U$31,COLUMN(基础表!I6),0) -> #N/A | J10: =VLOOKUP($B10,基础表!$A$26:$U$31,COLUMN(基础表!J6),0) -> #N/A | K10: =VLOOKUP($B10,基础表!$A$26:$U$31,COLUMN(基础表!K6),0) -> #N/A | L10: =VLOOKUP($B10,基础表!$A$26:$U$31,COLUMN(基础表!L6),0) -> #N/A | ... U10: =VLOOKUP($B10,基础表!$A$26:$U$31,COLUMN(基础表!U6),0) -> #N/A
B11: 1 | C11: =VLOOKUP($B11,'4'!$A$80:$AK$111,COLUMN('4'!Z$1),0) -> 绥棱于坤 | D11: =VLOOKUP(C11,'4'!AL:AM,2,0) -> 伊春外埠所 | E11: =VLOOKUP($B11,'4'!$A$80:$AK$111,COLUMN('4'!AA$1),0) -> 162 | F11: =VLOOKUP($B11,'4'!$A$80:$AK$111,COLUMN('4'!AB$1),0) -> 321 | G11: =VLOOKUP($B11,'4'!$A$80:$AK$111,COLUMN('4'!AC$1),0) -> 200 | H11: =VLOOKUP($B11,'4'!$A$80:$AK$111,COLUMN('4'!AD$1),0) -> -0.14736842 | I11: =VLOOKUP($B11,'4'!$A$80:$AK$111,COLUMN('4'!AE$1),0) -> 0.052459016 | J11: =VLOOKUP($B11,'4'!$A$80:$AK$111,COLUMN('4'!AF$1),0) -> -0.15966387 | K11: =VLOOKUP($B11,'4'!$A$80:$AK$111,COLUMN('4'!AG$1),0) -> 375 | L11: =VLOOKUP($B11,'4'!$A$80:$AK$111,COLUMN('4'!AH$1),0) -> 215 | ... O11: =VLOOKUP($B11,'4'!$A$80:$AK$111,COLUMN('4'!AK$1),0) -> 1 | P11: =IFERROR(VLOOKUP($C11,Sheet5!$C:$K,COLUMN(Sheet5!D$2)-2,0),"") -> 1 | Q11: =IFERROR(VLOOKUP($C11,Sheet5!$C:$K,COLUMN(Sheet5!E$2)-2,0),"") -> 0.9112426 | R11: =IFERROR(VLOOKUP($C11,Sheet5!$C:$K,COLUMN(Sheet5!F$2)-2,0),"") -> 0.99386503 | S11: =IFERROR(VLOOKUP($C11,Sheet5!$C:$K,COLUMN(Sheet5!G$2)-2,0),"") -> 1 | T11: =IFERROR(VLOOKUP($C11,Sheet5!$C:$K,COLUMN(Sheet5!H$2)-2,0),"") -> 0.98816568 | U11: =IFERROR(VLOOKUP($C11,Sheet5!$C:$K,COLUMN(Sheet5!I$2)-2,0),"") -> 1
B12: 2 | C12: =VLOOKUP($B12,'4'!$A$80:$AK$111,COLUMN('4'!Z$1),0) -> 拜泉卓润 | D12: =VLOOKUP(C12,'4'!AL:AM,2,0) -> 海伦外埠所 | E12: =VLOOKUP($B12,'4'!$A$80:$AK$111,COLUMN('4'!AA$1),0) -> 100 | F12: =VLOOKUP($B12,'4'!$A$80:$AK$111,COLUMN('4'!AB$1),0) -> 120 | G12: =VLOOKUP($B12,'4'!$A$80:$AK$111,COLUMN('4'!AC$1),0) -> 440 | H12: =VLOOKUP($B12,'4'!$A$80:$AK$111,COLUMN('4'!AD$1),0) -> 3.3478261 | I12: =VLOOKUP($B12,'4'!$A$80:$AK$111,COLUMN('4'!AE$1),0) -> -0.04 | J12: =VLOOKUP($B12,'4'!$A$80:$AK$111,COLUMN('4'!AF$1),0) | K12: =VLOOKUP($B12,'4'!$A$80:$AK$111,COLUMN('4'!AG$1),0) -> 150 | L12: =VLOOKUP($B12,'4'!$A$80:$AK$111,COLUMN('4'!AH$1),0) -> 90 | ... O12: =VLOOKUP($B12,'4'!$A$80:$AK$111,COLUMN('4'!AK$1),0) -> 1 | P12: =IFERROR(VLOOKUP($C12,Sheet5!$C:$K,COLUMN(Sheet5!D$2)-2,0),"") -> 0.79166667 | Q12: =IFERROR(VLOOKUP($C12,Sheet5!$C:$K,COLUMN(Sheet5!E$2)-2,0),"") -> 0.65100671 | R12: =IFERROR(VLOOKUP($C12,Sheet5!$C:$K,COLUMN(Sheet5!F$2)-2,0),"") -> 0.58938547 | S12: =IFERROR(VLOOKUP($C12,Sheet5!$C:$K,COLUMN(Sheet5!G$2)-2,0),"") -> 0.60714286 | T12: =IFERROR(VLOOKUP($C12,Sheet5!$C:$K,COLUMN(Sheet5!H$2)-2,0),"") -> 0.75838926 | U12: =IFERROR(VLOOKUP($C12,Sheet5!$C:$K,COLUMN(Sheet5!I$2)-2,0),"") -> 0.78571429
B13: 3 | C13: =VLOOKUP($B13,'4'!$A$80:$AK$111,COLUMN('4'!Z$1),0) -> 依安杜樽 | D13: =VLOOKUP(C13,'4'!AL:AM,2,0) -> 海伦外埠所 | E13: =VLOOKUP($B13,'4'!$A$80:$AK$111,COLUMN('4'!AA$1),0) -> 118 | F13: =VLOOKUP($B13,'4'!$A$80:$AK$111,COLUMN('4'!AB$1),0) -> 150 | G13: =VLOOKUP($B13,'4'!$A$80:$AK$111,COLUMN('4'!AC$1),0) -> 340 | H13: =VLOOKUP($B13,'4'!$A$80:$AK$111,COLUMN('4'!AD$1),0) -> -0.1862069 | I13: =VLOOKUP($B13,'4'!$A$80:$AK$111,COLUMN('4'!AE$1),0) -> -0.55621302 | J13: =VLOOKUP($B13,'4'!$A$80:$AK$111,COLUMN('4'!AF$1),0) -> -0.18660287 | K13: =VLOOKUP($B13,'4'!$A$80:$AK$111,COLUMN('4'!AG$1),0) -> 450 | L13: =VLOOKUP($B13,'4'!$A$80:$AK$111,COLUMN('4'!AH$1),0) -> 280 | ... O13: =VLOOKUP($B13,'4'!$A$80:$AK$111,COLUMN('4'!AK$1),0) | P13: =IFERROR(VLOOKUP($C13,Sheet5!$C:$K,COLUMN(Sheet5!D$2)-2,0),"") | Q13: =IFERROR(VLOOKUP($C13,Sheet5!$C:$K,COLUMN(Sheet5!E$2)-2,0),"") | R13: =IFERROR(VLOOKUP($C13,Sheet5!$C:$K,COLUMN(Sheet5!F$2)-2,0),"") | S13: =IFERROR(VLOOKUP($C13,Sheet5!$C:$K,COLUMN(Sheet5!G$2)-2,0),"") | T13: =IFERROR(VLOOKUP($C13,Sheet5!$C:$K,COLUMN(Sheet5!H$2)-2,0),"") | U13: =IFERROR(VLOOKUP($C13,Sheet5!$C:$K,COLUMN(Sheet5!I$2)-2,0),"")
B14: 4 | C14: =VLOOKUP($B14,'4'!$A$80:$AK$111,COLUMN('4'!Z$1),0) -> 嘉荫汇丰 | D14: =VLOOKUP(C14,'4'!AL:AM,2,0) -> 伊春外埠所 | E14: =VLOOKUP($B14,'4'!$A$80:$AK$111,COLUMN('4'!AA$1),0) -> 100 | F14: =VLOOKUP($B14,'4'!$A$80:$AK$111,COLUMN('4'!AB$1),0) -> 80 | G14: =VLOOKUP($B14,'4'!$A$80:$AK$111,COLUMN('4'!AC$1),0) -> 80 | H14: =VLOOKUP($B14,'4'!$A$80:$AK$111,COLUMN('4'!AD$1),0) | I14: =VLOOKUP($B14,'4'!$A$80:$AK$111,COLUMN('4'!AE$1),0) -> 0.25 | J14: =VLOOKUP($B14,'4'!$A$80:$AK$111,COLUMN('4'!AF$1),0) | K14: =VLOOKUP($B14,'4'!$A$80:$AK$111,COLUMN('4'!AG$1),0) -> 100 | L14: =VLOOKUP($B14,'4'!$A$80:$AK$111,COLUMN('4'!AH$1),0) -> 65 | ... O14: =VLOOKUP($B14,'4'!$A$80:$AK$111,COLUMN('4'!AK$1),0) -> 1 | P14: =IFERROR(VLOOKUP($C14,Sheet5!$C:$K,COLUMN(Sheet5!D$2)-2,0),"") -> 0.80952381 | Q14: =IFERROR(VLOOKUP($C14,Sheet5!$C:$K,COLUMN(Sheet5!E$2)-2,0),"") -> 0.087719298 | R14: =IFERROR(VLOOKUP($C14,Sheet5!$C:$K,COLUMN(Sheet5!F$2)-2,0),"") -> 0.12790698 | S14: =IFERROR(VLOOKUP($C14,Sheet5!$C:$K,COLUMN(Sheet5!G$2)-2,0),"") -> 1 | T14: =IFERROR(VLOOKUP($C14,Sheet5!$C:$K,COLUMN(Sheet5!H$2)-2,0),"") -> 0.1754386 | U14: =IFERROR(VLOOKUP($C14,Sheet5!$C:$K,COLUMN(Sheet5!I$2)-2,0),"") -> 0
B15: 5 | C15: =VLOOKUP($B15,'4'!$A$80:$AK$111,COLUMN('4'!Z$1),0) -> 克东盈利 | D15: =VLOOKUP(C15,'4'!AL:AM,2,0) -> 海伦外埠所 | E15: =VLOOKUP($B15,'4'!$A$80:$AK$111,COLUMN('4'!AA$1),0) -> 80 | F15: =VLOOKUP($B15,'4'!$A$80:$AK$111,COLUMN('4'!AB$1),0) -> 83 | G15: =VLOOKUP($B15,'4'!$A$80:$AK$111,COLUMN('4'!AC$1),0) -> 80 | H15: =VLOOKUP($B15,'4'!$A$80:$AK$111,COLUMN('4'!AD$1),0) -> -0.36507937 | I15: =VLOOKUP($B15,'4'!$A$80:$AK$111,COLUMN('4'!AE$1),0) -> -0.3515625 | J15: =VLOOKUP($B15,'4'!$A$80:$AK$111,COLUMN('4'!AF$1),0) -> -0.6 | K15: =VLOOKUP($B15,'4'!$A$80:$AK$111,COLUMN('4'!AG$1),0) -> 126.25 | L15: =VLOOKUP($B15,'4'!$A$80:$AK$111,COLUMN('4'!AH$1),0) -> 101 | ... O15: =VLOOKUP($B15,'4'!$A$80:$AK$111,COLUMN('4'!AK$1),0) -> 1 | P15: =IFERROR(VLOOKUP($C15,Sheet5!$C:$K,COLUMN(Sheet5!D$2)-2,0),"") -> 1 | Q15: =IFERROR(VLOOKUP($C15,Sheet5!$C:$K,COLUMN(Sheet5!E$2)-2,0),"") -> 0.98913043 | R15: =IFERROR(VLOOKUP($C15,Sheet5!$C:$K,COLUMN(Sheet5!F$2)-2,0),"") -> 0.98675497 | S15: =IFERROR(VLOOKUP($C15,Sheet5!$C:$K,COLUMN(Sheet5!G$2)-2,0),"") -> 1 | T15: =IFERROR(VLOOKUP($C15,Sheet5!$C:$K,COLUMN(Sheet5!H$2)-2,0),"") -> 1 | U15: =IFERROR(VLOOKUP($C15,Sheet5!$C:$K,COLUMN(Sheet5!I$2)-2,0),"") -> 1
B16: 6 | C16: =VLOOKUP($B16,'4'!$A$80:$AK$111,COLUMN('4'!Z$1),0) -> #N/A | D16: =VLOOKUP(C16,'4'!AL:AM,2,0) -> #N/A | E16: =VLOOKUP($B16,'4'!$A$80:$AK$111,COLUMN('4'!AA$1),0) -> #N/A | F16: =VLOOKUP($B16,'4'!$A$80:$AK$111,COLUMN('4'!AB$1),0) -> #N/A | G16: =VLOOKUP($B16,'4'!$A$80:$AK$111,COLUMN('4'!AC$1),0) -> #N/A | H16: =VLOOKUP($B16,'4'!$A$80:$AK$111,COLUMN('4'!AD$1),0) -> #N/A | I16: =VLOOKUP($B16,'4'!$A$80:$AK$111,COLUMN('4'!AE$1),0) -> #N/A | J16: =VLOOKUP($B16,'4'!$A$80:$AK$111,COLUMN('4'!AF$1),0) -> #N/A | K16: =VLOOKUP($B16,'4'!$A$80:$AK$111,COLUMN('4'!AG$1),0) -> #N/A | L16: =VLOOKUP($B16,'4'!$A$80:$AK$111,COLUMN('4'!AH$1),0) -> #N/A | ... O16: =VLOOKUP($B16,'4'!$A$80:$AK$111,COLUMN('4'!AK$1),0) -> #N/A | P16: =IFERROR(VLOOKUP($C16,Sheet5!$C:$K,COLUMN(Sheet5!D$2)-2,0),"") | Q16: =IFERROR(VLOOKUP($C16,Sheet5!$C:$K,COLUMN(Sheet5!E$2)-2,0),"") | R16: =IFERROR(VLOOKUP($C16,Sheet5!$C:$K,COLUMN(Sheet5!F$2)-2,0),"") | S16: =IFERROR(VLOOKUP($C16,Sheet5!$C:$K,COLUMN(Sheet5!G$2)-2,0),"") | T16: =IFERROR(VLOOKUP($C16,Sheet5!$C:$K,COLUMN(Sheet5!H$2)-2,0),"") | U16: =IFERROR(VLOOKUP($C16,Sheet5!$C:$K,COLUMN(Sheet5!I$2)-2,0),"")
B17: 7 | C17: =VLOOKUP($B17,'4'!$A$80:$AK$111,COLUMN('4'!Z$1),0) -> 肇东汇百康 | D17: =VLOOKUP(C17,'4'!AL:AM,2,0) -> 肇东外埠所 | E17: =VLOOKUP($B17,'4'!$A$80:$AK$111,COLUMN('4'!AA$1),0) -> 300 | F17: =VLOOKUP($B17,'4'!$A$80:$AK$111,COLUMN('4'!AB$1),0) -> 760 | G17: =VLOOKUP($B17,'4'!$A$80:$AK$111,COLUMN('4'!AC$1),0) -> 203 | H17: =VLOOKUP($B17,'4'!$A$80:$AK$111,COLUMN('4'!AD$1),0) -> -0.013157895 | I17: =VLOOKUP($B17,'4'!$A$80:$AK$111,COLUMN('4'!AE$1),0) -> -0.019354839 | J17: =VLOOKUP($B17,'4'!$A$80:$AK$111,COLUMN('4'!AF$1),0) -> -0.34516129 | K17: =VLOOKUP($B17,'4'!$A$80:$AK$111,COLUMN('4'!AG$1),0) -> 487.5 | L17: =VLOOKUP($B17,'4'!$A$80:$AK$111,COLUMN('4'!AH$1),0) -> 407 | ... O17: =VLOOKUP($B17,'4'!$A$80:$AK$111,COLUMN('4'!AK$1),0) -> 1 | P17: =IFERROR(VLOOKUP($C17,Sheet5!$C:$K,COLUMN(Sheet5!D$2)-2,0),"") -> 1 | Q17: =IFERROR(VLOOKUP($C17,Sheet5!$C:$K,COLUMN(Sheet5!E$2)-2,0),"") -> 0.98891353 | R17: =IFERROR(VLOOKUP($C17,Sheet5!$C:$K,COLUMN(Sheet5!F$2)-2,0),"") -> 0.99092088 | S17: =IFERROR(VLOOKUP($C17,Sheet5!$C:$K,COLUMN(Sheet5!G$2)-2,0),"") -> 1 | T17: =IFERROR(VLOOKUP($C17,Sheet5!$C:$K,COLUMN(Sheet5!H$2)-2,0),"") -> 0.98871332 | U17: =IFERROR(VLOOKUP($C17,Sheet5!$C:$K,COLUMN(Sheet5!I$2)-2,0),"") -> 1
B18: 8 | C18: =VLOOKUP($B18,'4'!$A$80:$AK$111,COLUMN('4'!Z$1),0) -> 兴隆鑫康鸿 | D18: =VLOOKUP(C18,'4'!AL:AM,2,0) -> 绥化外埠所 | E18: =VLOOKUP($B18,'4'!$A$80:$AK$111,COLUMN('4'!AA$1),0) -> 100 | F18: =VLOOKUP($B18,'4'!$A$80:$AK$111,COLUMN('4'!AB$1),0) -> 235 | G18: =VLOOKUP($B18,'4'!$A$80:$AK$111,COLUMN('4'!AC$1),0) -> 205 | H18: =VLOOKUP($B18,'4'!$A$80:$AK$111,COLUMN('4'!AD$1),0) -> -0.13043478 | I18: =VLOOKUP($B18,'4'!$A$80:$AK$111,COLUMN('4'!AE$1),0) -> 0 | J18: =VLOOKUP($B18,'4'!$A$80:$AK$111,COLUMN('4'!AF$1),0) -> 0.27329193 | K18: =VLOOKUP($B18,'4'!$A$80:$AK$111,COLUMN('4'!AG$1),0) -> 125 | L18: =VLOOKUP($B18,'4'!$A$80:$AK$111,COLUMN('4'!AH$1),0) -> 105 | ... O18: =VLOOKUP($B18,'4'!$A$80:$AK$111,COLUMN('4'!AK$1),0) -> 1 | P18: =IFERROR(VLOOKUP($C18,Sheet5!$C:$K,COLUMN(Sheet5!D$2)-2,0),"") -> 0.98181818 | Q18: =IFERROR(VLOOKUP($C18,Sheet5!$C:$K,COLUMN(Sheet5!E$2)-2,0),"") -> 0.98684211 | R18: =IFERROR(VLOOKUP($C18,Sheet5!$C:$K,COLUMN(Sheet5!F$2)-2,0),"") -> 0.99337748 | S18: =IFERROR(VLOOKUP($C18,Sheet5!$C:$K,COLUMN(Sheet5!G$2)-2,0),"") -> 1 | T18: =IFERROR(VLOOKUP($C18,Sheet5!$C:$K,COLUMN(Sheet5!H$2)-2,0),"") -> 0.98684211 | U18: =IFERROR(VLOOKUP($C18,Sheet5!$C:$K,COLUMN(Sheet5!I$2)-2,0),"") -> 1
B19: 9 | C19: =VLOOKUP($B19,'4'!$A$80:$AK$111,COLUMN('4'!Z$1),0) -> 明水百佳惠 | D19: =VLOOKUP(C19,'4'!AL:AM,2,0) -> 绥化外埠所 | E19: =VLOOKUP($B19,'4'!$A$80:$AK$111,COLUMN('4'!AA$1),0) -> 144 | F19: =VLOOKUP($B19,'4'!$A$80:$AK$111,COLUMN('4'!AB$1),0) -> 106 | G19: =VLOOKUP($B19,'4'!$A$80:$AK$111,COLUMN('4'!AC$1),0) -> 210 | H19: =VLOOKUP($B19,'4'!$A$80:$AK$111,COLUMN('4'!AD$1),0) -> -0.15294118 | I19: =VLOOKUP($B19,'4'!$A$80:$AK$111,COLUMN('4'!AE$1),0) -> -0.6 | J19: =VLOOKUP($B19,'4'!$A$80:$AK$111,COLUMN('4'!AF$1),0) -> -0.23076923 | K19: =VLOOKUP($B19,'4'!$A$80:$AK$111,COLUMN('4'!AG$1),0) -> 375 | L19: =VLOOKUP($B19,'4'!$A$80:$AK$111,COLUMN('4'!AH$1),0) -> 320 | ... O19: =VLOOKUP($B19,'4'!$A$80:$AK$111,COLUMN('4'!AK$1),0) -> 1.6025641 | P19: =IFERROR(VLOOKUP($C19,Sheet5!$C:$K,COLUMN(Sheet5!D$2)-2,0),"") -> 1 | Q19: =IFERROR(VLOOKUP($C19,Sheet5!$C:$K,COLUMN(Sheet5!E$2)-2,0),"") -> 0.85148515 | R19: =IFERROR(VLOOKUP($C19,Sheet5!$C:$K,COLUMN(Sheet5!F$2)-2,0),"") -> 0.97333333 | S19: =IFERROR(VLOOKUP($C19,Sheet5!$C:$K,COLUMN(Sheet5!G$2)-2,0),"") -> 0.93333333 | T19: =IFERROR(VLOOKUP($C19,Sheet5!$C:$K,COLUMN(Sheet5!H$2)-2,0),"") -> 0.81188119 | U19: =IFERROR(VLOOKUP($C19,Sheet5!$C:$K,COLUMN(Sheet5!I$2)-2,0),"") -> 1
B20: 10 | C20: =VLOOKUP($B20,'4'!$A$80:$AK$111,COLUMN('4'!Z$1),0) -> #N/A | D20: =VLOOKUP(C20,'4'!AL:AM,2,0) -> #N/A | E20: =VLOOKUP($B20,'4'!$A$80:$AK$111,COLUMN('4'!AA$1),0) -> #N/A | F20: =VLOOKUP($B20,'4'!$A$80:$AK$111,COLUMN('4'!AB$1),0) -> #N/A | G20: =VLOOKUP($B20,'4'!$A$80:$AK$111,COLUMN('4'!AC$1),0) -> #N/A | H20: =VLOOKUP($B20,'4'!$A$80:$AK$111,COLUMN('4'!AD$1),0) -> #N/A | I20: =VLOOKUP($B20,'4'!$A$80:$AK$111,COLUMN('4'!AE$1),0) -> #N/A | J20: =VLOOKUP($B20,'4'!$A$80:$AK$111,COLUMN('4'!AF$1),0) -> #N/A | K20: =VLOOKUP($B20,'4'!$A$80:$AK$111,COLUMN('4'!AG$1),0) -> #N/A | L20: =VLOOKUP($B20,'4'!$A$80:$AK$111,COLUMN('4'!AH$1),0) -> #N/A | ... O20: =VLOOKUP($B20,'4'!$A$80:$AK$111,COLUMN('4'!AK$1),0) -> #N/A | P20: =IFERROR(VLOOKUP($C20,Sheet5!$C:$K,COLUMN(Sheet5!D$2)-2,0),"") | Q20: =IFERROR(VLOOKUP($C20,Sheet5!$C:$K,COLUMN(Sheet5!E$2)-2,0),"") | R20: =IFERROR(VLOOKUP($C20,Sheet5!$C:$K,COLUMN(Sheet5!F$2)-2,0),"") | S20: =IFERROR(VLOOKUP($C20,Sheet5!$C:$K,COLUMN(Sheet5!G$2)-2,0),"") | T20: =IFERROR(VLOOKUP($C20,Sheet5!$C:$K,COLUMN(Sheet5!H$2)-2,0),"") | U20: =IFERROR(VLOOKUP($C20,Sheet5!$C:$K,COLUMN(Sheet5!I$2)-2,0),"")
B21: 11 | C21: =VLOOKUP($B21,'4'!$A$80:$AK$111,COLUMN('4'!Z$1),0) -> 庆安佳庆商贸 | D21: =VLOOKUP(C21,'4'!AL:AM,2,0) -> 伊春外埠所 | E21: =VLOOKUP($B21,'4'!$A$80:$AK$111,COLUMN('4'!AA$1),0) -> 102 | F21: =VLOOKUP($B21,'4'!$A$80:$AK$111,COLUMN('4'!AB$1),0) -> 290 | G21: =VLOOKUP($B21,'4'!$A$80:$AK$111,COLUMN('4'!AC$1),0) -> 80 | H21: =VLOOKUP($B21,'4'!$A$80:$AK$111,COLUMN('4'!AD$1),0) -> -0.28671329 | I21: =VLOOKUP($B21,'4'!$A$80:$AK$111,COLUMN('4'!AE$1),0) -> -0.03654485 | J21: =VLOOKUP($B21,'4'!$A$80:$AK$111,COLUMN('4'!AF$1),0) -> -0.30434783 | K21: =VLOOKUP($B21,'4'!$A$80:$AK$111,COLUMN('4'!AG$1),0) -> 362.5 | L21: =VLOOKUP($B21,'4'!$A$80:$AK$111,COLUMN('4'!AH$1),0) -> 310 | ... O21: =VLOOKUP($B21,'4'!$A$80:$AK$111,COLUMN('4'!AK$1),0) -> 1 | P21: =IFERROR(VLOOKUP($C21,Sheet5!$C:$K,COLUMN(Sheet5!D$2)-2,0),"") -> 0.99253731 | Q21: =IFERROR(VLOOKUP($C21,Sheet5!$C:$K,COLUMN(Sheet5!E$2)-2,0),"") -> 0.52941176 | R21: =IFERROR(VLOOKUP($C21,Sheet5!$C:$K,COLUMN(Sheet5!F$2)-2,0),"") -> 0.50501672 | S21: =IFERROR(VLOOKUP($C21,Sheet5!$C:$K,COLUMN(Sheet5!G$2)-2,0),"") -> 0.76470588 | T21: =IFERROR(VLOOKUP($C21,Sheet5!$C:$K,COLUMN(Sheet5!H$2)-2,0),"") -> 0.56372549 | U21: =IFERROR(VLOOKUP($C21,Sheet5!$C:$K,COLUMN(Sheet5!I$2)-2,0),"") -> 0.76470588
B22: 12 | C22: =VLOOKUP($B22,'4'!$A$80:$AK$111,COLUMN('4'!Z$1),0) -> 青冈晓雨 | D22: =VLOOKUP(C22,'4'!AL:AM,2,0) -> 绥化外埠所 | E22: =VLOOKUP($B22,'4'!$A$80:$AK$111,COLUMN('4'!AA$1),0) -> 162 | F22: =VLOOKUP($B22,'4'!$A$80:$AK$111,COLUMN('4'!AB$1),0) -> 459 | G22: =VLOOKUP($B22,'4'!$A$80:$AK$111,COLUMN('4'!AC$1),0) -> 252 | H22: =VLOOKUP($B22,'4'!$A$80:$AK$111,COLUMN('4'!AD$1),0) -> -0.19 | I22: =VLOOKUP($B22,'4'!$A$80:$AK$111,COLUMN('4'!AE$1),0) -> 0.45714286 | J22: =VLOOKUP($B22,'4'!$A$80:$AK$111,COLUMN('4'!AF$1),0) -> -0.12802768 | K22: =VLOOKUP($B22,'4'!$A$80:$AK$111,COLUMN('4'!AG$1),0) -> 350 | L22: =VLOOKUP($B22,'4'!$A$80:$AK$111,COLUMN('4'!AH$1),0) -> 300 | ... O22: =VLOOKUP($B22,'4'!$A$80:$AK$111,COLUMN('4'!AK$1),0) -> 1 | P22: =IFERROR(VLOOKUP($C22,Sheet5!$C:$K,COLUMN(Sheet5!D$2)-2,0),"") -> 1 | Q22: =IFERROR(VLOOKUP($C22,Sheet5!$C:$K,COLUMN(Sheet5!E$2)-2,0),"") -> 0.59230769 | R22: =IFERROR(VLOOKUP($C22,Sheet5!$C:$K,COLUMN(Sheet5!F$2)-2,0),"") -> 0.77308707 | S22: =IFERROR(VLOOKUP($C22,Sheet5!$C:$K,COLUMN(Sheet5!G$2)-2,0),"") -> 0.72 | T22: =IFERROR(VLOOKUP($C22,Sheet5!$C:$K,COLUMN(Sheet5!H$2)-2,0),"") -> 0.6 | U22: =IFERROR(VLOOKUP($C22,Sheet5!$C:$K,COLUMN(Sheet5!I$2)-2,0),"") -> 0.72
... B36: 26 | C36: =VLOOKUP($B36,'4'!$A$80:$AK$111,COLUMN('4'!Z$1),0) -> 肇源晟康源 | D36: =VLOOKUP(C36,'4'!AL:AM,2,0) -> 肇东外埠所 | E36: =VLOOKUP($B36,'4'!$A$80:$AK$111,COLUMN('4'!AA$1),0) -> 160 | F36: =VLOOKUP($B36,'4'!$A$80:$AK$111,COLUMN('4'!AB$1),0) -> 320 | G36: =VLOOKUP($B36,'4'!$A$80:$AK$111,COLUMN('4'!AC$1),0) -> 190 | H36: =VLOOKUP($B36,'4'!$A$80:$AK$111,COLUMN('4'!AD$1),0) -> 0 | I36: =VLOOKUP($B36,'4'!$A$80:$AK$111,COLUMN('4'!AE$1),0) -> -0.0092879257 | J36: =VLOOKUP($B36,'4'!$A$80:$AK$111,COLUMN('4'!AF$1),0) -> -0.24302789 | K36: =VLOOKUP($B36,'4'!$A$80:$AK$111,COLUMN('4'!AG$1),0) -> 137.5 | L36: =VLOOKUP($B36,'4'!$A$80:$AK$111,COLUMN('4'!AH$1),0) -> 280 | ... O36: =VLOOKUP($B36,'4'!$A$80:$AK$111,COLUMN('4'!AK$1),0) -> 1 | P36: =IFERROR(VLOOKUP($C36,Sheet5!$C:$K,COLUMN(Sheet5!D$2)-2,0),"") -> 0.86231884 | Q36: =IFERROR(VLOOKUP($C36,Sheet5!$C:$K,COLUMN(Sheet5!E$2)-2,0),"") -> 0.82022472 | R36: =IFERROR(VLOOKUP($C36,Sheet5!$C:$K,COLUMN(Sheet5!F$2)-2,0),"") -> 0.78202247 | S36: =IFERROR(VLOOKUP($C36,Sheet5!$C:$K,COLUMN(Sheet5!G$2)-2,0),"") -> 1 | T36: =IFERROR(VLOOKUP($C36,Sheet5!$C:$K,COLUMN(Sheet5!H$2)-2,0),"") -> 0.8258427 | U36: =IFERROR(VLOOKUP($C36,Sheet5!$C:$K,COLUMN(Sheet5!I$2)-2,0),"") -> 1
B37: 27 | C37: =VLOOKUP($B37,'4'!$A$80:$AK$111,COLUMN('4'!Z$1),0) -> 绥化正祥 | D37: =VLOOKUP(C37,'4'!AL:AM,2,0) -> 绥化外埠所 | E37: =VLOOKUP($B37,'4'!$A$80:$AK$111,COLUMN('4'!AA$1),0) -> 380 | F37: =VLOOKUP($B37,'4'!$A$80:$AK$111,COLUMN('4'!AB$1),0) -> 979 | G37: =VLOOKUP($B37,'4'!$A$80:$AK$111,COLUMN('4'!AC$1),0) -> 300 | H37: =VLOOKUP($B37,'4'!$A$80:$AK$111,COLUMN('4'!AD$1),0) -> -0.17570499 | I37: =VLOOKUP($B37,'4'!$A$80:$AK$111,COLUMN('4'!AE$1),0) -> -0.0010204082 | J37: =VLOOKUP($B37,'4'!$A$80:$AK$111,COLUMN('4'!AF$1),0) -> -0.35344828 | K37: =VLOOKUP($B37,'4'!$A$80:$AK$111,COLUMN('4'!AG$1),0) -> 433.75 | L37: =VLOOKUP($B37,'4'!$A$80:$AK$111,COLUMN('4'!AH$1),0) -> 907 | ... O37: =VLOOKUP($B37,'4'!$A$80:$AK$111,COLUMN('4'!AK$1),0) -> 1 | P37: =IFERROR(VLOOKUP($C37,Sheet5!$C:$K,COLUMN(Sheet5!D$2)-2,0),"") -> 0.67730496 | Q37: =IFERROR(VLOOKUP($C37,Sheet5!$C:$K,COLUMN(Sheet5!E$2)-2,0),"") -> 0.42965779 | R37: =IFERROR(VLOOKUP($C37,Sheet5!$C:$K,COLUMN(Sheet5!F$2)-2,0),"") -> 0.44178082 | S37: =IFERROR(VLOOKUP($C37,Sheet5!$C:$K,COLUMN(Sheet5!G$2)-2,0),"") -> 0.48571429 | T37: =IFERROR(VLOOKUP($C37,Sheet5!$C:$K,COLUMN(Sheet5!H$2)-2,0),"") -> 0.52190476 | U37: =IFERROR(VLOOKUP($C37,Sheet5!$C:$K,COLUMN(Sheet5!I$2)-2,0),"") -> 0.54368932 | V37: 435 | W37: 432 | X37: =W37-V37 -> -3
B38: 28 | C38: =VLOOKUP($B38,'4'!$A$80:$AK$111,COLUMN('4'!Z$1),0) -> 逊克晶承鑫 | D38: =VLOOKUP(C38,'4'!AL:AM,2,0) -> 海伦外埠所 | E38: =VLOOKUP($B38,'4'!$A$80:$AK$111,COLUMN('4'!AA$1),0) -> 100 | F38: =VLOOKUP($B38,'4'!$A$80:$AK$111,COLUMN('4'!AB$1),0) -> 300 | G38: =VLOOKUP($B38,'4'!$A$80:$AK$111,COLUMN('4'!AC$1),0) -> 100 | H38: =VLOOKUP($B38,'4'!$A$80:$AK$111,COLUMN('4'!AD$1),0) -> -0.5 | I38: =VLOOKUP($B38,'4'!$A$80:$AK$111,COLUMN('4'!AE$1),0) -> -0.28229665 | J38: =VLOOKUP($B38,'4'!$A$80:$AK$111,COLUMN('4'!AF$1),0) -> -0.71910112 | K38: =VLOOKUP($B38,'4'!$A$80:$AK$111,COLUMN('4'!AG$1),0) -> 125 | L38: =VLOOKUP($B38,'4'!$A$80:$AK$111,COLUMN('4'!AH$1),0) -> 280 | ... O38: =VLOOKUP($B38,'4'!$A$80:$AK$111,COLUMN('4'!AK$1),0) -> 1 | P38: =IFERROR(VLOOKUP($C38,Sheet5!$C:$K,COLUMN(Sheet5!D$2)-2,0),"") -> 1 | Q38: =IFERROR(VLOOKUP($C38,Sheet5!$C:$K,COLUMN(Sheet5!E$2)-2,0),"") -> 0.85714286 | R38: =IFERROR(VLOOKUP($C38,Sheet5!$C:$K,COLUMN(Sheet5!F$2)-2,0),"") -> 0.87301587 | S38: =IFERROR(VLOOKUP($C38,Sheet5!$C:$K,COLUMN(Sheet5!G$2)-2,0),"") -> 1 | T38: =IFERROR(VLOOKUP($C38,Sheet5!$C:$K,COLUMN(Sheet5!H$2)-2,0),"") -> 0.83928571 | U38: =IFERROR(VLOOKUP($C38,Sheet5!$C:$K,COLUMN(Sheet5!I$2)-2,0),"") -> 1 | V38: 215 | W38: 206 | X38: =W38-V38 -> -9
B39: 29 | C39: =VLOOKUP($B39,'4'!$A$80:$AK$111,COLUMN('4'!Z$1),0) -> 伊春宏锦坤 | D39: =VLOOKUP(C39,'4'!AL:AM,2,0) -> 伊春外埠所 | E39: =VLOOKUP($B39,'4'!$A$80:$AK$111,COLUMN('4'!AA$1),0) -> 150 | F39: =VLOOKUP($B39,'4'!$A$80:$AK$111,COLUMN('4'!AB$1),0) -> 380 | G39: =VLOOKUP($B39,'4'!$A$80:$AK$111,COLUMN('4'!AC$1),0) -> 350 | H39: =VLOOKUP($B39,'4'!$A$80:$AK$111,COLUMN('4'!AD$1),0) -> -0.16201117 | I39: =VLOOKUP($B39,'4'!$A$80:$AK$111,COLUMN('4'!AE$1),0) -> -0.028132992 | J39: =VLOOKUP($B39,'4'!$A$80:$AK$111,COLUMN('4'!AF$1),0) -> 0.28205128 | K39: =VLOOKUP($B39,'4'!$A$80:$AK$111,COLUMN('4'!AG$1),0) -> 175 | L39: =VLOOKUP($B39,'4'!$A$80:$AK$111,COLUMN('4'!AH$1),0) -> 400 | ... O39: =VLOOKUP($B39,'4'!$A$80:$AK$111,COLUMN('4'!AK$1),0) -> 1 | P39: =IFERROR(VLOOKUP($C39,Sheet5!$C:$K,COLUMN(Sheet5!D$2)-2,0),"") -> 0.95918367 | Q39: =IFERROR(VLOOKUP($C39,Sheet5!$C:$K,COLUMN(Sheet5!E$2)-2,0),"") -> 0.46794872 | R39: =IFERROR(VLOOKUP($C39,Sheet5!$C:$K,COLUMN(Sheet5!F$2)-2,0),"") -> 0.41348315 | S39: =IFERROR(VLOOKUP($C39,Sheet5!$C:$K,COLUMN(Sheet5!G$2)-2,0),"") -> 0.55172414 | T39: =IFERROR(VLOOKUP($C39,Sheet5!$C:$K,COLUMN(Sheet5!H$2)-2,0),"") -> 0.48397436 | U39: =IFERROR(VLOOKUP($C39,Sheet5!$C:$K,COLUMN(Sheet5!I$2)-2,0),"") -> 0.55172414 | V39: 313 | W39: 294 | X39: =W39-V39 -> -19
B40: 30 | C40: =VLOOKUP($B40,'4'!$A$80:$AK$111,COLUMN('4'!Z$1),0) -> 南岔永合 | D40: =VLOOKUP(C40,'4'!AL:AM,2,0) -> 伊春外埠所 | E40: =VLOOKUP($B40,'4'!$A$80:$AK$111,COLUMN('4'!AA$1),0) -> 50 | F40: =VLOOKUP($B40,'4'!$A$80:$AK$111,COLUMN('4'!AB$1),0) -> 133 | G40: =VLOOKUP($B40,'4'!$A$80:$AK$111,COLUMN('4'!AC$1),0) -> 100 | H40: =VLOOKUP($B40,'4'!$A$80:$AK$111,COLUMN('4'!AD$1),0) -> -0.44444444 | I40: =VLOOKUP($B40,'4'!$A$80:$AK$111,COLUMN('4'!AE$1),0) -> 0.6625 | J40: =VLOOKUP($B40,'4'!$A$80:$AK$111,COLUMN('4'!AF$1),0) -> -0.16666667 | K40: =VLOOKUP($B40,'4'!$A$80:$AK$111,COLUMN('4'!AG$1),0) -> 87.5 | L40: =VLOOKUP($B40,'4'!$A$80:$AK$111,COLUMN('4'!AH$1),0) -> 235 | ... O40: =VLOOKUP($B40,'4'!$A$80:$AK$111,COLUMN('4'!AK$1),0) -> 1 | P40: =IFERROR(VLOOKUP($C40,Sheet5!$C:$K,COLUMN(Sheet5!D$2)-2,0),"") -> 0.72093023 | Q40: =IFERROR(VLOOKUP($C40,Sheet5!$C:$K,COLUMN(Sheet5!E$2)-2,0),"") -> 0.20754717 | R40: =IFERROR(VLOOKUP($C40,Sheet5!$C:$K,COLUMN(Sheet5!F$2)-2,0),"") -> 0.35294118 | S40: =IFERROR(VLOOKUP($C40,Sheet5!$C:$K,COLUMN(Sheet5!G$2)-2,0),"") -> 0.14285714 | T40: =IFERROR(VLOOKUP($C40,Sheet5!$C:$K,COLUMN(Sheet5!H$2)-2,0),"") -> 0.37735849 | U40: =IFERROR(VLOOKUP($C40,Sheet5!$C:$K,COLUMN(Sheet5!I$2)-2,0),"") -> 0.42857143 | V40: 210 | W40: 210 | X40: =W40-V40 -> 0
B41: 31 | C41: =VLOOKUP($B41,'4'!$A$80:$AK$111,COLUMN('4'!Z$1),0) -> 兰西恒泰 | D41: =VLOOKUP(C41,'4'!AL:AM,2,0) -> 绥化外埠所 | E41: =VLOOKUP($B41,'4'!$A$80:$AK$111,COLUMN('4'!AA$1),0) -> 150 | F41: =VLOOKUP($B41,'4'!$A$80:$AK$111,COLUMN('4'!AB$1),0) -> 255 | G41: =VLOOKUP($B41,'4'!$A$80:$AK$111,COLUMN('4'!AC$1),0) -> 345 | H41: =VLOOKUP($B41,'4'!$A$80:$AK$111,COLUMN('4'!AD$1),0) -> -0.31818182 | I41: =VLOOKUP($B41,'4'!$A$80:$AK$111,COLUMN('4'!AE$1),0) -> 0 | J41: =VLOOKUP($B41,'4'!$A$80:$AK$111,COLUMN('4'!AF$1),0) -> 0.051829268 | K41: =VLOOKUP($B41,'4'!$A$80:$AK$111,COLUMN('4'!AG$1),0) -> 137.5 | L41: =VLOOKUP($B41,'4'!$A$80:$AK$111,COLUMN('4'!AH$1),0) -> 370 | ... O41: =VLOOKUP($B41,'4'!$A$80:$AK$111,COLUMN('4'!AK$1),0) -> 1 | P41: =IFERROR(VLOOKUP($C41,#REF!,COLUMN(#REF!)-3,0),"") | Q41: =IFERROR(VLOOKUP($C41,#REF!,COLUMN(#REF!)-3,0),"") | R41: =IFERROR(VLOOKUP($C41,#REF!,COLUMN(#REF!)-3,0),"") | S41: =IFERROR(VLOOKUP($C41,#REF!,COLUMN(#REF!)-3,0),"") | T41: =IFERROR(VLOOKUP($C41,#REF!,COLUMN(#REF!)-3,0),"") | U41: =IFERROR(VLOOKUP($C41,#REF!,COLUMN(#REF!)-3,0),"") | V41: 378 | W41: 370 | X41: =W41-V41 -> -8
B42: 32 | C42: =VLOOKUP($B42,'4'!$A$80:$AK$111,COLUMN('4'!Z$1),0) -> #N/A | D42: =VLOOKUP(C42,'4'!AL:AM,2,0) -> #N/A | E42: =VLOOKUP($B42,'4'!$A$80:$AK$111,COLUMN('4'!AA$1),0) -> #N/A | F42: =VLOOKUP($B42,'4'!$A$80:$AK$111,COLUMN('4'!AB$1),0) -> #N/A | G42: =VLOOKUP($B42,'4'!$A$80:$AK$111,COLUMN('4'!AC$1),0) -> #N/A | H42: =VLOOKUP($B42,'4'!$A$80:$AK$111,COLUMN('4'!AD$1),0) -> #N/A | I42: =VLOOKUP($B42,'4'!$A$80:$AK$111,COLUMN('4'!AE$1),0) -> #N/A | J42: =VLOOKUP($B42,'4'!$A$80:$AK$111,COLUMN('4'!AF$1),0) -> #N/A | K42: =VLOOKUP($B42,'4'!$A$80:$AK$111,COLUMN('4'!AG$1),0) -> #N/A | L42: =VLOOKUP($B42,'4'!$A$80:$AK$111,COLUMN('4'!AH$1),0) -> #N/A | ... O42: =VLOOKUP($B42,'4'!$A$80:$AK$111,COLUMN('4'!AK$1),0) -> #N/A | P42: =IFERROR(VLOOKUP($C42,#REF!,COLUMN(#REF!)-3,0),"") | Q42: =IFERROR(VLOOKUP($C42,#REF!,COLUMN(#REF!)-3,0),"") | R42: =IFERROR(VLOOKUP($C42,#REF!,COLUMN(#REF!)-3,0),"") | S42: =IFERROR(VLOOKUP($C42,#REF!,COLUMN(#REF!)-3,0),"") | T42: =IFERROR(VLOOKUP($C42,#REF!,COLUMN(#REF!)-3,0),"") | U42: =IFERROR(VLOOKUP($C42,#REF!,COLUMN(#REF!)-3,0),"")

Sheet 基础表
E2: 出货 | H2: 成长 | K2: 2501 | P2: TOP5口味BI铺货率
A3: 所 | E3: 2412 | F3: 2501 | G3: 2502 | H3: =E3 -> 2412 | I3: =F3 -> 2501 | J3: =G3 -> 2502 | K3: 出货 | L3: 同期 | M3: 成长 | N3: 目标 | O3: 达成 | P3: 椒盐小酥肉 | Q3: 鸡汁原味 | R3: 烤羊肉串 | S3: 麻辣小龙虾 | T3: 香葱鸡汁味 | U3: 香烤鱿鱼
A4: 排名 | B4: 成长 | C4: 黑龙江 | E4: 28.671 | F4: 25.747 | G4: 24.121 | H4: -0.00079880527 | I4: -0.12611271 | J4: -0.11767503 | K4: =(#REF!)*1000 -> #REF! | L4: =(#REF!)*1000 -> #REF! | M4: =K4/L4-1 -> #REF! | N4: =(#REF!)*1000 -> #REF! | O4: =#REF! -> #REF! | P4: =#REF! -> #REF! | Q4: =#REF! -> #REF! | R4: =#REF! -> #REF! | S4: =#REF! -> #REF! | T4: =#REF! -> #REF! | U4: =#REF! -> #REF!
A5: =RANK(B5,$B$5:$B$10) -> #REF! | B5: =M5 -> #REF! | C5: 哈尔滨营业部 | D5: 宾县外埠所 | E5: 1774 | F5: 865 | G5: 863 | H5: -0.034820457 | I5: -0.38869258 | J5: -0.49825581 | K5: =(SUMIFS(#REF!,#REF!,基础表!$C5,#REF!,基础表!$D5))*1000 -> #REF! | L5: =(SUMIFS(#REF!,#REF!,基础表!$C5,#REF!,基础表!$D5))*1000 -> #REF! | M5: =K5/L5-1 -> #REF! | N5: =(SUMIFS(#REF!,#REF!,基础表!$C5,#REF!,基础表!$D5))*1000 -> #REF! | O5: =SUMIFS(#REF!,#REF!,基础表!$C5,#REF!,基础表!$D5) -> #REF! | P5: =SUMIFS(#REF!,#REF!,基础表!$C5,#REF!,基础表!$D5) -> #REF! | Q5: =SUMIFS(#REF!,#REF!,基础表!$C5,#REF!,基础表!$D5) -> #REF! | R5: =SUMIFS(#REF!,#REF!,基础表!$C5,#REF!,基础表!$D5) -> #REF! | S5: =SUMIFS(#REF!,#REF!,基础表!$C5,#REF!,基础表!$D5) -> #REF! | T5: =SUMIFS(#REF!,#REF!,基础表!$C5,#REF!,基础表!$D5) -> #REF! | U5: =SUMIFS(#REF!,#REF!,基础表!$C5,#REF!,基础表!$D5) -> #REF!
A6: =RANK(B6,$B$5:$B$10) -> #REF! | B6: =M6 -> #REF! | C6: 哈尔滨营业部 | D6: 哈尔滨城区北所 | E6: 934 | F6: 409 | G6: 753 | H6: 0.084785134 | I6: -0.61668229 | J6: -0.34235808 | K6: =(SUMIFS(#REF!,#REF!,基础表!$C6,#REF!,基础表!$D6))*1000 -> #REF! | L6: =(SUMIFS(#REF!,#REF!,基础表!$C6,#REF!,基础表!$D6))*1000 -> #REF! | M6: =K6/L6-1 -> #REF! | N6: =(SUMIFS(#REF!,#REF!,基础表!$C6,#REF!,基础表!$D6))*1000 -> #REF! | O6: =SUMIFS(#REF!,#REF!,基础表!$C6,#REF!,基础表!$D6) -> #REF! | P6: =SUMIFS(#REF!,#REF!,基础表!$C6,#REF!,基础表!$D6) -> #REF! | Q6: =SUMIFS(#REF!,#REF!,基础表!$C6,#REF!,基础表!$D6) -> #REF! | R6: =SUMIFS(#REF!,#REF!,基础表!$C6,#REF!,基础表!$D6) -> #REF! | S6: =SUMIFS(#REF!,#REF!,基础表!$C6,#REF!,基础表!$D6) -> #REF! | T6: =SUMIFS(#REF!,#REF!,基础表!$C6,#REF!,基础表!$D6) -> #REF! | U6: =SUMIFS(#REF!,#REF!,基础表!$C6,#REF!,基础表!$D6) -> #REF!
A7: =RANK(B7,$B$5:$B$10) -> #REF! | B7: =M7 -> #REF! | C7: 哈尔滨营业部 | D7: 哈尔滨综合东所 | E7: 582 | F7: 345 | G7: 633 | H7: 0.013937282 | I7: -0.32086614 | J7: -0.039453718 | K7: =(SUMIFS(#REF!,#REF!,基础表!$C7,#REF!,基础表!$D7))*1000 -> #REF! | L7: =(SUMIFS(#REF!,#REF!,基础表!$C7,#REF!,基础表!$D7))*1000 -> #REF! | M7: =K7/L7-1 -> #REF! | N7: =(SUMIFS(#REF!,#REF!,基础表!$C7,#REF!,基础表!$D7))*1000 -> #REF! | O7: =SUMIFS(#REF!,#REF!,基础表!$C7,#REF!,基础表!$D7) -> #REF! | P7: =SUMIFS(#REF!,#REF!,基础表!$C7,#REF!,基础表!$D7) -> #REF! | Q7: =SUMIFS(#REF!,#REF!,基础表!$C7,#REF!,基础表!$D7) -> #REF! | R7: =SUMIFS(#REF!,#REF!,基础表!$C7,#REF!,基础表!$D7) -> #REF! | S7: =SUMIFS(#REF!,#REF!,基础表!$C7,#REF!,基础表!$D7) -> #REF! | T7: =SUMIFS(#REF!,#REF!,基础表!$C7,#REF!,基础表!$D7) -> #REF! | U7: =SUMIFS(#REF!,#REF!,基础表!$C7,#REF!,基础表!$D7) -> #REF!
A8: =RANK(B8,$B$5:$B$10) -> #REF! | B8: =M8 -> #REF! | C8: 哈尔滨营业部 | D8: 哈尔滨综合西所 | E8: 723 | F8: 359 | G8: 589 | H8: 0.061674009 | I8: -0.18223235 | J8: -0.16925247 | K8: =(SUMIFS(#REF!,#REF!,基础表!$C8,#REF!,基础表!$D8))*1000 -> #REF! | L8: =(SUMIFS(#REF!,#REF!,基础表!$C8,#REF!,基础表!$D8))*1000 -> #REF! | M8: =K8/L8-1 -> #REF! | N8: =(SUMIFS(#REF!,#REF!,基础表!$C8,#REF!,基础表!$D8))*1000 -> #REF! | O8: =SUMIFS(#REF!,#REF!,基础表!$C8,#REF!,基础表!$D8) -> #REF! | P8: =SUMIFS(#REF!,#REF!,基础表!$C8,#REF!,基础表!$D8) -> #REF! | Q8: =SUMIFS(#REF!,#REF!,基础表!$C8,#REF!,基础表!$D8) -> #REF! | R8: =SUMIFS(#REF!,#REF!,基础表!$C8,#REF!,基础表!$D8) -> #REF! | S8: =SUMIFS(#REF!,#REF!,基础表!$C8,#REF!,基础表!$D8) -> #REF! | T8: =SUMIFS(#REF!,#REF!,基础表!$C8,#REF!,基础表!$D8) -> #REF! | U8: =SUMIFS(#REF!,#REF!,基础表!$C8,#REF!,基础表!$D8) -> #REF!
A9: =RANK(B9,$B$5:$B$10) -> #REF! | B9: =M9 -> #REF! | C9: 哈尔滨营业部 | D9: 哈尔滨综合中所 | E9: 1260 | F9: 1499 | G9: 1477 | H9: 0.072340426 | I9: 0.47684729 | J9: 0.34272727 | K9: =(SUMIFS(#REF!,#REF!,基础表!$C9,#REF!,基础表!$D9))*1000 -> #REF! | L9: =(SUMIFS(#REF!,#REF!,基础表!$C9,#REF!,基础表!$D9))*1000 -> #REF! | M9: =K9/L9-1 -> #REF! | N9: =(SUMIFS(#REF!,#REF!,基础表!$C9,#REF!,基础表!$D9))*1000 -> #REF! | O9: =SUMIFS(#REF!,#REF!,基础表!$C9,#REF!,基础表!$D9) -> #REF! | P9: =SUMIFS(#REF!,#REF!,基础表!$C9,#REF!,基础表!$D9) -> #REF! | Q9: =SUMIFS(#REF!,#REF!,基础表!$C9,#REF!,基础表!$D9) -> #REF! | R9: =SUMIFS(#REF!,#REF!,基础表!$C9,#REF!,基础表!$D9) -> #REF! | S9: =SUMIFS(#REF!,#REF!,基础表!$C9,#REF!,基础表!$D9) -> #REF! | T9: =SUMIFS(#REF!,#REF!,基础表!$C9,#REF!,基础表!$D9) -> #REF! | U9: =SUMIFS(#REF!,#REF!,基础表!$C9,#REF!,基础表!$D9) -> #REF! | X9: 1000
A10: =RANK(B10,$B$5:$B$10) -> #REF! | B10: =M10 -> #REF! | C10: 哈尔滨营业部 | D10: 五常外埠所 | E10: 1919 | F10: 1110 | G10: 1472 | H10: -0.098214286 | I10: -0.38092582 | J10: -0.17857143 | K10: =(SUMIFS(#REF!,#REF!,基础表!$C10,#REF!,基础表!$D10))*1000 -> #REF! | L10: =(SUMIFS(#REF!,#REF!,基础表!$C10,#REF!,基础表!$D10))*1000 -> #REF! | M10: =K10/L10-1 -> #REF! | N10: =(SUMIFS(#REF!,#REF!,基础表!$C10,#REF!,基础表!$D10))*1000 -> #REF! | O10: =SUMIFS(#REF!,#REF!,基础表!$C10,#REF!,基础表!$D10) -> #REF! | P10: =SUMIFS(#REF!,#REF!,基础表!$C10,#REF!,基础表!$D10) -> #REF! | Q10: =SUMIFS(#REF!,#REF!,基础表!$C10,#REF!,基础表!$D10) -> #REF! | R10: =SUMIFS(#REF!,#REF!,基础表!$C10,#REF!,基础表!$D10) -> #REF! | S10: =SUMIFS(#REF!,#REF!,基础表!$C10,#REF!,基础表!$D10) -> #REF! | T10: =SUMIFS(#REF!,#REF!,基础表!$C10,#REF!,基础表!$D10) -> #REF! | U10: =SUMIFS(#REF!,#REF!,基础表!$C10,#REF!,基础表!$D10) -> #REF!
C11: 哈尔滨营业部 | D11: 结果 | E11: 8751 | F11: 7730 | G11: 7418 | H11: 0.00045372051 | I11: -0.045276554 | J11: -0.1263691 | K11: =(SUMIFS(#REF!,#REF!,基础表!$C11,#REF!,基础表!$D11))*1000 -> #REF! | L11: =(SUMIFS(#REF!,#REF!,基础表!$C11,#REF!,基础表!$D11))*1000 -> #REF! | M11: =K11/L11-1 -> #REF! | N11: =(SUMIFS(#REF!,#REF!,基础表!$C11,#REF!,基础表!$D11))*1000 -> #REF! | O11: =SUMIFS(#REF!,#REF!,基础表!$C11,#REF!,基础表!$D11) -> #REF! | P11: =SUMIFS(#REF!,#REF!,基础表!$C11,#REF!,基础表!$D11) -> #REF! | Q11: =SUMIFS(#REF!,#REF!,基础表!$C11,#REF!,基础表!$D11) -> #REF! | R11: =SUMIFS(#REF!,#REF!,基础表!$C11,#REF!,基础表!$D11) -> #REF! | S11: =SUMIFS(#REF!,#REF!,基础表!$C11,#REF!,基础表!$D11) -> #REF! | T11: =SUMIFS(#REF!,#REF!,基础表!$C11,#REF!,基础表!$D11) -> #REF! | U11: =SUMIFS(#REF!,#REF!,基础表!$C11,#REF!,基础表!$D11) -> #REF!
A12: =RANK(B12,$B$12:$B$16) -> #REF! | B12: =M12 -> #REF! | C12: 黑西营业部 | D12: 海拉尔城区所 | E12: 458 | F12: 400 | G12: 317 | H12: 0.09913259 | I12: -0.35470668 | J12: -0.32394366 | K12: =(SUMIFS(#REF!,#REF!,基础表!$C12,#REF!,基础表!$D12))*1000 -> #REF! | L12: =(SUMIFS(#REF!,#REF!,基础表!$C12,#REF!,基础表!$D12))*1000 -> #REF! | M12: =K12/L12-1 -> #REF! | N12: =(SUMIFS(#REF!,#REF!,基础表!$C12,#REF!,基础表!$D12))*1000 -> #REF! | O12: =SUMIFS(#REF!,#REF!,基础表!$C12,#REF!,基础表!$D12) -> #REF! | P12: =SUMIFS(#REF!,#REF!,基础表!$C12,#REF!,基础表!$D12) -> #REF! | Q12: =SUMIFS(#REF!,#REF!,基础表!$C12,#REF!,基础表!$D12) -> #REF! | R12: =SUMIFS(#REF!,#REF!,基础表!$C12,#REF!,基础表!$D12) -> #REF! | S12: =SUMIFS(#REF!,#REF!,基础表!$C12,#REF!,基础表!$D12) -> #REF! | T12: =SUMIFS(#REF!,#REF!,基础表!$C12,#REF!,基础表!$D12) -> #REF! | U12: =SUMIFS(#REF!,#REF!,基础表!$C12,#REF!,基础表!$D12) -> #REF!
A13: =RANK(B13,$B$12:$B$16) -> #REF! | B13: =M13 -> #REF! | C13: 黑西营业部 | D13: 呼盟外埠所 | E13: 1323 | F13: 1338 | G13: 1290 | H13: 0.099722992 | I13: 0.28388747 | J13: -0.022300469 | K13: =(SUMIFS(#REF!,#REF!,基础表!$C13,#REF!,基础表!$D13))*1000 -> #REF! | L13: =(SUMIFS(#REF!,#REF!,基础表!$C13,#REF!,基础表!$D13))*1000 -> #REF! | M13: =K13/L13-1 -> #REF! | N13: =(SUMIFS(#REF!,#REF!,基础表!$C13,#REF!,基础表!$D13))*1000 -> #REF! | O13: =SUMIFS(#REF!,#REF!,基础表!$C13,#REF!,基础表!$D13) -> #REF! | P13: =SUMIFS(#REF!,#REF!,基础表!$C13,#REF!,基础表!$D13) -> #REF! | Q13: =SUMIFS(#REF!,#REF!,基础表!$C13,#REF!,基础表!$D13) -> #REF! | R13: =SUMIFS(#REF!,#REF!,基础表!$C13,#REF!,基础表!$D13) -> #REF! | S13: =SUMIFS(#REF!,#REF!,基础表!$C13,#REF!,基础表!$D13) -> #REF! | T13: =SUMIFS(#REF!,#REF!,基础表!$C13,#REF!,基础表!$D13) -> #REF! | U13: =SUMIFS(#REF!,#REF!,基础表!$C13,#REF!,基础表!$D13) -> #REF!
A14: =RANK(B14,$B$12:$B$16) -> #REF! | B14: =M14 -> #REF! | C14: 黑西营业部 | D14: 龙江外埠所 | E14: 1485 | F14: 1403 | G14: 1247 | H14: 0.10126582 | I14: -0.022988506 | J14: -0.18547141 | K14: =(SUMIFS(#REF!,#REF!,基础表!$C14,#REF!,基础表!$D14))*1000 -> #REF! | L14: =(SUMIFS(#REF!,#REF!,基础表!$C14,#REF!,基础表!$D14))*1000 -> #REF! | M14: =K14/L14-1 -> #REF! | N14: =(SUMIFS(#REF!,#REF!,基础表!$C14,#REF!,基础表!$D14))*1000 -> #REF! | O14: =SUMIFS(#REF!,#REF!,基础表!$C14,#REF!,基础表!$D14) -> #REF! | P14: =SUMIFS(#REF!,#REF!,基础表!$C14,#REF!,基础表!$D14) -> #REF! | Q14: =SUMIFS(#REF!,#REF!,基础表!$C14,#REF!,基础表!$D14) -> #REF! | R14: =SUMIFS(#REF!,#REF!,基础表!$C14,#REF!,基础表!$D14) -> #REF! | S14: =SUMIFS(#REF!,#REF!,基础表!$C14,#REF!,基础表!$D14) -> #REF! | T14: =SUMIFS(#REF!,#REF!,基础表!$C14,#REF!,基础表!$D14) -> #REF! | U14: =SUMIFS(#REF!,#REF!,基础表!$C14,#REF!,基础表!$D14) -> #REF!
A15: =RANK(B15,$B$12:$B$16) -> #REF! | B15: =M15 -> #REF! | C15: 黑西营业部 | D15: 齐齐哈尔城区所 | E15: 733 | F15: 515 | G15: 512 | H15: 0.098945661 | I15: -0.13845144 | J15: -0.050445104 | K15: =(SUMIFS(#REF!,#REF!,基础表!$C15,#REF!,基础表!$D15))*1000 -> #REF! | L15: =(SUMIFS(#REF!,#REF!,基础表!$C15,#REF!,基础表!$D15))*1000 -> #REF! | M15: =K15/L15-1 -> #REF! | N15: =(SUMIFS(#REF!,#REF!,基础表!$C15,#REF!,基础表!$D15))*1000 -> #REF! | O15: =SUMIFS(#REF!,#REF!,基础表!$C15,#REF!,基础表!$D15) -> #REF! | P15: =SUMIFS(#REF!,#REF!,基础表!$C15,#REF!,基础表!$D15) -> #REF! | Q15: =SUMIFS(#REF!,#REF!,基础表!$C15,#REF!,基础表!$D15) -> #REF! | R15: =SUMIFS(#REF!,#REF!,基础表!$C15,#REF!,基础表!$D15) -> #REF! | S15: =SUMIFS(#REF!,#REF!,基础表!$C15,#REF!,基础表!$D15) -> #REF! | T15: =SUMIFS(#REF!,#REF!,基础表!$C15,#REF!,基础表!$D15) -> #REF! | U15: =SUMIFS(#REF!,#REF!,基础表!$C15,#REF!,基础表!$D15) -> #REF!
A16: =RANK(B16,$B$12:$B$16) -> #REF! | B16: =M16 -> #REF! | C16: 黑西营业部 | D16: 兴安外埠所 | E16: 1601 | F16: 1463 | G16: 1354 | H16: -0.26236559 | I16: -0.25209542 | J16: -0.038947901 | K16: =(SUMIFS(#REF!,#REF!,基础表!$C16,#REF!,基础表!$D16))*1000 -> #REF! | L16: =(SUMIFS(#REF!,#REF!,基础表!$C16,#REF!,基础表!$D16))*1000 -> #REF! | M16: =K16/L16-1 -> #REF! | N16: =(SUMIFS(#REF!,#REF!,基础表!$C16,#REF!,基础表!$D16))*1000 -> #REF! | O16: =SUMIFS(#REF!,#REF!,基础表!$C16,#REF!,基础表!$D16) -> #REF! | P16: =SUMIFS(#REF!,#REF!,基础表!$C16,#REF!,基础表!$D16) -> #REF! | Q16: =SUMIFS(#REF!,#REF!,基础表!$C16,#REF!,基础表!$D16) -> #REF! | R16: =SUMIFS(#REF!,#REF!,基础表!$C16,#REF!,基础表!$D16) -> #REF! | S16: =SUMIFS(#REF!,#REF!,基础表!$C16,#REF!,基础表!$D16) -> #REF! | T16: =SUMIFS(#REF!,#REF!,基础表!$C16,#REF!,基础表!$D16) -> #REF! | U16: =SUMIFS(#REF!,#REF!,基础表!$C16,#REF!,基础表!$D16) -> #REF!
C17: 黑西营业部 | D17: 结果 | E17: 5600 | F17: 5119 | G17: 4720 | H17: 0.099121706 | I17: -0.14561856 | J17: -0.34285714 | K17: =(SUMIFS(#REF!,#REF!,基础表!$C17,#REF!,基础表!$D17))*1000 -> #REF! | L17: =(SUMIFS(#REF!,#REF!,基础表!$C17,#REF!,基础表!$D17))*1000 -> #REF! | M17: =K17/L17-1 -> #REF! | N17: =(SUMIFS(#REF!,#REF!,基础表!$C17,#REF!,基础表!$D17))*1000 -> #REF! | O17: =SUMIFS(#REF!,#REF!,基础表!$C17,#REF!,基础表!$D17) -> #REF! | P17: =SUMIFS(#REF!,#REF!,基础表!$C17,#REF!,基础表!$D17) -> #REF! | Q17: =SUMIFS(#REF!,#REF!,基础表!$C17,#REF!,基础表!$D17) -> #REF! | R17: =SUMIFS(#REF!,#REF!,基础表!$C17,#REF!,基础表!$D17) -> #REF! | S17: =SUMIFS(#REF!,#REF!,基础表!$C17,#REF!,基础表!$D17) -> #REF! | T17: =SUMIFS(#REF!,#REF!,基础表!$C17,#REF!,基础表!$D17) -> #REF! | U17: =SUMIFS(#REF!,#REF!,基础表!$C17,#REF!,基础表!$D17) -> #REF!
A18: =RANK(B18,$B$18:$B$24) -> #REF! | B18: =M18 -> #REF! | C18: 黑东营业部 | D18: 鹤岗城区所 | E18: 408 | F18: 373 | G18: 240 | H18: 0.098844673 | I18: -0.20047031 | J18: -0.070086705 | K18: =(SUMIFS(#REF!,#REF!,基础表!$C18,#REF!,基础表!$D18))*1000 -> #REF! | L18: =(SUMIFS(#REF!,#REF!,基础表!$C18,#REF!,基础表!$D18))*1000 -> #REF! | M18: =K18/L18-1 -> #REF! | N18: =(SUMIFS(#REF!,#REF!,基础表!$C18,#REF!,基础表!$D18))*1000 -> #REF! | O18: =SUMIFS(#REF!,#REF!,基础表!$C18,#REF!,基础表!$D18) -> #REF! | P18: =SUMIFS(#REF!,#REF!,基础表!$C18,#REF!,基础表!$D18) -> #REF! | Q18: =SUMIFS(#REF!,#REF!,基础表!$C18,#REF!,基础表!$D18) -> #REF! | R18: =SUMIFS(#REF!,#REF!,基础表!$C18,#REF!,基础表!$D18) -> #REF! | S18: =SUMIFS(#REF!,#REF!,基础表!$C18,#REF!,基础表!$D18) -> #REF! | T18: =SUMIFS(#REF!,#REF!,基础表!$C18,#REF!,基础表!$D18) -> #REF! | U18: =SUMIFS(#REF!,#REF!,基础表!$C18,#REF!,基础表!$D18) -> #REF!
A19: =RANK(B19,$B$18:$B$24) -> #REF! | B19: =M19 -> #REF! | C19: 黑东营业部 | D19: 鸡西城区所 | E19: 663 | F19: 715 | G19: 833 | H19: 0.0010214505 | I19: -0.18057268 | J19: -0.099508436 | K19: =(SUMIFS(#REF!,#REF!,基础表!$C19,#REF!,基础表!$D19))*1000 -> #REF! | L19: =(SUMIFS(#REF!,#REF!,基础表!$C19,#REF!,基础表!$D19))*1000 -> #REF! | M19: =K19/L19-1 -> #REF! | N19: =(SUMIFS(#REF!,#REF!,基础表!$C19,#REF!,基础表!$D19))*1000 -> #REF! | O19: =SUMIFS(#REF!,#REF!,基础表!$C19,#REF!,基础表!$D19) -> #REF! | P19: =SUMIFS(#REF!,#REF!,基础表!$C19,#REF!,基础表!$D19) -> #REF! | Q19: =SUMIFS(#REF!,#REF!,基础表!$C19,#REF!,基础表!$D19) -> #REF! | R19: =SUMIFS(#REF!,#REF!,基础表!$C19,#REF!,基础表!$D19) -> #REF! | S19: =SUMIFS(#REF!,#REF!,基础表!$C19,#REF!,基础表!$D19) -> #REF! | T19: =SUMIFS(#REF!,#REF!,基础表!$C19,#REF!,基础表!$D19) -> #REF! | U19: =SUMIFS(#REF!,#REF!,基础表!$C19,#REF!,基础表!$D19) -> #REF!
A20: =RANK(B20,$B$18:$B$24) -> #REF! | B20: =M20 -> #REF! | C20: 黑东营业部 | D20: 佳木斯城区所 | E20: 261 | F20: 510 | G20: 527 | H20: -0.15185185 | I20: 0.22699387 | J20: -0.17447917 | K20: =(SUMIFS(#REF!,#REF!,基础表!$C20,#REF!,基础表!$D20))*1000 -> #REF! | L20: =(SUMIFS(#REF!,#REF!,基础表!$C20,#REF!,基础表!$D20))*1000 -> #REF! | M20: =K20/L20-1 -> #REF! | N20: =(SUMIFS(#REF!,#REF!,基础表!$C20,#REF!,基础表!$D20))*1000 -> #REF! | O20: =SUMIFS(#REF!,#REF!,基础表!$C20,#REF!,基础表!$D20) -> #REF! | P20: =SUMIFS(#REF!,#REF!,基础表!$C20,#REF!,基础表!$D20) -> #REF! | Q20: =SUMIFS(#REF!,#REF!,基础表!$C20,#REF!,基础表!$D20) -> #REF! | R20: =SUMIFS(#REF!,#REF!,基础表!$C20,#REF!,基础表!$D20) -> #REF! | S20: =SUMIFS(#REF!,#REF!,基础表!$C20,#REF!,基础表!$D20) -> #REF! | T20: =SUMIFS(#REF!,#REF!,基础表!$C20,#REF!,基础表!$D20) -> #REF! | U20: =SUMIFS(#REF!,#REF!,基础表!$C20,#REF!,基础表!$D20) -> #REF!
A21: =RANK(B21,$B$18:$B$24) -> #REF! | B21: =M21 -> #REF! | C21: 黑东营业部 | D21: 牡丹江城区所 | E21: 1355 | F21: 1313 | G21: 1600 | H21: -0.08125 | I21: -0.18909091 | J21: -0.055636896 | K21: =(SUMIFS(#REF!,#REF!,基础表!$C21,#REF!,基础表!$D21))*1000 -> #REF! | L21: =(SUMIFS(#REF!,#REF!,基础表!$C21,#REF!,基础表!$D21))*1000 -> #REF! | M21: =K21/L21-1 -> #REF! | N21: =(SUMIFS(#REF!,#REF!,基础表!$C21,#REF!,基础表!$D21))*1000 -> #REF! | O21: =SUMIFS(#REF!,#REF!,基础表!$C21,#REF!,基础表!$D21) -> #REF! | P21: =SUMIFS(#REF!,#REF!,基础表!$C21,#REF!,基础表!$D21) -> #REF! | Q21: =SUMIFS(#REF!,#REF!,基础表!$C21,#REF!,基础表!$D21) -> #REF! | R21: =SUMIFS(#REF!,#REF!,基础表!$C21,#REF!,基础表!$D21) -> #REF! | S21: =SUMIFS(#REF!,#REF!,基础表!$C21,#REF!,基础表!$D21) -> #REF! | T21: =SUMIFS(#REF!,#REF!,基础表!$C21,#REF!,基础表!$D21) -> #REF! | U21: =SUMIFS(#REF!,#REF!,基础表!$C21,#REF!,基础表!$D21) -> #REF!
A22: =RANK(B22,$B$18:$B$24) -> #REF! | B22: =M22 -> #REF! | C22: 黑东营业部 | D22: 七台河外埠所 | E22: 1754 | F22: 1422 | G22: 1900 | H22: 0.12857143 | I22: -0.077184054 | J22: -0.094408134 | K22: =(SUMIFS(#REF!,#REF!,基础表!$C22,#REF!,基础表!$D22))*1000 -> #REF! | L22: =(SUMIFS(#REF!,#REF!,基础表!$C22,#REF!,基础表!$D22))*1000 -> #REF! | M22: =K22/L22-1 -> #REF! | N22: =(SUMIFS(#REF!,#REF!,基础表!$C22,#REF!,基础表!$D22))*1000 -> #REF! | O22: =SUMIFS(#REF!,#REF!,基础表!$C22,#REF!,基础表!$D22) -> #REF! | P22: =SUMIFS(#REF!,#REF!,基础表!$C22,#REF!,基础表!$D22) -> #REF! | Q22: =SUMIFS(#REF!,#REF!,基础表!$C22,#REF!,基础表!$D22) -> #REF! | R22: =SUMIFS(#REF!,#REF!,基础表!$C22,#REF!,基础表!$D22) -> #REF! | S22: =SUMIFS(#REF!,#REF!,基础表!$C22,#REF!,基础表!$D22) -> #REF! | T22: =SUMIFS(#REF!,#REF!,基础表!$C22,#REF!,基础表!$D22) -> #REF! | U22: =SUMIFS(#REF!,#REF!,基础表!$C22,#REF!,基础表!$D22) -> #REF!
A23: =RANK(B23,$B$18:$B$24) -> #REF! | B23: =M23 -> #REF! | C23: 黑东营业部 | D23: 双鸭山城区所 | E23: 494 | F23: 401 | G23: 391 | H23: 0.060574949 | I23: -0.21624174 | J23: -0.11111111 | K23: =(SUMIFS(#REF!,#REF!,基础表!$C23,#REF!,基础表!$D23))*1000 -> #REF! | L23: =(SUMIFS(#REF!,#REF!,基础表!$C23,#REF!,基础表!$D23))*1000 -> #REF! | M23: =K23/L23-1 -> #REF! | N23: =(SUMIFS(#REF!,#REF!,基础表!$C23,#REF!,基础表!$D23))*1000 -> #REF! | O23: =SUMIFS(#REF!,#REF!,基础表!$C23,#REF!,基础表!$D23) -> #REF! | P23: =SUMIFS(#REF!,#REF!,基础表!$C23,#REF!,基础表!$D23) -> #REF! | Q23: =SUMIFS(#REF!,#REF!,基础表!$C23,#REF!,基础表!$D23) -> #REF! | R23: =SUMIFS(#REF!,#REF!,基础表!$C23,#REF!,基础表!$D23) -> #REF! | S23: =SUMIFS(#REF!,#REF!,基础表!$C23,#REF!,基础表!$D23) -> #REF! | T23: =SUMIFS(#REF!,#REF!,基础表!$C23,#REF!,基础表!$D23) -> #REF! | U23: =SUMIFS(#REF!,#REF!,基础表!$C23,#REF!,基础表!$D23) -> #REF!
A24: =RANK(B24,$B$18:$B$24) -> #REF! | B24: =M24 -> #REF! | C24: 黑东营业部 | D24: 双鸭山外埠所 | E24: 1925 | F24: 1247 | G24: 1287 | H24: 0.0088216761 | I24: -0.13636364 | J24: -0.11154856 | K24: =(SUMIFS(#REF!,#REF!,基础表!$C24,#REF!,基础表!$D24))*1000 -> #REF! | L24: =(SUMIFS(#REF!,#REF!,基础表!$C24,#REF!,基础表!$D24))*1000 -> #REF! | M24: =K24/L24-1 -> #REF! | N24: =(SUMIFS(#REF!,#REF!,基础表!$C24,#REF!,基础表!$D24))*1000 -> #REF! | O24: =SUMIFS(#REF!,#REF!,基础表!$C24,#REF!,基础表!$D24) -> #REF! | P24: =SUMIFS(#REF!,#REF!,基础表!$C24,#REF!,基础表!$D24) -> #REF! | Q24: =SUMIFS(#REF!,#REF!,基础表!$C24,#REF!,基础表!$D24) -> #REF! | R24: =SUMIFS(#REF!,#REF!,基础表!$C24,#REF!,基础表!$D24) -> #REF! | S24: =SUMIFS(#REF!,#REF!,基础表!$C24,#REF!,基础表!$D24) -> #REF! | T24: =SUMIFS(#REF!,#REF!,基础表!$C24,#REF!,基础表!$D24) -> #REF! | U24: =SUMIFS(#REF!,#REF!,基础表!$C24,#REF!,基础表!$D24) -> #REF!
C25: 黑东营业部 | D25: 结果 | E25: 6860 | F25: 5981 | G25: 6778 | H25: 0.0014306152 | I25: -0.14754371 | J25: -0.098376313 | K25: =(SUMIFS(#REF!,#REF!,基础表!$C25,#REF!,基础表!$D25))*1000 -> #REF! | L25: =(SUMIFS(#REF!,#REF!,基础表!$C25,#REF!,基础表!$D25))*1000 -> #REF! | M25: =K25/L25-1 -> #REF! | N25: =(SUMIFS(#REF!,#REF!,基础表!$C25,#REF!,基础表!$D25))*1000 -> #REF! | O25: =SUMIFS(#REF!,#REF!,基础表!$C25,#REF!,基础表!$D25) -> #REF! | P25: =SUMIFS(#REF!,#REF!,基础表!$C25,#REF!,基础表!$D25) -> #REF! | Q25: =SUMIFS(#REF!,#REF!,基础表!$C25,#REF!,基础表!$D25) -> #REF! | R25: =SUMIFS(#REF!,#REF!,基础表!$C25,#REF!,基础表!$D25) -> #REF! | S25: =SUMIFS(#REF!,#REF!,基础表!$C25,#REF!,基础表!$D25) -> #REF! | T25: =SUMIFS(#REF!,#REF!,基础表!$C25,#REF!,基础表!$D25) -> #REF! | U25: =SUMIFS(#REF!,#REF!,基础表!$C25,#REF!,基础表!$D25) -> #REF!
A26: =RANK(B26,$B$26:$B$31) -> #REF! | B26: =M26 -> #REF! | C26: 黑中营业部 | D26: 大庆城区东所 | E26: 643 | F26: 644 | G26: 622 | H26: 0.0031201248 | I26: -0.030120482 | J26: -0.12640449 | K26: =(SUMIFS(#REF!,#REF!,基础表!$C26,#REF!,基础表!$D26))*1000 -> #REF! | L26: =(SUMIFS(#REF!,#REF!,基础表!$C26,#REF!,基础表!$D26))*1000 -> #REF! | M26: =K26/L26-1 -> #REF! | N26: =(SUMIFS(#REF!,#REF!,基础表!$C26,#REF!,基础表!$D26))*1000 -> #REF! | O26: =SUMIFS(#REF!,#REF!,基础表!$C26,#REF!,基础表!$D26) -> #REF! | P26: =SUMIFS(#REF!,#REF!,基础表!$C26,#REF!,基础表!$D26) -> #REF! | Q26: =SUMIFS(#REF!,#REF!,基础表!$C26,#REF!,基础表!$D26) -> #REF! | R26: =SUMIFS(#REF!,#REF!,基础表!$C26,#REF!,基础表!$D26) -> #REF! | S26: =SUMIFS(#REF!,#REF!,基础表!$C26,#REF!,基础表!$D26) -> #REF! | T26: =SUMIFS(#REF!,#REF!,基础表!$C26,#REF!,基础表!$D26) -> #REF! | U26: =SUMIFS(#REF!,#REF!,基础表!$C26,#REF!,基础表!$D26) -> #REF!
A27: =RANK(B27,$B$26:$B$31) -> #REF! | B27: =M27 -> #REF! | C27: 黑中营业部 | D27: 大庆城区西所 | E27: 347 | F27: 384 | G27: 307 | H27: -0.0030840401 | I27: -0.080621302 | J27: -0.058282209 | K27: =(SUMIFS(#REF!,#REF!,基础表!$C27,#REF!,基础表!$D27))*1000 -> #REF! | L27: =(SUMIFS(#REF!,#REF!,基础表!$C27,#REF!,基础表!$D27))*1000 -> #REF! | M27: =K27/L27-1 -> #REF! | N27: =(SUMIFS(#REF!,#REF!,基础表!$C27,#REF!,基础表!$D27))*1000 -> #REF! | O27: =SUMIFS(#REF!,#REF!,基础表!$C27,#REF!,基础表!$D27) -> #REF! | P27: =SUMIFS(#REF!,#REF!,基础表!$C27,#REF!,基础表!$D27) -> #REF! | Q27: =SUMIFS(#REF!,#REF!,基础表!$C27,#REF!,基础表!$D27) -> #REF! | R27: =SUMIFS(#REF!,#REF!,基础表!$C27,#REF!,基础表!$D27) -> #REF! | S27: =SUMIFS(#REF!,#REF!,基础表!$C27,#REF!,基础表!$D27) -> #REF! | T27: =SUMIFS(#REF!,#REF!,基础表!$C27,#REF!,基础表!$D27) -> #REF! | U27: =SUMIFS(#REF!,#REF!,基础表!$C27,#REF!,基础表!$D27) -> #REF!
A28: =RANK(B28,$B$26:$B$31) -> #REF! | B28: =M28 -> #REF! | C28: 黑中营业部 | D28: 海伦外埠所 | E28: 1508 | F28: 1539 | G28: 1004 | H28: 0 | I28: -0.31417112 | J28: -0.14698386 | K28: =(SUMIFS(#REF!,#REF!,基础表!$C28,#REF!,基础表!$D28))*1000 -> #REF! | L28: =(SUMIFS(#REF!,#REF!,基础表!$C28,#REF!,基础表!$D28))*1000 -> #REF! | M28: =K28/L28-1 -> #REF! | N28: =(SUMIFS(#REF!,#REF!,基础表!$C28,#REF!,基础表!$D28))*1000 -> #REF! | O28: =SUMIFS(#REF!,#REF!,基础表!$C28,#REF!,基础表!$D28) -> #REF! | P28: =SUMIFS(#REF!,#REF!,基础表!$C28,#REF!,基础表!$D28) -> #REF! | Q28: =SUMIFS(#REF!,#REF!,基础表!$C28,#REF!,基础表!$D28) -> #REF! | R28: =SUMIFS(#REF!,#REF!,基础表!$C28,#REF!,基础表!$D28) -> #REF! | S28: =SUMIFS(#REF!,#REF!,基础表!$C28,#REF!,基础表!$D28) -> #REF! | T28: =SUMIFS(#REF!,#REF!,基础表!$C28,#REF!,基础表!$D28) -> #REF! | U28: =SUMIFS(#REF!,#REF!,基础表!$C28,#REF!,基础表!$D28) -> #REF!
A29: =RANK(B29,$B$26:$B$31) -> #REF! | B29: =M29 -> #REF! | C29: 黑中营业部 | D29: 绥化外埠所 | E29: 1580 | F29: 1368 | G29: 1082 | H29: 0 | I29: -0.093283582 | J29: -0.055021834 | K29: =(SUMIFS(#REF!,#REF!,基础表!$C29,#REF!,基础表!$D29))*1000 -> #REF! | L29: =(SUMIFS(#REF!,#REF!,基础表!$C29,#REF!,基础表!$D29))*1000 -> #REF! | M29: =K29/L29-1 -> #REF! | N29: =(SUMIFS(#REF!,#REF!,基础表!$C29,#REF!,基础表!$D29))*1000 -> #REF! | O29: =SUMIFS(#REF!,#REF!,基础表!$C29,#REF!,基础表!$D29) -> #REF! | P29: =SUMIFS(#REF!,#REF!,基础表!$C29,#REF!,基础表!$D29) -> #REF! | Q29: =SUMIFS(#REF!,#REF!,基础表!$C29,#REF!,基础表!$D29) -> #REF! | R29: =SUMIFS(#REF!,#REF!,基础表!$C29,#REF!,基础表!$D29) -> #REF! | S29: =SUMIFS(#REF!,#REF!,基础表!$C29,#REF!,基础表!$D29) -> #REF! | T29: =SUMIFS(#REF!,#REF!,基础表!$C29,#REF!,基础表!$D29) -> #REF! | U29: =SUMIFS(#REF!,#REF!,基础表!$C29,#REF!,基础表!$D29) -> #REF!
A30: =RANK(B30,$B$26:$B$31) -> #REF! | B30: =M30 -> #REF! | C30: 黑中营业部 | D30: 伊春外埠所 | E30: 1150 | F30: 1208 | G30: 869 | H30: 0.0013140604 | I30: -0.048684211 | J30: -0.14215202 | K30: =(SUMIFS(#REF!,#REF!,基础表!$C30,#REF!,基础表!$D30))*1000 -> #REF! | L30: =(SUMIFS(#REF!,#REF!,基础表!$C30,#REF!,基础表!$D30))*1000 -> #REF! | M30: =K30/L30-1 -> #REF! | N30: =(SUMIFS(#REF!,#REF!,基础表!$C30,#REF!,基础表!$D30))*1000 -> #REF! | O30: =SUMIFS(#REF!,#REF!,基础表!$C30,#REF!,基础表!$D30) -> #REF! | P30: =SUMIFS(#REF!,#REF!,基础表!$C30,#REF!,基础表!$D30) -> #REF! | Q30: =SUMIFS(#REF!,#REF!,基础表!$C30,#REF!,基础表!$D30) -> #REF! | R30: =SUMIFS(#REF!,#REF!,基础表!$C30,#REF!,基础表!$D30) -> #REF! | S30: =SUMIFS(#REF!,#REF!,基础表!$C30,#REF!,基础表!$D30) -> #REF! | T30: =SUMIFS(#REF!,#REF!,基础表!$C30,#REF!,基础表!$D30) -> #REF! | U30: =SUMIFS(#REF!,#REF!,基础表!$C30,#REF!,基础表!$D30) -> #REF!
A31: =RANK(B31,$B$26:$B$31) -> #REF! | B31: =M31 -> #REF! | C31: 黑中营业部 | D31: 肇东外埠所 | E31: 2073 | F31: 1674 | G31: 1211 | H31: 0 | I31: -0.060155239 | J31: -0.24501247 | K31: =(SUMIFS(#REF!,#REF!,基础表!$C31,#REF!,基础表!$D31))*1000 -> #REF! | L31: =(SUMIFS(#REF!,#REF!,基础表!$C31,#REF!,基础表!$D31))*1000 -> #REF! | M31: =K31/L31-1 -> #REF! | N31: =(SUMIFS(#REF!,#REF!,基础表!$C31,#REF!,基础表!$D31))*1000 -> #REF! | O31: =SUMIFS(#REF!,#REF!,基础表!$C31,#REF!,基础表!$D31) -> #REF! | P31: =SUMIFS(#REF!,#REF!,基础表!$C31,#REF!,基础表!$D31) -> #REF! | Q31: =SUMIFS(#REF!,#REF!,基础表!$C31,#REF!,基础表!$D31) -> #REF! | R31: =SUMIFS(#REF!,#REF!,基础表!$C31,#REF!,基础表!$D31) -> #REF! | S31: =SUMIFS(#REF!,#REF!,基础表!$C31,#REF!,基础表!$D31) -> #REF! | T31: =SUMIFS(#REF!,#REF!,基础表!$C31,#REF!,基础表!$D31) -> #REF! | U31: =SUMIFS(#REF!,#REF!,基础表!$C31,#REF!,基础表!$D31) -> #REF!
C32: 黑中营业部 | D32: 结果 | E32: 7305 | F32: 6817 | G32: 5102 | H32: 0.0004091653 | I32: -0.14776847 | J32: -0.14753551 | K32: =(SUMIFS(#REF!,#REF!,基础表!$C32,#REF!,基础表!$D32))*1000 -> #REF! | L32: =(SUMIFS(#REF!,#REF!,基础表!$C32,#REF!,基础表!$D32))*1000 -> #REF! | M32: =K32/L32-1 -> #REF! | N32: =(SUMIFS(#REF!,#REF!,基础表!$C32,#REF!,基础表!$D32))*1000 -> #REF! | O32: =SUMIFS(#REF!,#REF!,基础表!$C32,#REF!,基础表!$D32) -> #REF! | P32: =SUMIFS(#REF!,#REF!,基础表!$C32,#REF!,基础表!$D32) -> #REF! | Q32: =SUMIFS(#REF!,#REF!,基础表!$C32,#REF!,基础表!$D32) -> #REF! | R32: =SUMIFS(#REF!,#REF!,基础表!$C32,#REF!,基础表!$D32) -> #REF! | S32: =SUMIFS(#REF!,#REF!,基础表!$C32,#REF!,基础表!$D32) -> #REF! | T32: =SUMIFS(#REF!,#REF!,基础表!$C32,#REF!,基础表!$D32) -> #REF! | U32: =SUMIFS(#REF!,#REF!,基础表!$C32,#REF!,基础表!$D32) -> #REF!
C33: 黑龙电商组(DY) | D33: 黑龙电商所(DY) | E33: 155 | F33: 100 | G33: 103 | H33: -0.225 | I33: 0.42857143 | J33: 0.03 | K33: =(SUMIFS(#REF!,#REF!,基础表!$C33,#REF!,基础表!$D33))*1000 -> #REF! | L33: =(SUMIFS(#REF!,#REF!,基础表!$C33,#REF!,基础表!$D33))*1000 -> #REF! | M33: =K33/L33-1 -> #REF! | N33: =(SUMIFS(#REF!,#REF!,基础表!$C33,#REF!,基础表!$D33))*1000 -> #REF! | O33: =SUMIFS(#REF!,#REF!,基础表!$C33,#REF!,基础表!$D33) -> #REF!
C34: 黑龙电商组(DY) | D34: 结果 | E34: 155 | F34: 100 | G34: 103 | H34: -0.225 | I34: 0.42857143 | J34: 0.03 | K34: =(SUMIFS(#REF!,#REF!,基础表!$C34,#REF!,基础表!$D34))*1000 -> #REF! | L34: =(SUMIFS(#REF!,#REF!,基础表!$C34,#REF!,基础表!$D34))*1000 -> #REF! | M34: =K34/L34-1 -> #REF! | N34: =(SUMIFS(#REF!,#REF!,基础表!$C34,#REF!,基础表!$D34))*1000 -> #REF! | O34: =SUMIFS(#REF!,#REF!,基础表!$C34,#REF!,基础表!$D34) -> #REF!

Sheet 4
B1: 2025.03.07 01:32:58 | AG1: 1000
E3: 产品-品牌 | F3: 1.0元香爆脆
F4: 实际出货数量（+非领搭赠，自然箱） | AA4: 出货 | AD4: 成长 | AG4: 2504
B5: 营业部(顶益双管理) | C5: 营业所(顶益双管理) | D5: 客户-客户形态 | E5: 客户-客户编码 | 时间-年/月 | F5: 2023.11 | G5: 2023.12 | H5: 2024.01 | I5: 2024.02 | J5: 2024.03 | K5: 2024.04 | L5: 2024.05 | M5: 2024.06 | N5: 2024.07 | O5: 2024.08 | P5: 2024.09 | Q5: 2024.10 | R5: 2024.11 | S5: 2024.12 | T5: 2025.01 | U5: 2025.02 | V5: 2503 | W5: 2504 | X5: 2505 | Y5: 目标 | Z5: 客户 | AA5: 2501 | AB5: 2502 | AC5: 2503 | AD5: =AA5 -> 2501 | AE5: =AB5 -> 2502 | AF5: =AC5 -> 2503 | AG5: 出货 | AH5: 同期 | AI5: 成长 | AJ5: 目标 | AK5: 达成
A6: =RANK(AI6,$AI$6:$AI$24) -> 18 | B6: 哈尔滨营业部 | C6: 宾县外埠所 | D6: 乙经销商 | E6: 宾县龙兴 | F6: 0.43 | G6: 0.299 | H6: 0.175 | I6: 0.616 | J6: 1.024 | K6: 0.475 | L6: 0.88 | M6: 0.654 | N6: 0.36 | O6: 0.57 | P6: 0.564 | Q6: 0.453 | R6: 0.836 | S6: 0.594 | T6: 0.18 | U6: 0.15 | V6: 0.531 | W6: 0.683 | X6: =VLOOKUP(E6,Sheet5!$O:$Q,2,0) -> 0.325 | Y6: =VLOOKUP(E6,Sheet5!O:P,2,0) -> 0.325 | Z6: =E6 -> 宾县龙兴 | AA6: =(U6)*1000 -> 150 | AB6: =(V6)*1000 -> 531 | AC6: =(W6)*1000 -> 683 | AD6: =IFERROR(U6/I6-1,"") -> -0.75649351 | AE6: =IFERROR(V6/J6-1,"") -> -0.48144531 | AF6: =IFERROR(W6/K6-1,"") -> 0.43789474 | AG6: =(X6)*1000 -> 325 | AH6: =(L6)*1000 -> 880 | AI6: =IFERROR(AG6/AH6-1,"") -> -0.63068182 | AJ6: =(Y6)*1000 -> 325 | AK6: =IFERROR(AG6/AJ6,"") -> 1 | AL6: =E6 -> 宾县龙兴 | AM6: =C6 -> 宾县外埠所
A7: =RANK(AI7,$AI$6:$AI$24) -> 7 | B7: 哈尔滨营业部 | C7: 宾县外埠所 | D7: 丙经销商 | E7: 巴彦隆鹏 | F7: 0.417 | G7: 0.25 | H7: 0.248 | I7: 0.103 | J7: 0.354 | K7: 0.215 | L7: 0.262 | M7: 0.358 | N7: 0.225 | O7: 0.1 | P7: 0.35 | Q7: 0.369 | R7: 0.322 | S7: 0.11 | T7: 0.1 | U7: 0.1 | V7: 0.374 | W7: 0.18 | X7: =VLOOKUP(E7,Sheet5!$O:$Q,2,0) -> 0.1975 | Y7: =VLOOKUP(E7,Sheet5!O:P,2,0) -> 0.1975 | Z7: =E7 -> 巴彦隆鹏 | AA7: =(U7)*1000 -> 100 | AB7: =(V7)*1000 -> 374 | AC7: =(W7)*1000 -> 180 | AD7: =IFERROR(U7/I7-1,"") -> -0.029126214 | AE7: =IFERROR(V7/J7-1,"") -> 0.056497175 | AF7: =IFERROR(W7/K7-1,"") -> -0.1627907 | AG7: =(X7)*1000 -> 197.5 | AH7: =(L7)*1000 -> 262 | AI7: =IFERROR(AG7/AH7-1,"") -> -0.24618321 | AJ7: =(Y7)*1000 -> 197.5 | AK7: =IFERROR(AG7/AJ7,"") -> 1 | AL7: =E7 -> 巴彦隆鹏 | AM7: =C7 -> 宾县外埠所
A8: =RANK(AI8,$AI$6:$AI$24) -> 19 | B8: 哈尔滨营业部 | C8: 宾县外埠所 | D8: 丙经销商 | E8: 木兰新小合 | F8: 0.13 | G8: 0.21 | H8: 0.12 | I8: 0.103 | J8: 0.224 | K8: 0.24 | L8: 0.38 | M8: 0.115 | N8: 0.153 | O8: 0.256 | P8: 0.2 | Q8: 0.105 | R8: 0.084 | S8: 0.218 | T8: 0.08 | U8: 0.08 | V8: 0.187 | W8: 0.08 | X8: =VLOOKUP(E8,Sheet5!$O:$Q,2,0) -> 0.1 | Y8: =VLOOKUP(E8,Sheet5!O:P,2,0) -> 0.1 | Z8: =E8 -> 木兰新小合 | AA8: =(U8)*1000 -> 80 | AB8: =(V8)*1000 -> 187 | AC8: =(W8)*1000 -> 80 | AD8: =IFERROR(U8/I8-1,"") -> -0.22330097 | AE8: =IFERROR(V8/J8-1,"") -> -0.16517857 | AF8: =IFERROR(W8/K8-1,"") -> -0.66666667 | AG8: =(X8)*1000 -> 100 | AH8: =(L8)*1000 -> 380 | AI8: =IFERROR(AG8/AH8-1,"") -> -0.73684211 | AJ8: =(Y8)*1000 -> 100 | AK8: =IFERROR(AG8/AJ8,"") -> 1 | AL8: =E8 -> 木兰新小合 | AM8: =C8 -> 宾县外埠所
A9: =RANK(AI9,$AI$6:$AI$24) -> 5 | B9: 哈尔滨营业部 | C9: 宾县外埠所 | D9: 丙经销商 | E9: 通河佰昌 | F9: 0.213 | G9: 0.242 | H9: 0.141 | I9: 0.19 | J9: 0.274 | K9: 0.143 | L9: 0.31 | M9: 0.234 | N9: 0.141 | O9: 0.258 | P9: 0.214 | Q9: 0.271 | R9: 0.208 | S9: 0.218 | T9: 0.1 | U9: 0.128 | V9: 0.302 | W9: 0.1 | X9: =VLOOKUP(E9,Sheet5!$O:$Q,2,0) -> 0.25 | Y9: =VLOOKUP(E9,Sheet5!O:P,2,0) -> 0.25 | Z9: =E9 -> 通河佰昌 | AA9: =(U9)*1000 -> 128 | AB9: =(V9)*1000 -> 302 | AC9: =(W9)*1000 -> 100 | AD9: =IFERROR(U9/I9-1,"") -> -0.32631579 | AE9: =IFERROR(V9/J9-1,"") -> 0.10218978 | AF9: =IFERROR(W9/K9-1,"") -> -0.3006993 | AG9: =(X9)*1000 -> 250 | AH9: =(L9)*1000 -> 310 | AI9: =IFERROR(AG9/AH9-1,"") -> -0.19354839 | AJ9: =(Y9)*1000 -> 250 | AK9: =IFERROR(AG9/AJ9,"") -> 1 | AL9: =E9 -> 通河佰昌 | AM9: =C9 -> 宾县外埠所
A10: =RANK(AI10,$AI$6:$AI$24) -> 12 | B10: 哈尔滨营业部 | C10: 宾县外埠所 | D10: 丙经销商 | E10: 方正晓雨 | F10: 0.255 | G10: 0.272 | H10: 0.16 | I10: 0.17 | J10: 0.264 | K10: 0.233 | L10: 0.297 | M10: 0.225 | N10: 0.144 | O10: 0.19 | P10: 0.203 | Q10: 0.144 | R10: 0.136 | S10: 0.115 | T10: 0.105 | U10: 0.1 | V10: 0.167 | W10: 0.169 | X10: =VLOOKUP(E10,Sheet5!$O:$Q,2,0) -> 0.17875 | Y10: =VLOOKUP(E10,Sheet5!O:P,2,0) -> 0.17875 | Z10: =E10 -> 方正晓雨 | AA10: =(U10)*1000 -> 100 | AB10: =(V10)*1000 -> 167 | AC10: =(W10)*1000 -> 169 | AD10: =IFERROR(U10/I10-1,"") -> -0.41176471 | AE10: =IFERROR(V10/J10-1,"") -> -0.36742424 | AF10: =IFERROR(W10/K10-1,"") -> -0.27467811 | AG10: =(X10)*1000 -> 178.75 | AH10: =(L10)*1000 -> 297 | AI10: =IFERROR(AG10/AH10-1,"") -> -0.39814815 | AJ10: =(Y10)*1000 -> 178.75 | AK10: =IFERROR(AG10/AJ10,"") -> 1 | AL10: =E10 -> 方正晓雨 | AM10: =C10 -> 宾县外埠所
A11: =RANK(AI11,$AI$6:$AI$24) -> 13 | B11: 哈尔滨营业部 | C11: 宾县外埠所 | D11: 丙经销商 | E11: 尚志诺恒 | F11: 0.251 | G11: 0.12 | H11: 0.259 | I11: 0.25 | J11: 0.22 | K11: 0.315 | L11: 0.428 | M11: 0.336 | N11: 0.276 | O11: 0.318 | P11: 0.405 | Q11: 0.304 | R11: 0.361 | S11: 0.235 | T11: 0.12 | U11: 0.1 | V11: 0.374 | W11: 0.115 | X11: =VLOOKUP(E11,Sheet5!$O:$Q,2,0) -> 0.215 | Y11: =VLOOKUP(E11,Sheet5!O:P,2,0) -> 0.215 | Z11: =E11 -> 尚志诺恒 | AA11: =(U11)*1000 -> 100 | AB11: =(V11)*1000 -> 374 | AC11: =(W11)*1000 -> 115 | AD11: =IFERROR(U11/I11-1,"") -> -0.6 | AE11: =IFERROR(V11/J11-1,"") -> 0.7 | AF11: =IFERROR(W11/K11-1,"") -> -0.63492063 | AG11: =(X11)*1000 -> 215 | AH11: =(L11)*1000 -> 428 | AI11: =IFERROR(AG11/AH11-1,"") -> -0.49766355 | AJ11: =(Y11)*1000 -> 215 | AK11: =IFERROR(AG11/AJ11,"") -> 1 | AL11: =E11 -> 尚志诺恒 | AM11: =C11 -> 宾县外埠所
A12: =RANK(AI12,$AI$6:$AI$24) -> 14 | B12: 哈尔滨营业部 | C12: 宾县外埠所 | D12: 丙经销商 | E12: 亚布力鑫卓 | G12: 0.24 | H12: 0.14 | I12: 0.18 | J12: 0.18 | K12: 0.174 | L12: 0.305 | M12: 0.17 | N12: 0.087 | O12: 0.1 | P12: 0.2 | Q12: 0.1 | R12: 0.084 | S12: 0.155 | T12: 0.08 | U12: 0.105 | V12: 0.187 | W12: 0.13 | X12: =VLOOKUP(E12,Sheet5!$O:$Q,2,0) -> 0.14875 | Y12: =VLOOKUP(E12,Sheet5!O:P,2,0) -> 0.14875 | Z12: =E12 -> 亚布力鑫卓 | AA12: =(U12)*1000 -> 105 | AB12: =(V12)*1000 -> 187 | AC12: =(W12)*1000 -> 130 | AD12: =IFERROR(U12/I12-1,"") -> -0.41666667 | AE12: =IFERROR(V12/J12-1,"") -> 0.038888889 | AF12: =IFERROR(W12/K12-1,"") -> -0.25287356 | AG12: =(X12)*1000 -> 148.75 | AH12: =(L12)*1000 -> 305 | AI12: =IFERROR(AG12/AH12-1,"") -> -0.51229508 | AJ12: =(Y12)*1000 -> 148.75 | AK12: =IFERROR(AG12/AJ12,"") -> 1 | AL12: =E12 -> 亚布力鑫卓 | AM12: =C12 -> 宾县外埠所
A13: =RANK(AI13,$AI$6:$AI$24) -> 1 | B13: 哈尔滨营业部 | C13: 宾县外埠所 | D13: 丙经销商 | E13: 延寿森茂 | F13: 0.29 | G13: 0.205 | H13: 0.172 | I13: 0.108 | J13: 0.276 | K13: 0.115 | L13: 0.055 | M13: 0.16 | N13: 0.145 | O13: 0.185 | P13: 0.207 | Q13: 0.105 | R13: 0.19 | S13: 0.129 | T13: 0.1 | U13: 0.1 | V13: 0.187 | W13: 0.133 | X13: =VLOOKUP(E13,Sheet5!$O:$Q,2,0) -> 0.25 | Y13: =VLOOKUP(E13,Sheet5!O:P,2,0) -> 0.25 | Z13: =E13 -> 延寿森茂 | AA13: =(U13)*1000 -> 100 | AB13: =(V13)*1000 -> 187 | AC13: =(W13)*1000 -> 133 | AD13: =IFERROR(U13/I13-1,"") -> -0.074074074 | AE13: =IFERROR(V13/J13-1,"") -> -0.32246377 | AF13: =IFERROR(W13/K13-1,"") -> 0.15652174 | AG13: =(X13)*1000 -> 250 | AH13: =(L13)*1000 -> 55 | AI13: =IFERROR(AG13/AH13-1,"") -> 3.5454545 | AJ13: =(Y13)*1000 -> 250 | AK13: =IFERROR(AG13/AJ13,"") -> 1 | AL13: =E13 -> 延寿森茂 | AM13: =C13 -> 宾县外埠所
A14: =RANK(AI14,$AI$6:$AI$24) -> 16 | B14: 哈尔滨营业部 | C14: 哈尔滨城区北所 | D14: 城市经销商 | E14: 呼兰鲁岳 | F14: 0.58 | G14: 0.312 | H14: 0.607 | I14: 0.34 | J14: 0.34 | K14: 0.308 | L14: 0.716 | M14: 0.311 | N14: 0.172 | O14: 0.1 | P14: 0.6 | Q14: 0.27 | R14: 0.314 | S14: 0.3 | T14: 0.12 | U14: 0.06 | V14: 0.41 | W14: 0.255 | X14: =VLOOKUP(E14,Sheet5!$O:$Q,2,0) -> 0.3125 | Y14: =VLOOKUP(E14,Sheet5!O:P,2,0) -> 0.3125 | Z14: =E14 -> 呼兰鲁岳 | AA14: =(U14)*1000 -> 60 | AB14: =(V14)*1000 -> 410 | AC14: =(W14)*1000 -> 255 | AD14: =IFERROR(U14/I14-1,"") -> -0.82352941 | AE14: =IFERROR(V14/J14-1,"") -> 0.20588235 | AF14: =IFERROR(W14/K14-1,"") -> -0.17207792 | AG14: =(X14)*1000 -> 312.5 | AH14: =(L14)*1000 -> 716 | AI14: =IFERROR(AG14/AH14-1,"") -> -0.56354749 | AJ14: =(Y14)*1000 -> 312.5 | AK14: =IFERROR(AG14/AJ14,"") -> 1 | AL14: =E14 -> 呼兰鲁岳 | AM14: =C14 -> 哈尔滨城区北所
A15: =RANK(AI15,$AI$6:$AI$24) -> 2 | B15: 哈尔滨营业部 | C15: 哈尔滨城区北所 | D15: 特约士多批 | E15: 松北讯楠 | F15: 0.476 | G15: 0.506 | H15: 0.433 | I15: 0.46 | J15: 0.752 | K15: 0.397 | L15: 0.68 | M15: 0.394 | N15: 0.328 | O15: 0.635 | P15: 0.5 | Q15: 0.57 | R15: 0.714 | S15: 0.509 | T15: 0.25 | U15: 0.25 | V15: 0.77 | W15: 0.73 | X15: =VLOOKUP(E15,Sheet5!$O:$Q,2,0) -> 0.9125 | Y15: =VLOOKUP(E15,Sheet5!O:P,2,0) -> 0.9125 | Z15: =E15 -> 松北讯楠 | AA15: =(U15)*1000 -> 250 | AB15: =(V15)*1000 -> 770 | AC15: =(W15)*1000 -> 730 | AD15: =IFERROR(U15/I15-1,"") -> -0.45652174 | AE15: =IFERROR(V15/J15-1,"") -> 0.02393617 | AF15: =IFERROR(W15/K15-1,"") -> 0.83879093 | AG15: =(X15)*1000 -> 912.5 | AH15: =(L15)*1000 -> 680 | AI15: =IFERROR(AG15/AH15-1,"") -> 0.34191176 | AJ15: =(Y15)*1000 -> 912.5 | AK15: =IFERROR(AG15/AJ15,"") -> 1 | AL15: =E15 -> 松北讯楠 | AM15: =C15 -> 哈尔滨城区北所
A16: =RANK(AI16,$AI$6:$AI$24) -> 15 | B16: 哈尔滨营业部 | C16: 哈尔滨综合东所 | D16: 特约士多批 | E16: 崔勤经贸 | F16: 0.238 | G16: 0.156 | H16: 0.265 | I16: 0.229 | J16: 0.436 | K16: 0.309 | L16: 0.693 | M16: 0.236 | N16: 0.421 | O16: 0.591 | P16: 0.547 | Q16: 0.306 | R16: 0.505 | S16: 0.25 | T16: 0.25 | U16: 0.359 | V16: 0.526 | W16: 0.325 | X16: =VLOOKUP(E16,Sheet5!$O:$Q,2,0) -> 0.3125 | Y16: =VLOOKUP(E16,Sheet5!O:P,2,0) -> 0.3125 | Z16: =E16 -> 崔勤经贸 | AA16: =(U16)*1000 -> 359 | AB16: =(V16)*1000 -> 526 | AC16: =(W16)*1000 -> 325 | AD16: =IFERROR(U16/I16-1,"") -> 0.56768559 | AE16: =IFERROR(V16/J16-1,"") -> 0.20642202 | AF16: =IFERROR(W16/K16-1,"") -> 0.051779935 | AG16: =(X16)*1000 -> 312.5 | AH16: =(L16)*1000 -> 693 | AI16: =IFERROR(AG16/AH16-1,"") -> -0.54906205 | AJ16: =(Y16)*1000 -> 312.5 | AK16: =IFERROR(AG16/AJ16,"") -> 1 | AL16: =E16 -> 崔勤经贸 | AM16: =C16 -> 哈尔滨综合东所
A17: =RANK(AI17,$AI$6:$AI$24) -> 17 | B17: 哈尔滨营业部 | C17: 哈尔滨综合西所 | D17: 特约士多批 | E17: 道外春雨 | F17: 0.18 | G17: 0.228 | H17: 0.174 | I17: 0.247 | J17: 0.5 | K17: 0.231 | L17: 0.753 | M17: 0.45 | N17: 0.216 | O17: 0.24 | P17: 0.31 | Q17: 0.416 | R17: 0.426 | S17: 0.29 | T17: 0.25 | U17: 0.25 | V17: 0.518 | W17: 0.281 | X17: =VLOOKUP(E17,Sheet5!$O:$Q,2,0) -> 0.2825 | Y17: =VLOOKUP(E17,Sheet5!O:P,2,0) -> 0.2825 | Z17: =E17 -> 道外春雨 | AA17: =(U17)*1000 -> 250 | AB17: =(V17)*1000 -> 518 | AC17: =(W17)*1000 -> 281 | AD17: =IFERROR(U17/I17-1,"") -> 0.012145749 | AE17: =IFERROR(V17/J17-1,"") -> 0.036 | AF17: =IFERROR(W17/K17-1,"") -> 0.21645022 | AG17: =(X17)*1000 -> 282.5 | AH17: =(L17)*1000 -> 753 | AI17: =IFERROR(AG17/AH17-1,"") -> -0.624834 | AJ17: =(Y17)*1000 -> 282.5 | AK17: =IFERROR(AG17/AJ17,"") -> 1 | AL17: =E17 -> 道外春雨 | AM17: =C17 -> 哈尔滨综合西所
A18: =RANK(AI18,$AI$6:$AI$24) -> 10 | B18: 哈尔滨营业部 | C18: 哈尔滨综合西所 | D18: 特约士多批 | E18: 道里水嘉淼 | F18: 0.479 | G18: 0.397 | H18: 0.246 | I18: 0.443 | J18: 0.589 | K18: 0.354 | L18: 0.662 | M18: 0.403 | N18: 0.411 | O18: 0.595 | P18: 0.463 | Q18: 0.366 | R18: 0.355 | S18: 0.363 | T18: 0.05 | U18: 0.302 | V18: 0.562 | W18: 0.302 | X18: =VLOOKUP(E18,Sheet5!$O:$Q,2,0) -> 0.4575 | Y18: =VLOOKUP(E18,Sheet5!O:P,2,0) -> 0.4575 | Z18: =E18 -> 道里水嘉淼 | AA18: =(U18)*1000 -> 302 | AB18: =(V18)*1000 -> 562 | AC18: =(W18)*1000 -> 302 | AD18: =IFERROR(U18/I18-1,"") -> -0.31828442 | AE18: =IFERROR(V18/J18-1,"") -> -0.045840407 | AF18: =IFERROR(W18/K18-1,"") -> -0.14689266 | AG18: =(X18)*1000 -> 457.5 | AH18: =(L18)*1000 -> 662 | AI18: =IFERROR(AG18/AH18-1,"") -> -0.30891239 | AJ18: =(Y18)*1000 -> 457.5 | AK18: =IFERROR(AG18/AJ18,"") -> 1 | AL18: =E18 -> 道里水嘉淼 | AM18: =C18 -> 哈尔滨综合西所
A19: =RANK(AI19,$AI$6:$AI$24) -> 6 | B19: 哈尔滨营业部 | C19: 哈尔滨综合中所 | D19: 特约士多批 | E19: 维合商贸 | F19: 0.676 | G19: 0.623 | H19: 0.505 | I19: 0.511 | J19: 0.686 | K19: 0.612 | L19: 0.698 | M19: 0.682 | N19: 0.559 | O19: 0.72 | P19: 0.561 | Q19: 0.337 | R19: 0.748 | S19: 0.63 | T19: 0.43 | U19: 0.47 | V19: 0.707 | W19: 0.443 | X19: =VLOOKUP(E19,Sheet5!$O:$Q,2,0) -> 0.53125 | Y19: =VLOOKUP(E19,Sheet5!O:P,2,0) -> 0.53125 | Z19: =E19 -> 维合商贸 | AA19: =(U19)*1000 -> 470 | AB19: =(V19)*1000 -> 707 | AC19: =(W19)*1000 -> 443 | AD19: =IFERROR(U19/I19-1,"") -> -0.080234834 | AE19: =IFERROR(V19/J19-1,"") -> 0.030612245 | AF19: =IFERROR(W19/K19-1,"") -> -0.27614379 | AG19: =(X19)*1000 -> 531.25 | AH19: =(L19)*1000 -> 698 | AI19: =IFERROR(AG19/AH19-1,"") -> -0.23889685 | AJ19: =(Y19)*1000 -> 531.25 | AK19: =IFERROR(AG19/AJ19,"") -> 1 | AL19: =E19 -> 维合商贸 | AM19: =C19 -> 哈尔滨综合中所
A20: =RANK(AI20,$AI$6:$AI$24) -> 4 | B20: 哈尔滨营业部 | C20: 五常外埠所 | D20: 乙经销商 | E20: 哈市汇双元 | F20: 0.18 | G20: 0.668 | H20: 0.45 | I20: 0.553 | J20: 0.666 | K20: 0.564 | L20: 0.72 | M20: 0.783 | N20: 0.385 | O20: 0.566 | P20: 0.47 | Q20: 0.639 | R20: 0.383 | S20: 0.32 | T20: 0.26 | U20: 0.402 | V20: 0.639 | W20: 0.37 | X20: =VLOOKUP(E20,Sheet5!$O:$Q,2,0) -> 0.61375 | Y20: =VLOOKUP(E20,Sheet5!O:P,2,0) -> 0.61375 | Z20: =E20 -> 哈市汇双元 | AA20: =(U20)*1000 -> 402 | AB20: =(V20)*1000 -> 639 | AC20: =(W20)*1000 -> 370 | AD20: =IFERROR(U20/I20-1,"") -> -0.27305606 | AE20: =IFERROR(V20/J20-1,"") -> -0.040540541 | AF20: =IFERROR(W20/K20-1,"") -> -0.34397163 | AG20: =(X20)*1000 -> 613.75 | AH20: =(L20)*1000 -> 720 | AI20: =IFERROR(AG20/AH20-1,"") -> -0.14756944 | AJ20: =(Y20)*1000 -> 613.75 | AK20: =IFERROR(AG20/AJ20,"") -> 1 | AL20: =E20 -> 哈市汇双元 | AM20: =C20 -> 五常外埠所
A21: =RANK(AI21,$AI$6:$AI$24) -> 8 | B21: 哈尔滨营业部 | C21: 五常外埠所 | D21: 丙经销商 | E21: 洪亮经贸 | F21: 0.36 | G21: 0.272 | H21: 0.427 | I21: 0.131 | J21: 0.531 | K21: 0.438 | L21: 0.465 | M21: 0.404 | N21: 0.133 | O21: 0.642 | P21: 0.35 | Q21: 0.651 | R21: 0.33 | S21: 0.484 | T21: 0.15 | U21: 0.32 | V21: 0.621 | W21: 0.292 | X21: =VLOOKUP(E21,Sheet5!$O:$Q,2,0) -> 0.34375 | Y21: =VLOOKUP(E21,Sheet5!O:P,2,0) -> 0.34375 | Z21: =E21 -> 洪亮经贸 | AA21: =(U21)*1000 -> 320 | AB21: =(V21)*1000 -> 621 | AC21: =(W21)*1000 -> 292 | AD21: =IFERROR(U21/I21-1,"") -> 1.4427481 | AE21: =IFERROR(V21/J21-1,"") -> 0.16949153 | AF21: =IFERROR(W21/K21-1,"") -> -0.33333333 | AG21: =(X21)*1000 -> 343.75 | AH21: =(L21)*1000 -> 465 | AI21: =IFERROR(AG21/AH21-1,"") -> -0.26075269 | AJ21: =(Y21)*1000 -> 343.75 | AK21: =IFERROR(AG21/AJ21,"") -> 1 | AL21: =E21 -> 洪亮经贸 | AM21: =C21 -> 五常外埠所
A22: =RANK(AI22,$AI$6:$AI$24) -> 3 | B22: 哈尔滨营业部 | C22: 五常外埠所 | D22: 城市经销商 | E22: 双城宏鑫 | F22: 0.489 | G22: 0.388 | H22: 0.455 | I22: 0.558 | J22: 0.88 | K22: 0.689 | L22: 0.715 | M22: 0.713 | N22: 0.483 | O22: 0.105 | P22: 0.605 | Q22: 0.512 | R22: 0.471 | S22: 0.386 | T22: 0.25 | U22: 0.3 | V22: 0.632 | W22: 0.538 | X22: =VLOOKUP(E22,Sheet5!$O:$Q,2,0) -> 0.71875 | Y22: =VLOOKUP(E22,Sheet5!O:P,2,0) -> 0.71875 | Z22: =E22 -> 双城宏鑫 | AA22: =(U22)*1000 -> 300 | AB22: =(V22)*1000 -> 632 | AC22: =(W22)*1000 -> 538 | AD22: =IFERROR(U22/I22-1,"") -> -0.46236559 | AE22: =IFERROR(V22/J22-1,"") -> -0.28181818 | AF22: =IFERROR(W22/K22-1,"") -> -0.2191582 | AG22: =(X22)*1000 -> 718.75 | AH22: =(L22)*1000 -> 715 | AI22: =IFERROR(AG22/AH22-1,"") -> 0.0052447552 | AJ22: =(Y22)*1000 -> 718.75 | AK22: =IFERROR(AG22/AJ22,"") -> 1 | AL22: =E22 -> 双城宏鑫 | AM22: =C22 -> 五常外埠所
A23: =RANK(AI23,$AI$6:$AI$24) -> 9 | B23: 哈尔滨营业部 | C23: 五常外埠所 | D23: 城市经销商 | E23: 五常林浩雪 | F23: 0.487 | G23: 0.24 | H23: 0.341 | I23: 0.43 | J23: 0.762 | K23: 0.455 | L23: 0.887 | M23: 0.731 | N23: 0.481 | O23: 0.487 | P23: 0.605 | Q23: 0.664 | R23: 0.52 | S23: 0.338 | T23: 0.25 | U23: 0.25 | V23: 0.494 | W23: 0.25 | X23: =VLOOKUP(E23,Sheet5!$O:$Q,2,0) -> 0.6425 | Y23: =VLOOKUP(E23,Sheet5!O:P,2,0) -> 0.6425 | Z23: =E23 -> 五常林浩雪 | AA23: =(U23)*1000 -> 250 | AB23: =(V23)*1000 -> 494 | AC23: =(W23)*1000 -> 250 | AD23: =IFERROR(U23/I23-1,"") -> -0.41860465 | AE23: =IFERROR(V23/J23-1,"") -> -0.35170604 | AF23: =IFERROR(W23/K23-1,"") -> -0.45054945 | AG23: =(X23)*1000 -> 642.5 | AH23: =(L23)*1000 -> 887 | AI23: =IFERROR(AG23/AH23-1,"") -> -0.27564825 | AJ23: =(Y23)*1000 -> 642.5 | AK23: =IFERROR(AG23/AJ23,"") -> 1 | AL23: =E23 -> 五常林浩雪 | AM23: =C23 -> 五常外埠所
A24: =RANK(AI24,$AI$6:$AI$24) -> 11 | B24: 哈尔滨营业部 | C24: 五常外埠所 | D24: 甲经销商 | E24: 阿城鑫未来 | F24: 0.307 | G24: 0.56 | H24: 0.12 | I24: 0.12 | J24: 0.36 | K24: 0.45 | L24: 0.546 | M24: 0.616 | N24: 0.378 | O24: 0.481 | P24: 0.4 | Q24: 0.21 | R24: 0.205 | S24: 0.391 | T24: 0.2 | U24: 0.2 | V24: 0.395 | W24: 0.286 | X24: =VLOOKUP(E24,Sheet5!$O:$Q,2,0) -> 0.3375 | Y24: =VLOOKUP(E24,Sheet5!O:P,2,0) -> 0.3375 | Z24: =E24 -> 阿城鑫未来 | AA24: =(U24)*1000 -> 200 | AB24: =(V24)*1000 -> 395 | AC24: =(W24)*1000 -> 286 | AD24: =IFERROR(U24/I24-1,"") -> 0.66666667 | AE24: =IFERROR(V24/J24-1,"") -> 0.097222222 | AF24: =IFERROR(W24/K24-1,"") -> -0.36444444 | AG24: =(X24)*1000 -> 337.5 | AH24: =(L24)*1000 -> 546 | AI24: =IFERROR(AG24/AH24-1,"") -> -0.38186813 | AJ24: =(Y24)*1000 -> 337.5 | AK24: =IFERROR(AG24/AJ24,"") -> 1 | AL24: =E24 -> 阿城鑫未来 | AM24: =C24 -> 五常外埠所
A25: =RANK(AI25,$AI$25:$AI$55) -> 26 | B25: 黑东营业部 | C25: 鹤岗城区所 | D25: 特约士多批 | E25: 鹤岗鸿翊隆 | F25: 0.401 | G25: 0.2 | H25: 0.588 | I25: 0.187 | J25: 0.638 | K25: 0.303 | L25: 0.449 | M25: 0.11 | N25: 0.361 | O25: 0.465 | P25: 0.408 | Q25: 0.277 | R25: 0.265 | S25: 0.314 | T25: 0.248 | U25: 0.15 | V25: 0.485 | W25: 0.248 | X25: =VLOOKUP(E25,Sheet5!$O:$Q,2,0) -> 0.15125 | Y25: =VLOOKUP(E25,Sheet5!O:P,2,0) -> 0.15125 | Z25: =E25 -> 鹤岗鸿翊隆 | AA25: =(U25)*1000 -> 150 | AB25: =(V25)*1000 -> 485 | AC25: =(W25)*1000 -> 248 | AD25: =IFERROR(U25/I25-1,"") -> -0.19786096 | AE25: =IFERROR(V25/J25-1,"") -> -0.23981191 | AF25: =IFERROR(W25/K25-1,"") -> -0.18151815 | AG25: =(X25)*1000 -> 151.25 | AH25: =(L25)*1000 -> 449 | AI25: =IFERROR(AG25/AH25-1,"") -> -0.66314031 | AJ25: =(Y25)*1000 -> 151.25 | AK25: =IFERROR(AG25/AJ25,"") -> 1 | AL25: =E25 -> 鹤岗鸿翊隆 | AM25: =C25 -> 鹤岗城区所
A26: =RANK(AI26,$AI$25:$AI$55) -> 3 | B26: 黑东营业部 | C26: 鸡西城区所 | D26: 乙经销商 | E26: 鸡西红燕 | F26: 0.24 | G26: 0.22 | H26: 0.006 | I26: 0.315 | J26: 0.277 | K26: 0.528 | L26: 0.225 | M26: 0.483 | N26: 0.215 | O26: 0.247 | P26: 0.299 | Q26: 0.417 | R26: 0.245 | S26: 0.095 | T26: 0.19 | U26: 0.285 | V26: 0.269 | W26: 0.287 | X26: =VLOOKUP(E26,Sheet5!$O:$Q,2,0) -> 0.35875 | Y26: =VLOOKUP(E26,Sheet5!O:P,2,0) -> 0.35875 | Z26: =E26 -> 鸡西红燕 | AA26: =(U26)*1000 -> 285 | AB26: =(V26)*1000 -> 269 | AC26: =(W26)*1000 -> 287 | AD26: =IFERROR(U26/I26-1,"") -> -0.095238095 | AE26: =IFERROR(V26/J26-1,"") -> -0.028880866 | AF26: =IFERROR(W26/K26-1,"") -> -0.45643939 | AG26: =(X26)*1000 -> 358.75 | AH26: =(L26)*1000 -> 225 | AI26: =IFERROR(AG26/AH26-1,"") -> 0.59444444 | AJ26: =(Y26)*1000 -> 358.75 | AK26: =IFERROR(AG26/AJ26,"") -> 1 | AL26: =E26 -> 鸡西红燕 | AM26: =C26 -> 鸡西城区所
A27: =RANK(AI27,$AI$25:$AI$55) -> 29 | B27: 黑东营业部 | C27: 鸡西城区所 | D27: 丙经销商 | E27: 密山隆旺 | F27: 0.25 | G27: 0.242 | H27: 0.244 | I27: 0.234 | J27: 0.36 | K27: 0.305 | L27: 0.3 | M27: 0.32 | N27: 0.355 | O27: 0.315 | P27: 0.335 | Q27: 0.271 | R27: 0.25 | S27: 0.266 | T27: 0.213 | U27: 0.212 | V27: 0.35 | W27: 0.291 | X27: =VLOOKUP(E27,Sheet5!$O:$Q,2,0) -> 0.08125 | Y27: =VLOOKUP(E27,Sheet5!O:P,2,0) -> 0.08125 | Z27: =E27 -> 密山隆旺 | AA27: =(U27)*1000 -> 212 | AB27: =(V27)*1000 -> 350 | AC27: =(W27)*1000 -> 291 | AD27: =IFERROR(U27/I27-1,"") -> -0.094017094 | AE27: =IFERROR(V27/J27-1,"") -> -0.027777778 | AF27: =IFERROR(W27/K27-1,"") -> -0.045901639 | AG27: =(X27)*1000 -> 81.25 | AH27: =(L27)*1000 -> 300 | AI27: =IFERROR(AG27/AH27-1,"") -> -0.72916667 | AJ27: =(Y27)*1000 -> 81.25 | AK27: =IFERROR(AG27/AJ27,"") -> 1 | AL27: =E27 -> 密山隆旺 | AM27: =C27 -> 鸡西城区所
A28: =RANK(AI28,$AI$25:$AI$55) -> 21 | B28: 黑东营业部 | C28: 鸡西城区所 | D28: 特约士多批 | E28: 鸡西杰旭 | F28: 0.29 | G28: 0.04 | H28: 0.281 | I28: 0.205 | J28: 0.273 | K28: 0.206 | L28: 0.436 | M28: 0.194 | N28: 0.397 | O28: 0.425 | P28: 0.311 | Q28: 0.365 | R28: 0.288 | S28: 0.254 | T28: 0.246 | U28: 0.15 | V28: 0.186 | W28: 0.374 | X28: =VLOOKUP(E28,Sheet5!$O:$Q,2,0) -> 0.29875 | Y28: =VLOOKUP(E28,Sheet5!O:P,2,0) -> 0.29875 | Z28: =E28 -> 鸡西杰旭 | AA28: =(U28)*1000 -> 150 | AB28: =(V28)*1000 -> 186 | AC28: =(W28)*1000 -> 374 | AD28: =IFERROR(U28/I28-1,"") -> -0.26829268 | AE28: =IFERROR(V28/J28-1,"") -> -0.31868132 | AF28: =IFERROR(W28/K28-1,"") -> 0.81553398 | AG28: =(X28)*1000 -> 298.75 | AH28: =(L28)*1000 -> 436 | AI28: =IFERROR(AG28/AH28-1,"") -> -0.31479358 | AJ28: =(Y28)*1000 -> 298.75 | AK28: =IFERROR(AG28/AJ28,"") -> 1 | AL28: =E28 -> 鸡西杰旭 | AM28: =C28 -> 鸡西城区所
A29: =RANK(AI29,$AI$25:$AI$55) -> 16 | B29: 黑东营业部 | C29: 佳木斯城区所 | D29: 特约士多批 | E29: 佳市缘百 | F29: 0.27 | G29: 0.067 | H29: 0.349 | I29: 0.177 | J29: 0.436 | K29: 0.212 | L29: 0.28 | M29: 0.2 | N29: 0.272 | O29: 0.273 | P29: 0.311 | Q29: 0.171 | R29: 0.24 | S29: 0.074 | T29: 0.155 | U29: 0.157 | V29: 0.33 | W29: 0.16 | X29: =VLOOKUP(E29,Sheet5!$O:$Q,2,0) -> 0.2775 | Y29: =VLOOKUP(E29,Sheet5!O:P,2,0) -> 0.2775 | Z29: =E29 -> 佳市缘百 | AA29: =(U29)*1000 -> 157 | AB29: =(V29)*1000 -> 330 | AC29: =(W29)*1000 -> 160 | AD29: =IFERROR(U29/I29-1,"") -> -0.11299435 | AE29: =IFERROR(V29/J29-1,"") -> -0.24311927 | AF29: =IFERROR(W29/K29-1,"") -> -0.24528302 | AG29: =(X29)*1000 -> 277.5 | AH29: =(L29)*1000 -> 280 | AI29: =IFERROR(AG29/AH29-1,"") -> -0.0089285714 | AJ29: =(Y29)*1000 -> 277.5 | AK29: =IFERROR(AG29/AJ29,"") -> 1 | AL29: =E29 -> 佳市缘百 | AM29: =C29 -> 佳木斯城区所
A30: =RANK(AI30,$AI$25:$AI$55) -> 30 | B30: 黑东营业部 | C30: 佳木斯城区所 | D30: 特约士多批 | E30: 佳木斯宏满佳 | F30: 0.18 | G30: 0.072 | H30: 0.13 | I30: 0.19 | J30: 0.245 | K30: 0.155 | L30: 0.2 | M30: 0.102 | N30: 0.169 | O30: 0.215 | P30: 0.273 | Q30: 0.18 | R30: 0.221 | S30: 0.113 | T30: 0.198 | U30: 0.15 | V30: 0.313 | W30: 0.17 | X30: =VLOOKUP(E30,Sheet5!$O:$Q,2,0) -> 0.0525 | Y30: =VLOOKUP(E30,Sheet5!O:P,2,0) -> 0.0525 | Z30: =E30 -> 佳木斯宏满佳 | AA30: =(U30)*1000 -> 150 | AB30: =(V30)*1000 -> 313 | AC30: =(W30)*1000 -> 170 | AD30: =IFERROR(U30/I30-1,"") -> -0.21052632 | AE30: =IFERROR(V30/J30-1,"") -> 0.27755102 | AF30: =IFERROR(W30/K30-1,"") -> 0.096774194 | AG30: =(X30)*1000 -> 52.5 | AH30: =(L30)*1000 -> 200 | AI30: =IFERROR(AG30/AH30-1,"") -> -0.7375 | AJ30: =(Y30)*1000 -> 52.5 | AK30: =IFERROR(AG30/AJ30,"") -> 1 | AL30: =E30 -> 佳木斯宏满佳 | AM30: =C30 -> 佳木斯城区所
A31: =RANK(AI31,$AI$25:$AI$55) -> 31 | B31: 黑东营业部 | C31: 牡丹江城区所 | D31: 乙经销商 | E31: 宁安铭达 | F31: 0.24 | G31: 0.35 | H31: 0.273 | I31: 0.232 | J31: 0.37 | K31: 0.415 | L31: 0.5 | M31: 0.241 | N31: 0.11 | O31: 0.311 | P31: 0.4 | Q31: 0.307 | R31: 0.24 | S31: 0.245 | T31: 0.239 | U31: 0.21 | V31: 0.365 | W31: 0.19 | X31: =VLOOKUP(E31,Sheet5!$O:$Q,2,0) -> 0.08125 | Y31: =VLOOKUP(E31,Sheet5!O:P,2,0) -> 0.08125 | Z31: =E31 -> 宁安铭达 | AA31: =(U31)*1000 -> 210 | AB31: =(V31)*1000 -> 365 | AC31: =(W31)*1000 -> 190 | AD31: =IFERROR(U31/I31-1,"") -> -0.094827586 | AE31: =IFERROR(V31/J31-1,"") -> -0.013513514 | AF31: =IFERROR(W31/K31-1,"") -> -0.54216867 | AG31: =(X31)*1000 -> 81.25 | AH31: =(L31)*1000 -> 500 | AI31: =IFERROR(AG31/AH31-1,"") -> -0.8375 | AJ31: =(Y31)*1000 -> 81.25 | AK31: =IFERROR(AG31/AJ31,"") -> 1 | AL31: =E31 -> 宁安铭达 | AM31: =C31 -> 牡丹江城区所
A32: =RANK(AI32,$AI$25:$AI$55) -> 1 | B32: 黑东营业部 | C32: 牡丹江城区所 | D32: 丙经销商 | E32: 东宁绿和 | F32: 0.312 | G32: 0.152 | H32: 0.25 | I32: 0.235 | J32: 0.315 | K32: 0.162 | L32: 0.2 | M32: 0.2 | N32: 0.127 | O32: 0.37 | P32: 0.289 | Q32: 0.17 | R32: 0.312 | S32: 0.193 | T32: 0.141 | U32: 0.122 | V32: 0.31 | W32: 0.21 | X32: =VLOOKUP(E32,Sheet5!$O:$Q,2,0) -> 0.625 | Y32: =VLOOKUP(E32,Sheet5!O:P,2,0) -> 0.625 | Z32: =E32 -> 东宁绿和 | AA32: =(U32)*1000 -> 122 | AB32: =(V32)*1000 -> 310 | AC32: =(W32)*1000 -> 210 | AD32: =IFERROR(U32/I32-1,"") -> -0.48085106 | AE32: =IFERROR(V32/J32-1,"") -> -0.015873016 | AF32: =IFERROR(W32/K32-1,"") -> 0.2962963 | AG32: =(X32)*1000 -> 625 | AH32: =(L32)*1000 -> 200 | AI32: =IFERROR(AG32/AH32-1,"") -> 2.125 | AJ32: =(Y32)*1000 -> 625 | AK32: =IFERROR(AG32/AJ32,"") -> 1 | AL32: =E32 -> 东宁绿和 | AM32: =C32 -> 牡丹江城区所
A33: =RANK(AI33,$AI$25:$AI$55) -> 4 | B33: 黑东营业部 | C33: 牡丹江城区所 | D33: 丙经销商 | E33: 绥芬万泽 | F33: 0.48 | G33: 0.122 | H33: 0.137 | I33: 0.29 | J33: 0.251 | K33: 0.153 | L33: 0.2 | M33: 0.2 | N33: 0.2 | O33: 0.27 | P33: 0.14 | Q33: 0.516 | R33: 0.478 | S33: 0.234 | T33: 0.14 | U33: 0.272 | V33: 0.245 | W33: 0.1 | X33: =VLOOKUP(E33,Sheet5!$O:$Q,2,0) -> 0.31375 | Y33: =VLOOKUP(E33,Sheet5!O:P,2,0) -> 0.31375 | Z33: =E33 -> 绥芬万泽 | AA33: =(U33)*1000 -> 272 | AB33: =(V33)*1000 -> 245 | AC33: =(W33)*1000 -> 100 | AD33: =IFERROR(U33/I33-1,"") -> -0.062068966 | AE33: =IFERROR(V33/J33-1,"") -> -0.023904382 | AF33: =IFERROR(W33/K33-1,"") -> -0.34640523 | AG33: =(X33)*1000 -> 313.75 | AH33: =(L33)*1000 -> 200 | AI33: =IFERROR(AG33/AH33-1,"") -> 0.56875 | AJ33: =(Y33)*1000 -> 313.75 | AK33: =IFERROR(AG33/AJ33,"") -> 1 | AL33: =E33 -> 绥芬万泽 | AM33: =C33 -> 牡丹江城区所
A34: =RANK(AI34,$AI$25:$AI$55) -> 12 | B34: 黑东营业部 | C34: 牡丹江城区所 | D34: 丙经销商 | E34: 海林黑土 | F34: 0.24 | G34: 0.153 | H34: 0.141 | I34: 0.135 | J34: 0.2 | K34: 0.166 | L34: 0.204 | M34: 0.155 | N34: 0.102 | O34: 0.258 | P34: 0.202 | Q34: 0.307 | R34: 0.24 | S34: 0.168 | T34: 0.123 | U34: 0.122 | V34: 0.195 | W34: 0.205 | X34: =VLOOKUP(E34,Sheet5!$O:$Q,2,0) -> 0.2425 | Y34: =VLOOKUP(E34,Sheet5!O:P,2,0) -> 0.2425 | Z34: =E34 -> 海林黑土 | AA34: =(U34)*1000 -> 122 | AB34: =(V34)*1000 -> 195 | AC34: =(W34)*1000 -> 205 | AD34: =IFERROR(U34/I34-1,"") -> -0.096296296 | AE34: =IFERROR(V34/J34-1,"") -> -0.025 | AF34: =IFERROR(W34/K34-1,"") -> 0.23493976 | AG34: =(X34)*1000 -> 242.5 | AH34: =(L34)*1000 -> 204 | AI34: =IFERROR(AG34/AH34-1,"") -> 0.18872549 | AJ34: =(Y34)*1000 -> 242.5 | AK34: =IFERROR(AG34/AJ34,"") -> 1 | AL34: =E34 -> 海林黑土 | AM34: =C34 -> 牡丹江城区所
A35: =RANK(AI35,$AI$25:$AI$55) -> 6 | B35: 黑东营业部 | C35: 牡丹江城区所 | D35: 特约士多批 | E35: 牡市辉煌 | F35: 0.391 | G35: 0.376 | H35: 0.486 | I35: 0.346 | J35: 0.364 | K35: 0.727 | L35: 0.5 | M35: 0.475 | N35: 0.456 | O35: 0.52 | P35: 0.379 | Q35: 0.37 | R35: 0.393 | S35: 0.421 | T35: 0.493 | U35: 0.57 | V35: 0.56 | W35: 0.817 | X35: =VLOOKUP(E35,Sheet5!$O:$Q,2,0) -> 0.72125 | Y35: =VLOOKUP(E35,Sheet5!O:P,2,0) -> 0.72125 | Z35: =E35 -> 牡市辉煌 | AA35: =(U35)*1000 -> 570 | AB35: =(V35)*1000 -> 560 | AC35: =(W35)*1000 -> 817 | AD35: =IFERROR(U35/I35-1,"") -> 0.64739884 | AE35: =IFERROR(V35/J35-1,"") -> 0.53846154 | AF35: =IFERROR(W35/K35-1,"") -> 0.12379642 | AG35: =(X35)*1000 -> 721.25 | AH35: =(L35)*1000 -> 500 | AI35: =IFERROR(AG35/AH35-1,"") -> 0.4425 | AJ35: =(Y35)*1000 -> 721.25 | AK35: =IFERROR(AG35/AJ35,"") -> 1 | AL35: =E35 -> 牡市辉煌 | AM35: =C35 -> 牡丹江城区所
A36: =RANK(AI36,$AI$25:$AI$55) -> 27 | B36: 黑东营业部 | C36: 牡丹江城区所 | D36: 特约士多批 | E36: 牡市圣言 | F36: 0.347 | G36: 0.052 | H36: 0.194 | I36: 0.406 | J36: 0.579 | K36: 0.174 | L36: 0.654 | M36: 0.491 | N36: 0.265 | O36: 0.312 | P36: 0.301 | Q36: 0.158 | R36: 0.347 | S36: 0.06 | T36: 0.136 | U36: 0.228 | V36: 0.238 | W36: 0.15 | X36: =VLOOKUP(E36,Sheet5!$O:$Q,2,0) -> 0.20625 | Y36: =VLOOKUP(E36,Sheet5!O:P,2,0) -> 0.20625 | Z36: =E36 -> 牡市圣言 | AA36: =(U36)*1000 -> 228 | AB36: =(V36)*1000 -> 238 | AC36: =(W36)*1000 -> 150 | AD36: =IFERROR(U36/I36-1,"") -> -0.43842365 | AE36: =IFERROR(V36/J36-1,"") -> -0.58894646 | AF36: =IFERROR(W36/K36-1,"") -> -0.13793103 | AG36: =(X36)*1000 -> 206.25 | AH36: =(L36)*1000 -> 654 | AI36: =IFERROR(AG36/AH36-1,"") -> -0.68463303 | AJ36: =(Y36)*1000 -> 206.25 | AK36: =IFERROR(AG36/AJ36,"") -> 1 | AL36: =E36 -> 牡市圣言 | AM36: =C36 -> 牡丹江城区所
... A53: =RANK(AI53,$AI$25:$AI$55) -> 23 | B53: 黑东营业部 | C53: 双鸭山外埠所 | D53: 丙经销商 | E53: 富锦金铭 | F53: 0.25 | G53: 0.294 | H53: 0.257 | I53: 0.206 | J53: 0.438 | K53: 0.312 | L53: 0.295 | M53: 0.275 | N53: 0.296 | O53: 0.354 | P53: 0.27 | Q53: 0.165 | R53: 0.25 | S53: 0.3 | T53: 0.265 | U53: 0.115 | V53: 0.43 | W53: 0.287 | X53: =VLOOKUP(E53,Sheet5!$O:$Q,2,0) -> 0.1625 | Y53: =VLOOKUP(E53,Sheet5!O:P,2,0) -> 0.1625 | Z53: =E53 -> 富锦金铭 | AA53: =(U53)*1000 -> 115 | AB53: =(V53)*1000 -> 430 | AC53: =(W53)*1000 -> 287 | AD53: =IFERROR(U53/I53-1,"") -> -0.44174757 | AE53: =IFERROR(V53/J53-1,"") -> -0.01826484 | AF53: =IFERROR(W53/K53-1,"") -> -0.080128205 | AG53: =(X53)*1000 -> 162.5 | AH53: =(L53)*1000 -> 295 | AI53: =IFERROR(AG53/AH53-1,"") -> -0.44915254 | AJ53: =(Y53)*1000 -> 162.5 | AK53: =IFERROR(AG53/AJ53,"") -> 1 | AL53: =E53 -> 富锦金铭 | AM53: =C53 -> 双鸭山外埠所
A54: =RANK(AI54,$AI$25:$AI$55) -> 25 | B54: 黑东营业部 | C54: 双鸭山外埠所 | D54: 丙经销商 | E54: 虎林蓝锦 | F54: 0.195 | G54: 0.132 | H54: 0.106 | I54: 0.145 | J54: 0.269 | K54: 0.277 | L54: 0.216 | M54: 0.264 | N54: 0.171 | O54: 0.33 | P54: 0.11 | Q54: 0.259 | R54: 0.101 | S54: 0.196 | V54: 0.364 | W54: 0.254 | X54: =VLOOKUP(E54,Sheet5!$O:$Q,2,0) -> 0.08125 | Y54: =VLOOKUP(E54,Sheet5!O:P,2,0) -> 0.08125 | Z54: =E54 -> 虎林蓝锦 | AA54: =(U54)*1000 -> 0 | AB54: =(V54)*1000 -> 364 | AC54: =(W54)*1000 -> 254 | AD54: =IFERROR(U54/I54-1,"") -> -1 | AE54: =IFERROR(V54/J54-1,"") -> 0.35315985 | AF54: =IFERROR(W54/K54-1,"") -> -0.083032491 | AG54: =(X54)*1000 -> 81.25 | AH54: =(L54)*1000 -> 216 | AI54: =IFERROR(AG54/AH54-1,"") -> -0.62384259 | AJ54: =(Y54)*1000 -> 81.25 | AK54: =IFERROR(AG54/AJ54,"") -> 1 | AL54: =E54 -> 虎林蓝锦 | AM54: =C54 -> 双鸭山外埠所
A55: =RANK(AI55,$AI$25:$AI$55) -> 20 | B55: 黑东营业部 | C55: 双鸭山外埠所 | D55: 丙经销商 | E55: 萝北金宏旺 | F55: 0.365 | G55: 0.234 | H55: 0.235 | I55: 0.117 | J55: 0.36 | K55: 0.24 | L55: 0.35 | M55: 0.32 | N55: 0.264 | O55: 0.347 | P55: 0.361 | Q55: 0.147 | R55: 0.365 | S55: 0.256 | T55: 0.208 | U55: 0.196 | V55: 0.35 | W55: 0.26 | X55: =VLOOKUP(E55,Sheet5!$O:$Q,2,0) -> 0.24125 | Y55: =VLOOKUP(E55,Sheet5!O:P,2,0) -> 0.24125 | Z55: =E55 -> 萝北金宏旺 | AA55: =(U55)*1000 -> 196 | AB55: =(V55)*1000 -> 350 | AC55: =(W55)*1000 -> 260 | AD55: =IFERROR(U55/I55-1,"") -> 0.67521368 | AE55: =IFERROR(V55/J55-1,"") -> -0.027777778 | AF55: =IFERROR(W55/K55-1,"") -> 0.083333333 | AG55: =(X55)*1000 -> 241.25 | AH55: =(L55)*1000 -> 350 | AI55: =IFERROR(AG55/AH55-1,"") -> -0.31071429 | AJ55: =(Y55)*1000 -> 241.25 | AK55: =IFERROR(AG55/AJ55,"") -> 1 | AL55: =E55 -> 萝北金宏旺 | AM55: =C55 -> 双鸭山外埠所
A56: =RANK(AI56,$AI$56:$AI$79) -> 24 | B56: 黑西营业部 | C56: 海拉尔城区所 | D56: 特约士多批 | E56: 海拉鑫福达 | F56: 0.247 | G56: 0.231 | H56: 0.109 | I56: 0.156 | J56: 0.159 | K56: 0.066 | L56: 0.441 | M56: 0.099 | N56: 0.232 | O56: 0.045 | P56: 0.263 | Q56: 0.235 | R56: 0.3 | S56: 0.181 | T56: 0.2 | U56: 0.15 | V56: 0.288 | W56: 0.173 | X56: =VLOOKUP(E56,Sheet5!$O:$Q,2,0) -> 0.23125 | Y56: =VLOOKUP(E56,Sheet5!O:P,2,0) -> 0.23125 | Z56: =E56 -> 海拉鑫福达 | AA56: =(U56)*1000 -> 150 | AB56: =(V56)*1000 -> 288 | AC56: =(W56)*1000 -> 173 | AD56: =IFERROR(U56/I56-1,"") -> -0.038461538 | AE56: =IFERROR(V56/J56-1,"") -> 0.81132075 | AF56: =IFERROR(W56/K56-1,"") -> 1.6212121 | AG56: =(X56)*1000 -> 231.25 | AH56: =(L56)*1000 -> 441 | AI56: =IFERROR(AG56/AH56-1,"") -> -0.47562358 | AJ56: =(Y56)*1000 -> 231.25 | AK56: =IFERROR(AG56/AJ56,"") -> 1 | AL56: =E56 -> 海拉鑫福达 | AM56: =C56 -> 海拉尔城区所
A57: =RANK(AI57,$AI$56:$AI$79) -> 12 | B57: 黑西营业部 | C57: 海拉尔城区所 | D57: 特约士多批 | E57: 海拉泰运 | F57: 0.355 | G57: 0.281 | H57: 0.203 | I57: 0.223 | J57: 0.412 | K57: 0.106 | L57: 0.448 | M57: 0.27 | N57: 0.397 | O57: 0.225 | P57: 0.437 | Q57: 0.21 | R57: 0.278 | S57: 0.27 | T57: 0.2 | U57: 0.15 | V57: 0.265 | W57: 0.221 | X57: =VLOOKUP(E57,Sheet5!$O:$Q,2,0) -> 0.3975 | Y57: =VLOOKUP(E57,Sheet5!O:P,2,0) -> 0.3975 | Z57: =E57 -> 海拉泰运 | AA57: =(U57)*1000 -> 150 | AB57: =(V57)*1000 -> 265 | AC57: =(W57)*1000 -> 221 | AD57: =IFERROR(U57/I57-1,"") -> -0.32735426 | AE57: =IFERROR(V57/J57-1,"") -> -0.35679612 | AF57: =IFERROR(W57/K57-1,"") -> 1.0849057 | AG57: =(X57)*1000 -> 397.5 | AH57: =(L57)*1000 -> 448 | AI57: =IFERROR(AG57/AH57-1,"") -> -0.11272321 | AJ57: =(Y57)*1000 -> 397.5 | AK57: =IFERROR(AG57/AJ57,"") -> 1 | AL57: =E57 -> 海拉泰运 | AM57: =C57 -> 海拉尔城区所
A58: =RANK(AI58,$AI$56:$AI$79) -> 19 | B58: 黑西营业部 | C58: 呼盟外埠所 | D58: 丙经销商 | E58: 满洲万泰 | F58: 0.34 | G58: 0.17 | H58: 0.16 | I58: 0.211 | J58: 0.235 | K58: 0.122 | L58: 0.402 | M58: 0.237 | N58: 0.305 | O58: 0.25 | P58: 0.23 | Q58: 0.256 | R58: 0.402 | S58: 0.2 | T58: 0.105 | U58: 0.177 | V58: 0.271 | W58: 0.227 | X58: =VLOOKUP(E58,Sheet5!$O:$Q,2,0) -> 0.3 | Y58: =VLOOKUP(E58,Sheet5!O:P,2,0) -> 0.3 | Z58: =E58 -> 满洲万泰 | AA58: =(U58)*1000 -> 177 | AB58: =(V58)*1000 -> 271 | AC58: =(W58)*1000 -> 227 | AD58: =IFERROR(U58/I58-1,"") -> -0.16113744 | AE58: =IFERROR(V58/J58-1,"") -> 0.15319149 | AF58: =IFERROR(W58/K58-1,"") -> 0.86065574 | AG58: =(X58)*1000 -> 300 | AH58: =(L58)*1000 -> 402 | AI58: =IFERROR(AG58/AH58-1,"") -> -0.25373134 | AJ58: =(Y58)*1000 -> 300 | AK58: =IFERROR(AG58/AJ58,"") -> 1 | AL58: =E58 -> 满洲万泰 | AM58: =C58 -> 呼盟外埠所
A59: =RANK(AI59,$AI$56:$AI$79) -> 14 | B59: 黑西营业部 | C59: 呼盟外埠所 | D59: 丙经销商 | E59: 扎兰合益 | F59: 0.42 | G59: 0.29 | H59: 0.24 | I59: 0.303 | J59: 0.513 | K59: 0.546 | L59: 0.608 | M59: 0.447 | N59: 0.378 | O59: 0.554 | P59: 0.561 | Q59: 0.701 | R59: 0.558 | S59: 0.369 | T59: 0.409 | U59: 0.354 | V59: 0.525 | W59: 0.418 | X59: =VLOOKUP(E59,Sheet5!$O:$Q,2,0) -> 0.51375 | Y59: =VLOOKUP(E59,Sheet5!O:P,2,0) -> 0.51375 | Z59: =E59 -> 扎兰合益 | AA59: =(U59)*1000 -> 354 | AB59: =(V59)*1000 -> 525 | AC59: =(W59)*1000 -> 418 | AD59: =IFERROR(U59/I59-1,"") -> 0.16831683 | AE59: =IFERROR(V59/J59-1,"") -> 0.023391813 | AF59: =IFERROR(W59/K59-1,"") -> -0.23443223 | AG59: =(X59)*1000 -> 513.75 | AH59: =(L59)*1000 -> 608 | AI59: =IFERROR(AG59/AH59-1,"") -> -0.15501645 | AJ59: =(Y59)*1000 -> 513.75 | AK59: =IFERROR(AG59/AJ59,"") -> 1 | AL59: =E59 -> 扎兰合益 | AM59: =C59 -> 呼盟外埠所
A60: =RANK(AI60,$AI$56:$AI$79) -> 1 | B60: 黑西营业部 | C60: 呼盟外埠所 | D60: 丙经销商 | E60: 西旗跃腾达 | F60: 0.13 | G60: 0.06 | H60: 0.05 | J60: 0.064 | K60: 0.05 | L60: 0.05 | M60: 0.052 | N60: 0.05 | O60: 0.063 | P60: 0.05 | Q60: 0.1 | R60: 0.052 | T60: 0.051 | V60: 0.064 | W60: 0.06 | X60: =VLOOKUP(E60,Sheet5!$O:$Q,2,0) -> 0.125 | Y60: =VLOOKUP(E60,Sheet5!O:P,2,0) -> 0.125 | Z60: =E60 -> 西旗跃腾达 | AA60: =(U60)*1000 -> 0 | AB60: =(V60)*1000 -> 64 | AC60: =(W60)*1000 -> 60 | AD60: =IFERROR(U60/I60-1,"") | AE60: =IFERROR(V60/J60-1,"") -> 0 | AF60: =IFERROR(W60/K60-1,"") -> 0.2 | AG60: =(X60)*1000 -> 125 | AH60: =(L60)*1000 -> 50 | AI60: =IFERROR(AG60/AH60-1,"") -> 1.5 | AJ60: =(Y60)*1000 -> 125 | AK60: =IFERROR(AG60/AJ60,"") -> 1 | AL60: =E60 -> 西旗跃腾达 | AM60: =C60 -> 呼盟外埠所
A61: =RANK(AI61,$AI$56:$AI$79) -> 23 | B61: 黑西营业部 | C61: 呼盟外埠所 | D61: 丙经销商 | E61: 根河乐买家 | F61: 0.36 | G61: 0.25 | H61: 0.2 | I61: 0.293 | J61: 0.295 | K61: 0.446 | L61: 0.576 | M61: 0.745 | N61: 0.387 | O61: 0.226 | P61: 0.23 | Q61: 0.33 | R61: 0.18 | S61: 0.17 | T61: 0.217 | U61: 0.201 | V61: 0.332 | W61: 0.28 | X61: =VLOOKUP(E61,Sheet5!$O:$Q,2,0) -> 0.325 | Y61: =VLOOKUP(E61,Sheet5!O:P,2,0) -> 0.325 | Z61: =E61 -> 根河乐买家 | AA61: =(U61)*1000 -> 201 | AB61: =(V61)*1000 -> 332 | AC61: =(W61)*1000 -> 280 | AD61: =IFERROR(U61/I61-1,"") -> -0.31399317 | AE61: =IFERROR(V61/J61-1,"") -> 0.12542373 | AF61: =IFERROR(W61/K61-1,"") -> -0.37219731 | AG61: =(X61)*1000 -> 325 | AH61: =(L61)*1000 -> 576 | AI61: =IFERROR(AG61/AH61-1,"") -> -0.43576389 | AJ61: =(Y61)*1000 -> 325 | AK61: =IFERROR(AG61/AJ61,"") -> 1 | AL61: =E61 -> 根河乐买家 | AM61: =C61 -> 呼盟外埠所
A62: =RANK(AI62,$AI$56:$AI$79) -> 3 | B62: 黑西营业部 | C62: 呼盟外埠所 | D62: 丙经销商 | E62: 阿荣浩睿 | F62: 0.459 | G62: 0.27 | H62: 0.18 | I62: 0.301 | J62: 0.511 | K62: 0.438 | L62: 0.614 | M62: 0.685 | N62: 0.39 | O62: 0.554 | P62: 0.529 | Q62: 0.496 | R62: 0.337 | S62: 0.32 | T62: 0.293 | U62: 0.275 | V62: 0.547 | W62: 0.394 | X62: =VLOOKUP(E62,Sheet5!$O:$Q,2,0) -> 0.8 | Y62: =VLOOKUP(E62,Sheet5!O:P,2,0) -> 0.8 | Z62: =E62 -> 阿荣浩睿 | AA62: =(U62)*1000 -> 275 | AB62: =(V62)*1000 -> 547 | AC62: =(W62)*1000 -> 394 | AD62: =IFERROR(U62/I62-1,"") -> -0.086378738 | AE62: =IFERROR(V62/J62-1,"") -> 0.070450098 | AF62: =IFERROR(W62/K62-1,"") -> -0.10045662 | AG62: =(X62)*1000 -> 800 | AH62: =(L62)*1000 -> 614 | AI62: =IFERROR(AG62/AH62-1,"") -> 0.3029316 | AJ62: =(Y62)*1000 -> 800 | AK62: =IFERROR(AG62/AJ62,"") -> 1 | AL62: =E62 -> 阿荣浩睿 | AM62: =C62 -> 呼盟外埠所
A63: =RANK(AI63,$AI$56:$AI$79) -> 11 | B63: 黑西营业部 | C63: 呼盟外埠所 | D63: 丙经销商 | E63: 伊敏馨圣 | F63: 0.238 | G63: 0.11 | H63: 0.1 | I63: 0.005 | J63: 0.103 | K63: 0.058 | L63: 0.14 | M63: 0.05 | N63: 0.084 | O63: 0.2 | P63: 0.205 | Q63: 0.105 | R63: 0.213 | S63: 0.064 | T63: 0.08 | U63: 0.08 | V63: 0.103 | W63: 0.106 | X63: =VLOOKUP(E63,Sheet5!$O:$Q,2,0) -> 0.125 | Y63: =VLOOKUP(E63,Sheet5!O:P,2,0) -> 0.125 | Z63: =E63 -> 伊敏馨圣 | AA63: =(U63)*1000 -> 80 | AB63: =(V63)*1000 -> 103 | AC63: =(W63)*1000 -> 106 | AD63: =IFERROR(U63/I63-1,"") -> 15 | AE63: =IFERROR(V63/J63-1,"") -> 0 | AF63: =IFERROR(W63/K63-1,"") -> 0.82758621 | AG63: =(X63)*1000 -> 125 | AH63: =(L63)*1000 -> 140 | AI63: =IFERROR(AG63/AH63-1,"") -> -0.10714286 | AJ63: =(Y63)*1000 -> 125 | AK63: =IFERROR(AG63/AJ63,"") -> 1 | AL63: =E63 -> 伊敏馨圣 | AM63: =C63 -> 呼盟外埠所
A64: =RANK(AI64,$AI$56:$AI$79) -> 6 | B64: 黑西营业部 | C64: 呼盟外埠所 | D64: 丙经销商 | E64: 牙克丰远 | F64: 0.3 | G64: 0.29 | H64: 0.18 | I64: 0.253 | J64: 0.428 | K64: 0.405 | L64: 0.512 | M64: 0.43 | N64: 0.245 | O64: 0.385 | P64: 0.501 | Q64: 0.3 | R64: 0.171 | S64: 0.2 | T64: 0.183 | U64: 0.203 | V64: 0.429 | W64: 0.285 | X64: =VLOOKUP(E64,Sheet5!$O:$Q,2,0) -> 0.5925 | Y64: =VLOOKUP(E64,Sheet5!O:P,2,0) -> 0.5925 | Z64: =E64 -> 牙克丰远 | AA64: =(U64)*1000 -> 203 | AB64: =(V64)*1000 -> 429 | AC64: =(W64)*1000 -> 285 | AD64: =IFERROR(U64/I64-1,"") -> -0.19762846 | AE64: =IFERROR(V64/J64-1,"") -> 0.0023364486 | AF64: =IFERROR(W64/K64-1,"") -> -0.2962963 | AG64: =(X64)*1000 -> 592.5 | AH64: =(L64)*1000 -> 512 | AI64: =IFERROR(AG64/AH64-1,"") -> 0.15722656 | AJ64: =(Y64)*1000 -> 592.5 | AK64: =IFERROR(AG64/AJ64,"") -> 1 | AL64: =E64 -> 牙克丰远 | AM64: =C64 -> 呼盟外埠所
A65: =RANK(AI65,$AI$56:$AI$79) -> 5 | B65: 黑西营业部 | C65: 龙江外埠所 | D65: 乙经销商 | E65: 富区晶辉 | F65: 0.296 | G65: 0.27 | H65: 0.285 | I65: 0.289 | J65: 0.479 | K65: 0.511 | L65: 0.559 | M65: 0.86 | N65: 0.601 | O65: 0.904 | P65: 0.53 | Q65: 0.495 | R65: 0.52 | S65: 0.3 | T65: 0.315 | U65: 0.324 | V65: 0.48 | W65: 0.435 | X65: =VLOOKUP(E65,Sheet5!$O:$Q,2,0) -> 0.66 | Y65: =VLOOKUP(E65,Sheet5!O:P,2,0) -> 0.66 | Z65: =E65 -> 富区晶辉 | AA65: =(U65)*1000 -> 324 | AB65: =(V65)*1000 -> 480 | AC65: =(W65)*1000 -> 435 | AD65: =IFERROR(U65/I65-1,"") -> 0.12110727 | AE65: =IFERROR(V65/J65-1,"") -> 0.0020876827 | AF65: =IFERROR(W65/K65-1,"") -> -0.14872798 | AG65: =(X65)*1000 -> 660 | AH65: =(L65)*1000 -> 559 | AI65: =IFERROR(AG65/AH65-1,"") -> 0.18067979 | AJ65: =(Y65)*1000 -> 660 | AK65: =IFERROR(AG65/AJ65,"") -> 1 | AL65: =E65 -> 富区晶辉 | AM65: =C65 -> 龙江外埠所
A66: =RANK(AI66,$AI$56:$AI$79) -> 8 | B66: 黑西营业部 | C66: 龙江外埠所 | D66: 乙经销商 | E66: 龙江文英 | F66: 0.32 | G66: 0.394 | H66: 0.43 | I66: 0.421 | J66: 0.816 | K66: 0.663 | L66: 0.853 | M66: 0.777 | N66: 0.572 | O66: 0.703 | P66: 0.648 | Q66: 0.612 | R66: 0.536 | S66: 0.45 | T66: 0.5 | U66: 0.421 | V66: 0.817 | W66: 0.527 | X66: =VLOOKUP(E66,Sheet5!$O:$Q,2,0) -> 0.8025 | Y66: =VLOOKUP(E66,Sheet5!O:P,2,0) -> 0.8025 | Z66: =E66 -> 龙江文英 | AA66: =(U66)*1000 -> 421 | AB66: =(V66)*1000 -> 817 | AC66: =(W66)*1000 -> 527 | AD66: =IFERROR(U66/I66-1,"") -> 0 | AE66: =IFERROR(V66/J66-1,"") -> 0.0012254902 | AF66: =IFERROR(W66/K66-1,"") -> -0.20512821 | AG66: =(X66)*1000 -> 802.5 | AH66: =(L66)*1000 -> 853 | AI66: =IFERROR(AG66/AH66-1,"") -> -0.059202814 | AJ66: =(Y66)*1000 -> 802.5 | AK66: =IFERROR(AG66/AJ66,"") -> 1 | AL66: =E66 -> 龙江文英 | AM66: =C66 -> 龙江外埠所
A67: =RANK(AI67,$AI$56:$AI$79) -> 17 | B67: 黑西营业部 | C67: 龙江外埠所 | D67: 丙经销商 | E67: 甘南润鑫龙 | F67: 0.293 | G67: 0.157 | H67: 0.214 | I67: 0.185 | J67: 0.35 | K67: 0.241 | L67: 0.407 | M67: 0.361 | N67: 0.286 | O67: 0.375 | P67: 0.33 | Q67: 0.296 | R67: 0.249 | S67: 0.23 | T67: 0.22 | U67: 0.11 | V67: 0.045 | W67: 0.297 | X67: =VLOOKUP(E67,Sheet5!$O:$Q,2,0) -> 0.325 | Y67: =VLOOKUP(E67,Sheet5!O:P,2,0) -> 0.325 | Z67: =E67 -> 甘南润鑫龙 | AA67: =(U67)*1000 -> 110 | AB67: =(V67)*1000 -> 45 | AC67: =(W67)*1000 -> 297 | AD67: =IFERROR(U67/I67-1,"") -> -0.40540541 | AE67: =IFERROR(V67/J67-1,"") -> -0.87142857 | AF67: =IFERROR(W67/K67-1,"") -> 0.23236515 | AG67: =(X67)*1000 -> 325 | AH67: =(L67)*1000 -> 407 | AI67: =IFERROR(AG67/AH67-1,"") -> -0.2014742 | AJ67: =(Y67)*1000 -> 325 | AK67: =IFERROR(AG67/AJ67,"") -> 1 | AL67: =E67 -> 甘南润鑫龙 | AM67: =C67 -> 龙江外埠所
A68: =RANK(AI68,$AI$56:$AI$79) -> 9 | B68: 黑西营业部 | C68: 龙江外埠所 | D68: 丙经销商 | E68: 泰来丰海 | F68: 0.362 | G68: 0.261 | H68: 0.258 | I68: 0.245 | J68: 0.361 | K68: 0.321 | L68: 0.481 | M68: 0.465 | N68: 0.326 | O68: 0.285 | P68: 0.38 | Q68: 0.44 | R68: 0.312 | S68: 0.265 | T68: 0.268 | U68: 0.212 | V68: 0.482 | W68: 0.346 | X68: =VLOOKUP(E68,Sheet5!$O:$Q,2,0) -> 0.45 | Y68: =VLOOKUP(E68,Sheet5!O:P,2,0) -> 0.45 | Z68: =E68 -> 泰来丰海 | AA68: =(U68)*1000 -> 212 | AB68: =(V68)*1000 -> 482 | AC68: =(W68)*1000 -> 346 | AD68: =IFERROR(U68/I68-1,"") -> -0.13469388 | AE68: =IFERROR(V68/J68-1,"") -> 0.33518006 | AF68: =IFERROR(W68/K68-1,"") -> 0.07788162 | AG68: =(X68)*1000 -> 450 | AH68: =(L68)*1000 -> 481 | AI68: =IFERROR(AG68/AH68-1,"") -> -0.064449064 | AJ68: =(Y68)*1000 -> 450 | AK68: =IFERROR(AG68/AJ68,"") -> 1 | AL68: =E68 -> 泰来丰海 | AM68: =C68 -> 龙江外埠所
A69: =RANK(AI69,$AI$56:$AI$79) -> 16 | B69: 黑西营业部 | C69: 龙江外埠所 | D69: 丙经销商 | E69: 富裕泓淼源 | F69: 0.18 | G69: 0.238 | H69: 0.277 | I69: 0.237 | J69: 0.471 | K69: 0.346 | L69: 0.428 | M69: 0.481 | N69: 0.358 | O69: 0.395 | P69: 0.368 | Q69: 0.46 | R69: 0.333 | S69: 0.24 | T69: 0.1 | U69: 0.18 | V69: 0.472 | W69: 0.05 | X69: =VLOOKUP(E69,Sheet5!$O:$Q,2,0) -> 0.355 | Y69: =VLOOKUP(E69,Sheet5!O:P,2,0) -> 0.355 | Z69: =E69 -> 富裕泓淼源 | AA69: =(U69)*1000 -> 180 | AB69: =(V69)*1000 -> 472 | AC69: =(W69)*1000 -> 50 | AD69: =IFERROR(U69/I69-1,"") -> -0.24050633 | AE69: =IFERROR(V69/J69-1,"") -> 0.0021231423 | AF69: =IFERROR(W69/K69-1,"") -> -0.85549133 | AG69: =(X69)*1000 -> 355 | AH69: =(L69)*1000 -> 428 | AI69: =IFERROR(AG69/AH69-1,"") -> -0.17056075 | AJ69: =(Y69)*1000 -> 355 | AK69: =IFERROR(AG69/AJ69,"") -> 1 | AL69: =E69 -> 富裕泓淼源 | AM69: =C69 -> 龙江外埠所
A70: =RANK(AI70,$AI$56:$AI$79) -> 7 | B70: 黑西营业部 | C70: 齐齐哈尔城区所 | D70: 特约士多批 | E70: 齐市昌庆 | F70: 0.632 | G70: 0.37 | H70: 0.095 | I70: 0.295 | J70: 0.524 | K70: 0.171 | L70: 0.464 | M70: 0.231 | N70: 0.265 | O70: 0.811 | P70: 0.272 | Q70: 0.43 | R70: 0.271 | S70: 0.302 | T70: 0.2 | U70: 0.15 | V70: 0.388 | W70: 0.328 | X70: =VLOOKUP(E70,Sheet5!$O:$Q,2,0) -> 0.4925 | Y70: =VLOOKUP(E70,Sheet5!O:P,2,0) -> 0.4925 | Z70: =E70 -> 齐市昌庆 | AA70: =(U70)*1000 -> 150 | AB70: =(V70)*1000 -> 388 | AC70: =(W70)*1000 -> 328 | AD70: =IFERROR(U70/I70-1,"") -> -0.49152542 | AE70: =IFERROR(V70/J70-1,"") -> -0.25954198 | AF70: =IFERROR(W70/K70-1,"") -> 0.91812865 | AG70: =(X70)*1000 -> 492.5 | AH70: =(L70)*1000 -> 464 | AI70: =IFERROR(AG70/AH70-1,"") -> 0.061422414 | AJ70: =(Y70)*1000 -> 492.5 | AK70: =IFERROR(AG70/AJ70,"") -> 1 | AL70: =E70 -> 齐市昌庆 | AM70: =C70 -> 齐齐哈尔城区所
A71: =RANK(AI71,$AI$56:$AI$79) -> 21 | B71: 黑西营业部 | C71: 齐齐哈尔城区所 | D71: 特约士多批 | E71: 齐市彤祥 | F71: 0.182 | G71: 0.256 | H71: 0.238 | I71: 0.26 | J71: 0.26 | K71: 0.158 | L71: 0.876 | M71: 0.255 | N71: 0.552 | O71: 0.219 | P71: 0.615 | Q71: 0.207 | R71: 0.445 | S71: 0.402 | T71: 0.27 | U71: 0.15 | V71: 0.423 | W71: 0.288 | X71: =VLOOKUP(E71,Sheet5!$O:$Q,2,0) -> 0.58 | Y71: =VLOOKUP(E71,Sheet5!O:P,2,0) -> 0.58 | Z71: =E71 -> 齐市彤祥 | AA71: =(U71)*1000 -> 150 | AB71: =(V71)*1000 -> 423 | AC71: =(W71)*1000 -> 288 | AD71: =IFERROR(U71/I71-1,"") -> -0.42307692 | AE71: =IFERROR(V71/J71-1,"") -> 0.62692308 | AF71: =IFERROR(W71/K71-1,"") -> 0.82278481 | AG71: =(X71)*1000 -> 580 | AH71: =(L71)*1000 -> 876 | AI71: =IFERROR(AG71/AH71-1,"") -> -0.33789954 | AJ71: =(Y71)*1000 -> 580 | AK71: =IFERROR(AG71/AJ71,"") -> 1 | AL71: =E71 -> 齐市彤祥 | AM71: =C71 -> 齐齐哈尔城区所
A72: =RANK(AI72,$AI$56:$AI$79) -> 13 | B72: 黑西营业部 | C72: 兴安外埠所 | D72: 乙经销商 | E72: 嫩江鑫宇新 | F72: 0.506 | G72: 0.32 | H72: 0.371 | I72: 0.346 | J72: 0.562 | K72: 0.554 | L72: 0.663 | M72: 0.598 | N72: 0.316 | O72: 0.471 | P72: 0.445 | Q72: 0.525 | R72: 0.457 | S72: 0.33 | T72: 0.298 | U72: 0.285 | V72: 0.563 | W72: 0.34 | X72: =VLOOKUP(E72,Sheet5!$O:$Q,2,0) -> 0.5875 | Y72: =VLOOKUP(E72,Sheet5!O:P,2,0) -> 0.5875 | Z72: =E72 -> 嫩江鑫宇新 | AA72: =(U72)*1000 -> 285 | AB72: =(V72)*1000 -> 563 | AC72: =(W72)*1000 -> 340 | AD72: =IFERROR(U72/I72-1,"") -> -0.17630058 | AE72: =IFERROR(V72/J72-1,"") -> 0.0017793594 | AF72: =IFERROR(W72/K72-1,"") -> -0.38628159 | AG72: =(X72)*1000 -> 587.5 | AH72: =(L72)*1000 -> 663 | AI72: =IFERROR(AG72/AH72-1,"") -> -0.11387632 | AJ72: =(Y72)*1000 -> 587.5 | AK72: =IFERROR(AG72/AJ72,"") -> 1 | AL72: =E72 -> 嫩江鑫宇新 | AM72: =C72 -> 兴安外埠所
... A74: =RANK(AI74,$AI$56:$AI$79) -> 20 | B74: 黑西营业部 | C74: 兴安外埠所 | D74: 丙经销商 | E74: 塔河塔营 | F74: 0.12 | G74: 0.11 | H74: 0.12 | I74: 0.047 | J74: 0.08 | K74: 0.068 | L74: 0.17 | M74: 0.063 | N74: 0.096 | O74: 0.153 | P74: 0.19 | Q74: 0.175 | R74: 0.08 | S74: 0.07 | T74: 0.081 | U74: 0.08 | V74: 0.08 | W74: 0.08 | X74: =VLOOKUP(E74,Sheet5!$O:$Q,2,0) -> 0.125 | Y74: =VLOOKUP(E74,Sheet5!O:P,2,0) -> 0.125 | Z74: =E74 -> 塔河塔营 | AA74: =(U74)*1000 -> 80 | AB74: =(V74)*1000 -> 80 | AC74: =(W74)*1000 -> 80 | AD74: =IFERROR(U74/I74-1,"") -> 0.70212766 | AE74: =IFERROR(V74/J74-1,"") -> 0 | AF74: =IFERROR(W74/K74-1,"") -> 0.17647059 | AG74: =(X74)*1000 -> 125 | AH74: =(L74)*1000 -> 170 | AI74: =IFERROR(AG74/AH74-1,"") -> -0.26470588 | AJ74: =(Y74)*1000 -> 125 | AK74: =IFERROR(AG74/AJ74,"") -> 1 | AL74: =E74 -> 塔河塔营 | AM74: =C74 -> 兴安外埠所
A75: =RANK(AI75,$AI$56:$AI$79) -> 18 | B75: 黑西营业部 | C75: 兴安外埠所 | D75: 丙经销商 | E75: 加奇莫北 | F75: 0.23 | G75: 0.227 | H75: 0.26 | I75: 0.242 | J75: 0.365 | K75: 0.321 | L75: 0.491 | M75: 0.34 | N75: 0.373 | O75: 0.401 | P75: 0.37 | Q75: 0.4 | R75: 0.3 | S75: 0.23 | T75: 0.23 | U75: 0.21 | V75: 0.38 | W75: 0.05 | X75: 0.388 | Y75: =VLOOKUP(E75,Sheet5!O:P,2,0) -> 0 | Z75: =E75 -> 加奇莫北 | AA75: =(U75)*1000 -> 210 | AB75: =(V75)*1000 -> 380 | AC75: =(W75)*1000 -> 50 | AD75: =IFERROR(U75/I75-1,"") -> -0.1322314 | AE75: =IFERROR(V75/J75-1,"") -> 0.04109589 | AF75: =IFERROR(W75/K75-1,"") -> -0.84423676 | AG75: =(X75)*1000 -> 388 | AH75: =(L75)*1000 -> 491 | AI75: =IFERROR(AG75/AH75-1,"") -> -0.20977597 | AJ75: =(Y75)*1000 -> 0 | AK75: =IFERROR(AG75/AJ75,"") | AL75: =E75 -> 加奇莫北 | AM75: =C75 -> 兴安外埠所
