Workbook
Name SAPCrosstab1: '3'!$A$3:$I$35
Name SAPCrosstab2: '2'!$A$3:$G$41
Name SAPCrosstab3: '4'!$A$3:$K$40
Name SAPCrosstab4: '3'!$K$3:$N$34
Name SAPCrosstab5: Sheet1!$B$1:$F$32
Name SAPCrosstab6: Sheet3!$B$1:$D$33

Sheet _com.sap.ip.bi.xl.hiddensheet

Sheet 1
B2: 排名 | C2: 组织 | D2: 出货 | G2: 成长 | J2: =部所排名!J2 -> 2505 | O2: 口味别占比 | W2: 口味别出货 | AE2: 整体 铺货率 | AF2: 校园铺货率 | AH2: 实盘库存 | AP2: 口味别检核
D3: =部所排名!D3 -> 2502 | E3: =部所排名!E3 -> 2503 | F3: =部所排名!F3 -> 2504 | G3: =部所排名!G3 -> 2502 | H3: =部所排名!H3 -> 2503 | I3: =部所排名!I3 -> 2504 | J3: =部所排名!J3 -> 出货 | K3: =部所排名!K3 -> 同期 | ... N3: =部所排名!N3 -> 达成 | O3: =部所排名!S3 -> 鸡汁味 | P3: =部所排名!Q3 -> 羊肉串 | Q3: =部所排名!O3 -> 小酥肉 | R3: =部所排名!T3 -> 鱿鱼 | S3: =部所排名!R3 -> 小龙虾 | T3: =部所排名!U3 -> 番茄 | U3: =部所排名!P3 -> 原味 | V3: =部所排名!V3 -> 火鸡 | W3: 椒盐小酥肉 | X3: 鸡汁原味 | Y3: 烤羊肉串 | Z3: 麻辣小龙虾 | AA3: 香葱鸡汁味 | AB3: 香烤鱿鱼 | AC3: 酸甜番茄味 | AD3: 芝士火鸡味 | AF3: 香爆脆 | AG3: 红牛 | AH3: =部所排名!AE3 -> 4月末 | AI3: =部所排名!AF3 -> 5月末 | AJ3: =部所排名!AG3 -> 变化 | AK3: 5月分流 | AL3: 库存/分流 | AM3: 6月目标 | AN3: 库存/目标 | AP3: 占比 | AQ3: 出货
B4: =部所排名!B4 -> 黑龙江 | D4: =部所排名!D4 -> 24.121 | E4: =部所排名!E4 -> 43.899 | F4: =部所排名!F4 -> 32.799 | G4: =部所排名!G4 -> -0.11767503 | H4: =部所排名!H4 -> 0.016439371 | I4: =部所排名!I4 -> -0.034897749 | J4: =部所排名!J4 -> 35.894 | K4: =部所排名!K4 -> 45.45 | ... N4: =部所排名!N4 -> 0.77357759 | O4: =部所排名!S4 -> 0.17220148 | P4: =部所排名!Q4 -> 0.15907951 | Q4: =部所排名!O4 -> 0.15178024 | R4: =部所排名!T4 -> 0.13927119 | S4: =部所排名!R4 -> 0.11595253 | T4: =部所排名!U4 -> 0.11531175 | U4: =部所排名!P4 -> 0.10388923 | V4: =部所排名!V4 -> 0.042514069 | W4: =部所排名!W4 -> 5.448 | X4: =部所排名!X4 -> 3.729 | Y4: =部所排名!Y4 -> 5.71 | Z4: =部所排名!Z4 -> 4.162 | AA4: =部所排名!AA4 -> 6.181 | AB4: =部所排名!AB4 -> 4.999 | AC4: =部所排名!AC4 -> 4.139 | AD4: =部所排名!AD4 -> 1.526 | AE4: =基础表!AQ4 -> 0.70226259 | AF4: =基础表!AR4 -> 0.91942324 | AG4: =基础表!AS4 -> 0.99406277 | AH4: =部所排名!AE4 -> 35.418 | AI4: =部所排名!AF4 -> 33.3985 | AJ4: =部所排名!AG4 -> -2.0195 | AK4: =Sheet1!F32/1000 -> 27.564282 | AL4: =AI4/AK4 -> 1.2116586 | AM4: =Sheet3!D33 -> 38 | AN4: =AI4/AM4 -> 0.87890789 | AP4: =SUM(O4:V4)=1 -> TRUE | AQ4: =SUM(W4:AD4)=J4 -> TRUE
B5: 1 | C5: =部所排名!C5 -> 哈尔滨营业部 | D5: =部所排名!D5 -> 7.418 | E5: =部所排名!E5 -> 13.181 | F5: =部所排名!F5 -> 9.871 | G5: =部所排名!G5 -> -0.1263691 | H5: =部所排名!H5 -> 0.089068826 | I5: =部所排名!I5 -> 0.016371499 | J5: =部所排名!J5 -> 12.553 | ... AD5: =部所排名!AD5 -> 1.526 | AE5: =IF($C5="黑龙电商组(DY)","",VLOOKUP($B5,基础表!$A:$AZ,COLUMN(基础表!AQ$1),0)) -> 0.78062549 | AF5: =IF($C5="黑龙电商组(DY)","",VLOOKUP($B5,基础表!$A:$AZ,COLUMN(基础表!AR$1),0)) -> 0.97324415 | AG5: =IF($C5="黑龙电商组(DY)","",VLOOKUP($B5,基础表!$A:$AZ,COLUMN(基础表!AS$1),0)) -> 0.98662207 | AH5: =部所排名!AE5 -> 5.52 | AI5: =部所排名!AF5 -> 4.661 | AJ5: =部所排名!AG5 -> -0.859 | AK5: =VLOOKUP(C5,Sheet1!A:F,6,0)/1000 -> 4.747645 | AL5: =AI5/AK5 -> 0.9817499 | AM5: =VLOOKUP(C5,Sheet3!A:D,4,0) -> 13.24 | AN5: =AI5/AM5 -> 0.35203927 | AP5: =SUM(O5:V5)=1 -> TRUE | AQ5: =SUM(W5:AD5)=J5 -> TRUE
B6: 2 | C6: =部所排名!C6 -> 黑中营业部 | D6: =部所排名!D6 -> 5.102 | E6: =部所排名!E6 -> 11.263 | F6: =部所排名!F6 -> 8.274 | G6: =部所排名!G6 -> -0.14753551 | H6: =部所排名!H6 -> -0.020353136 | I6: =部所排名!I6 -> -0.065823642 | J6: =部所排名!J6 -> 7.467 | ... N6: =部所排名!N6 -> 0.76193878 | O6: =部所排名!S6 -> 0.13847596 | P6: =部所排名!Q6 -> 0.17061738 | Q6: =部所排名!O6 -> 0.15575198 | R6: =部所排名!T6 -> 0.13472613 | S6: =部所排名!R6 -> 0.13619928 | T6: =部所排名!U6 -> 0.12963707 | U6: =部所排名!P6 -> 0.13459221 | V6: =部所排名!V6 -> 0 | W6: =部所排名!W6 -> 1.163 | X6: =部所排名!X6 -> 1.005 | Y6: =部所排名!Y6 -> 1.274 | Z6: =部所排名!Z6 -> 1.017 | AA6: =部所排名!AA6 -> 1.034 | AB6: =部所排名!AB6 -> 1.006 | AC6: =部所排名!AC6 -> 0.968 | AD6: =部所排名!AD6 -> 0 | AE6: =IF($C6="黑龙电商组(DY)","",VLOOKUP($B6,基础表!$A:$AZ,COLUMN(基础表!AQ$1),0)) -> 0.82804332 | AF6: =IF($C6="黑龙电商组(DY)","",VLOOKUP($B6,基础表!$A:$AZ,COLUMN(基础表!AR$1),0)) -> 0.94315789 | AG6: =IF($C6="黑龙电商组(DY)","",VLOOKUP($B6,基础表!$A:$AZ,COLUMN(基础表!AS$1),0)) -> 0.99578947 | AH6: =部所排名!AE6 -> 9.172 | AI6: =部所排名!AF6 -> 8.905 | AJ6: =部所排名!AG6 -> -0.267 | AK6: =VLOOKUP(C6,Sheet1!A:F,6,0)/1000 -> 8.287672 | AL6: =AI6/AK6 -> 1.0744875 | AM6: =VLOOKUP(C6,Sheet3!A:D,4,0) -> 7.6 | AN6: =AI6/AM6 -> 1.1717105 | AP6: =SUM(O6:V6)=1 -> TRUE | AQ6: =SUM(W6:AD6)=J6 -> TRUE
B7: 3 | C7: =部所排名!C7 -> 黑东营业部 | D7: =部所排名!D7 -> 6.778 | E7: =部所排名!E7 -> 10.418 | F7: =部所排名!F7 -> 7.794 | G7: =部所排名!G7 -> -0.099508436 | H7: =部所排名!H7 -> -0.026718984 | I7: =部所排名!I7 -> -0.050207165 | J7: =部所排名!J7 -> 7.514 | ... N7: =部所排名!N7 -> 0.7589899 | O7: =部所排名!S7 -> 0.12895928 | P7: =部所排名!Q7 -> 0.14599414 | Q7: =部所排名!O7 -> 0.19683258 | R7: =部所排名!T7 -> 0.15597551 | S7: =部所排名!R7 -> 0.11338834 | T7: =部所排名!U7 -> 0.13627895 | U7: =部所排名!P7 -> 0.1225712 | V7: =部所排名!V7 -> 0 | W7: =部所排名!W7 -> 1.479 | X7: =部所排名!X7 -> 0.921 | Y7: =部所排名!Y7 -> 1.097 | Z7: =部所排名!Z7 -> 0.852 | AA7: =部所排名!AA7 -> 0.969 | AB7: =部所排名!AB7 -> 1.172 | AC7: =部所排名!AC7 -> 1.024 | AD7: =部所排名!AD7 -> 0 | AE7: =IF($C7="黑龙电商组(DY)","",VLOOKUP($B7,基础表!$A:$AZ,COLUMN(基础表!AQ$1),0)) -> 0.54981442 | AF7: =IF($C7="黑龙电商组(DY)","",VLOOKUP($B7,基础表!$A:$AZ,COLUMN(基础表!AR$1),0)) -> 0.82022472 | AG7: =IF($C7="黑龙电商组(DY)","",VLOOKUP($B7,基础表!$A:$AZ,COLUMN(基础表!AS$1),0)) -> 0.99625468 | AH7: =部所排名!AE7 -> 10.843 | AI7: =部所排名!AF7 -> 9.6775 | AJ7: =部所排名!AG7 -> -1.1655 | AK7: =VLOOKUP(C7,Sheet1!A:F,6,0)/1000 -> 7.318055 | AL7: =AI7/AK7 -> 1.3224142 | AM7: =VLOOKUP(C7,Sheet3!A:D,4,0) -> 8 | AN7: =AI7/AM7 -> 1.2096875 | AP7: =SUM(O7:V7)=1 -> TRUE | AQ7: =SUM(W7:AD7)=J7 -> TRUE
B8: 4 | C8: =部所排名!C8 -> 黑西营业部 | D8: =部所排名!D8 -> 4.72 | E8: =部所排名!E8 -> 8.927 | F8: =部所排名!F8 -> 6.71 | G8: =部所排名!G8 -> -0.098376313 | H8: =部所排名!H8 -> 0.016163916 | I8: =部所排名!I8 -> -0.05625879 | J8: =部所排名!J8 -> 8.26 | ... N8: =部所排名!N8 -> 0.75090909 | O8: =部所排名!S8 -> 0.15302663 | P8: =部所排名!Q8 -> 0.17288136 | Q8: =部所排名!O8 -> 0.17820823 | R8: =部所排名!T8 -> 0.13922518 | S8: =部所排名!R8 -> 0.13571429 | T8: =部所排名!U8 -> 0.10617433 | U8: =部所排名!P8 -> 0.11476998 | V8: =部所排名!V8 -> 0 | W8: =部所排名!W8 -> 1.472 | X8: =部所排名!X8 -> 0.948 | Y8: =部所排名!Y8 -> 1.428 | Z8: =部所排名!Z8 -> 1.121 | AA8: =部所排名!AA8 -> 1.264 | AB8: =部所排名!AB8 -> 1.15 | AC8: =部所排名!AC8 -> 0.877 | AD8: =部所排名!AD8 -> 0 | AE8: =IF($C8="黑龙电商组(DY)","",VLOOKUP($B8,基础表!$A:$AZ,COLUMN(基础表!AQ$1),0)) -> 0.63737006 | AF8: =IF($C8="黑龙电商组(DY)","",VLOOKUP($B8,基础表!$A:$AZ,COLUMN(基础表!AR$1),0)) -> 0.91304348 | AG8: =IF($C8="黑龙电商组(DY)","",VLOOKUP($B8,基础表!$A:$AZ,COLUMN(基础表!AS$1),0)) -> 1 | AH8: =部所排名!AE8 -> 9.883 | AI8: =部所排名!AF8 -> 10.155 | AJ8: =部所排名!AG8 -> 0.272 | AK8: =VLOOKUP(C8,Sheet1!A:F,6,0)/1000 -> 7.21091 | AL8: =AI8/AK8 -> 1.4082827 | AM8: =VLOOKUP(C8,Sheet3!A:D,4,0) -> 9 | AN8: =AI8/AM8 -> 1.1283333 | AP8: =SUM(O8:V8)=1 -> TRUE | AQ8: =SUM(W8:AD8)=J8 -> TRUE
B9: 1 | C9: =部所排名!C9 -> 哈尔滨OT所 | D9: =部所排名!D9 -> 0.863 | E9: =部所排名!E9 -> 2.17 | F9: =部所排名!F9 -> 1.277 | G9: =部所排名!G9 -> -0.49825581 | H9: =部所排名!H9 -> 2.3333333 | I9: =部所排名!I9 -> 0.1813136 | J9: =部所排名!J9 -> 4.149 | ... N9: =部所排名!N9 -> 2.6376351 | O9: =部所排名!S9 -> 0.43142926 | P9: =部所排名!Q9 -> 0.07857315 | R9: =部所排名!T9 -> 0.12051097 | U9: =部所排名!P9 -> 0.0055435045 | V9: =部所排名!V9 -> 0.36394312 | W9: =部所排名!W9 -> 0 | X9: =部所排名!X9 -> 0.023 | Y9: =部所排名!Y9 -> 0.326 | Z9: =部所排名!Z9 -> 0 | AA9: =部所排名!AA9 -> 1.79 | AB9: =部所排名!AB9 -> 0.5 | AC9: =部所排名!AC9 -> 0 | AD9: =部所排名!AD9 -> 1.51 | AE9: =IF($C9="哈尔滨OT所","",VLOOKUP($B9,基础表!$C:$AZ,COLUMN(基础表!AQ$1)-2,0)) | AF9: =IF($C9="哈尔滨OT所","",VLOOKUP($B9,基础表!$C:$AZ,COLUMN(基础表!AR$1)-2,0)) | AG9: =IF($C9="哈尔滨OT所","",VLOOKUP($B9,基础表!$C:$AZ,COLUMN(基础表!AS$1)-2,0)) | AM9: =VLOOKUP(C9,Sheet3!A:D,4,0) -> 2.707 | AP9: =SUM(O9:V9)=1 -> TRUE | AQ9: =SUM(W9:AD9)=J9 -> TRUE
B10: 2 | C10: =部所排名!C10 -> 海伦外埠所 | D10: =部所排名!D10 -> 1.004 | E10: =部所排名!E10 -> 2.591 | F10: =部所排名!F10 -> 2.58 | G10: =部所排名!G10 -> -0.14698386 | H10: =部所排名!H10 -> -0.034649776 | I10: =部所排名!I10 -> -0.13509889 | J10: =部所排名!J10 -> 2.071 | ... N10: =部所排名!N10 -> 1.1086724 | O10: =部所排名!S10 -> 0.14002897 | P10: =部所排名!Q10 -> 0.14292612 | Q10: =部所排名!O10 -> 0.17141478 | R10: =部所排名!T10 -> 0.15210043 | S10: =部所排名!R10 -> 0.11830034 | T10: =部所排名!U10 -> 0.14968614 | U10: =部所排名!P10 -> 0.12554322 | V10: =部所排名!V10 -> 0 | W10: =部所排名!W10 -> 0.355 | X10: =部所排名!X10 -> 0.26 | Y10: =部所排名!Y10 -> 0.296 | Z10: =部所排名!Z10 -> 0.245 | AA10: =部所排名!AA10 -> 0.29 | AB10: =部所排名!AB10 -> 0.315 | AC10: =部所排名!AC10 -> 0.31 | AD10: =部所排名!AD10 -> 0 | AE10: =IF($C10="哈尔滨OT所","",VLOOKUP($B10,基础表!$C:$AZ,COLUMN(基础表!AQ$1)-2,0)) -> 0.86951631 | AF10: =IF($C10="哈尔滨OT所","",VLOOKUP($B10,基础表!$C:$AZ,COLUMN(基础表!AR$1)-2,0)) -> 0.93333333 | AG10: =IF($C10="哈尔滨OT所","",VLOOKUP($B10,基础表!$C:$AZ,COLUMN(基础表!AS$1)-2,0)) -> 1 | AH10: =部所排名!AE10 -> 2.424 | AI10: =部所排名!AF10 -> 2.35 | AJ10: =部所排名!AG10 -> -0.074 | AK10: =VLOOKUP(C10,Sheet1!E:F,2,0)/1000 -> 2.557068 | AL10: =AI10/AK10 -> 0.91902132 | AM10: =VLOOKUP(C10,Sheet3!A:D,4,0) -> 1.284 | AN10: =AI10/AM10 -> 1.8302181 | AP10: =SUM(O10:V10)=1 -> TRUE | AQ10: =SUM(W10:AD10)=J10 -> TRUE
B11: 3 | C11: =部所排名!C11 -> 伊春外埠所 | D11: =部所排名!D11 -> 0.869 | E11: =部所排名!E11 -> 1.884 | F11: =部所排名!F11 -> 1.262 | G11: =部所排名!G11 -> -0.14215202 | H11: =部所排名!H11 -> 0.016729628 | I11: =部所排名!I11 -> 0.12078153 | J11: =部所排名!J11 -> 1.55 | ... N11: =部所排名!N11 -> 1.0251323 | O11: =部所排名!S11 -> 0.13548387 | P11: =部所排名!Q11 -> 0.1516129 | Q11: =部所排名!O11 -> 0.1483871 | R11: =部所排名!T11 -> 0.13548387 | S11: =部所排名!R11 -> 0.14516129 | T11: =部所排名!U11 -> 0.13225806 | U11: =部所排名!P11 -> 0.1516129 | V11: =部所排名!V11 -> 0 | W11: =部所排名!W11 -> 0.23 | X11: =部所排名!X11 -> 0.235 | Y11: =部所排名!Y11 -> 0.235 | Z11: =部所排名!Z11 -> 0.225 | AA11: =部所排名!AA11 -> 0.21 | AB11: =部所排名!AB11 -> 0.21 | AC11: =部所排名!AC11 -> 0.205 | AD11: =部所排名!AD11 -> 0 | AE11: =IF($C11="哈尔滨OT所","",VLOOKUP($B11,基础表!$C:$AZ,COLUMN(基础表!AQ$1)-2,0)) -> 0.77693089 | AF11: =IF($C11="哈尔滨OT所","",VLOOKUP($B11,基础表!$C:$AZ,COLUMN(基础表!AR$1)-2,0)) -> 0.93023256 | AG11: =IF($C11="哈尔滨OT所","",VLOOKUP($B11,基础表!$C:$AZ,COLUMN(基础表!AS$1)-2,0)) -> 1 | AH11: =部所排名!AE11 -> 1.677 | AI11: =部所排名!AF11 -> 1.648 | AJ11: =部所排名!AG11 -> -0.029 | AK11: =VLOOKUP(C11,Sheet1!E:F,2,0)/1000 -> 1.506778 | AL11: =AI11/AK11 -> 1.0937245 | AM11: =VLOOKUP(C11,Sheet3!A:D,4,0) -> 0.994 | AN11: =AI11/AM11 -> 1.6579477 | AP11: =SUM(O11:V11)=1 -> TRUE | AQ11: =SUM(W11:AD11)=J11 -> TRUE
B12: 4 | C12: =部所排名!C12 -> 黑龙电商所(DY) | D12: =部所排名!D12 -> 0.103 | E12: =部所排名!E12 -> 0.11 | F12: =部所排名!F12 -> 0.15 | G12: =部所排名!G12 -> 0.03 | H12: =部所排名!H12 -> 0.1 | I12: =部所排名!I12 -> 0.5 | J12: =部所排名!J12 -> 0.1 | ... N12: =部所排名!N12 -> 1 | P12: =部所排名!Q12 -> 1 | V12: =部所排名!V12 -> 0 | W12: =部所排名!W12 -> 0 | X12: =部所排名!X12 -> 0 | Y12: =部所排名!Y12 -> 0.1 | Z12: =部所排名!Z12 -> 0 | AA12: =部所排名!AA12 -> 0 | AB12: =部所排名!AB12 -> 0 | AC12: =部所排名!AC12 -> 0 | AD12: =部所排名!AD12 -> 0 | AM12: =VLOOKUP(C12,Sheet3!A:D,4,0) -> 0.16 | AP12: =SUM(O12:V12)=1 -> TRUE | AQ12: =SUM(W12:AD12)=J12 -> TRUE
B13: 5 | C13: =部所排名!C13 -> 双鸭山城区所 | D13: =部所排名!D13 -> 0.391 | E13: =部所排名!E13 -> 0.525 | F13: =部所排名!F13 -> 0.379 | G13: =部所排名!G13 -> -0.34285714 | H13: =部所排名!H13 -> -0.30278884 | I13: =部所排名!I13 -> -0.047738693 | J13: =部所排名!J13 -> 0.444 | ... N13: =部所排名!N13 -> 0.86046512 | O13: =部所排名!S13 -> 0.13513514 | P13: =部所排名!Q13 -> 0.078828829 | Q13: =部所排名!O13 -> 0.25 | R13: =部所排名!T13 -> 0.1509009 | S13: =部所排名!R13 -> 0.16891892 | T13: =部所排名!U13 -> 0.06981982 | U13: =部所排名!P13 -> 0.1463964 | V13: =部所排名!V13 -> 0 | W13: =部所排名!W13 -> 0.111 | X13: =部所排名!X13 -> 0.065 | Y13: =部所排名!Y13 -> 0.035 | Z13: =部所排名!Z13 -> 0.075 | AA13: =部所排名!AA13 -> 0.06 | AB13: =部所排名!AB13 -> 0.067 | AC13: =部所排名!AC13 -> 0.031 | AD13: =部所排名!AD13 -> 0 | AE13: =IF($C13="哈尔滨OT所","",VLOOKUP($B13,基础表!$C:$AZ,COLUMN(基础表!AQ$1)-2,0)) -> 0.53377265 | AF13: =IF($C13="哈尔滨OT所","",VLOOKUP($B13,基础表!$C:$AZ,COLUMN(基础表!AR$1)-2,0)) -> 0.90625 | AG13: =IF($C13="哈尔滨OT所","",VLOOKUP($B13,基础表!$C:$AZ,COLUMN(基础表!AS$1)-2,0)) -> 1 | AH13: =部所排名!AE13 -> 0.468 | AI13: =部所排名!AF13 -> 0.418 | AJ13: =部所排名!AG13 -> -0.05 | AK13: =VLOOKUP(C13,Sheet1!E:F,2,0)/1000 -> 0.371264 | AL13: =AI13/AK13 -> 1.1258835 | AM13: =VLOOKUP(C13,Sheet3!A:D,4,0) -> 0.422 | AN13: =AI13/AM13 -> 0.99052133 | AP13: =SUM(O13:V13)=1 -> TRUE | AQ13: =SUM(W13:AD13)=J13 -> TRUE
B14: 6 | C14: =部所排名!C14 -> 七台河外埠所 | D14: =部所排名!D14 -> 1.9 | E14: =部所排名!E14 -> 2.687 | F14: =部所排名!F14 -> 1.742 | G14: =部所排名!G14 -> -0.038947901 | H14: =部所排名!H14 -> 0.027140673 | I14: =部所排名!I14 -> 0.0069364162 | J14: =部所排名!J14 -> 2.226 | ... N14: =部所排名!N14 -> 0.86012365 | O14: =部所排名!S14 -> 0.14061096 | P14: =部所排名!Q14 -> 0.17250674 | Q14: =部所排名!O14 -> 0.19811321 | R14: =部所排名!T14 -> 0.1163522 | S14: =部所排名!R14 -> 0.11904762 | T14: =部所排名!U14 -> 0.11051213 | U14: =部所排名!P14 -> 0.14285714 | V14: =部所排名!V14 -> 0 | W14: =部所排名!W14 -> 0.441 | X14: =部所排名!X14 -> 0.318 | Y14: =部所排名!Y14 -> 0.384 | Z14: =部所排名!Z14 -> 0.265 | AA14: =部所排名!AA14 -> 0.313 | AB14: =部所排名!AB14 -> 0.259 | AC14: =部所排名!AC14 -> 0.246 | AD14: =部所排名!AD14 -> 0 | AE14: =IF($C14="哈尔滨OT所","",VLOOKUP($B14,基础表!$C:$AZ,COLUMN(基础表!AQ$1)-2,0)) -> 0.46156894 | AF14: =IF($C14="哈尔滨OT所","",VLOOKUP($B14,基础表!$C:$AZ,COLUMN(基础表!AR$1)-2,0)) -> 0.71875 | AG14: =IF($C14="哈尔滨OT所","",VLOOKUP($B14,基础表!$C:$AZ,COLUMN(基础表!AS$1)-2,0)) -> 1 | AH14: =部所排名!AE14 -> 2.814 | AI14: =部所排名!AF14 -> 2.401 | AJ14: =部所排名!AG14 -> -0.413 | AK14: =VLOOKUP(C14,Sheet1!E:F,2,0)/1000 -> 2.310714 | AL14: =AI14/AK14 -> 1.0390728 | AM14: =VLOOKUP(C14,Sheet3!A:D,4,0) -> 2.062 | AN14: =AI14/AM14 -> 1.1644035 | AP14: =SUM(O14:V14)=1 -> TRUE | AQ14: =SUM(W14:AD14)=J14 -> TRUE
B15: 7 | C15: =部所排名!C15 -> 牡丹江城区所 | D15: =部所排名!D15 -> 1.6 | E15: =部所排名!E15 -> 2.07 | F15: =部所排名!F15 -> 1.736 | G15: =部所排名!G15 -> -0.050445104 | H15: =部所排名!H15 -> -0.018957346 | I15: =部所排名!I15 -> -0.048245614 | J15: =部所排名!J15 -> 1.776 | ... N15: =部所排名!N15 -> 0.85963214 | O15: =部所排名!S15 -> 0.13626126 | P15: =部所排名!Q15 -> 0.16722973 | Q15: =部所排名!O15 -> 0.12105856 | R15: =部所排名!T15 -> 0.15371622 | S15: =部所排名!R15 -> 0.14301802 | T15: =部所排名!U15 -> 0.14977477 | U15: =部所排名!P15 -> 0.12894144 | V15: =部所排名!V15 -> 0 | W15: =部所排名!W15 -> 0.215 | X15: =部所排名!X15 -> 0.229 | Y15: =部所排名!Y15 -> 0.297 | Z15: =部所排名!Z15 -> 0.254 | AA15: =部所排名!AA15 -> 0.242 | AB15: =部所排名!AB15 -> 0.273 | AC15: =部所排名!AC15 -> 0.266 | AD15: =部所排名!AD15 -> 0 | AE15: =IF($C15="哈尔滨OT所","",VLOOKUP($B15,基础表!$C:$AZ,COLUMN(基础表!AQ$1)-2,0)) -> 0.77192142 | AF15: =IF($C15="哈尔滨OT所","",VLOOKUP($B15,基础表!$C:$AZ,COLUMN(基础表!AR$1)-2,0)) -> 0.90163934 | AG15: =IF($C15="哈尔滨OT所","",VLOOKUP($B15,基础表!$C:$AZ,COLUMN(基础表!AS$1)-2,0)) -> 1 | AH15: =部所排名!AE15 -> 1.488 | AI15: =部所排名!AF15 -> 1.4385 | AJ15: =部所排名!AG15 -> -0.0495 | AK15: =VLOOKUP(C15,Sheet1!E:F,2,0)/1000 -> 1.802881 | AL15: =AI15/AK15 -> 0.7978896 | AM15: =VLOOKUP(C15,Sheet3!A:D,4,0) -> 1.674 | AN15: =AI15/AM15 -> 0.859319 | AP15: =SUM(O15:V15)=1 -> TRUE | AQ15: =SUM(W15:AD15)=J15 -> TRUE
B16: 8 | C16: =部所排名!C16 -> 哈尔滨城区北所 | D16: =部所排名!D16 -> 0.753 | E16: =部所排名!E16 -> 1.597 | F16: =部所排名!F16 -> 1.272 | G16: =部所排名!G16 -> -0.34235808 | H16: =部所排名!H16 -> 0.005034613 | I16: =部所排名!I16 -> 0.17019319 | J16: =部所排名!J16 -> 1.537 | ... N16: =部所排名!N16 -> 0.81408898 | O16: =部所排名!S16 -> 0.13728042 | P16: =部所排名!Q16 -> 0.15289525 | Q16: =部所排名!O16 -> 0.12426805 | R16: =部所排名!T16 -> 0.1366298 | S16: =部所排名!R16 -> 0.13728042 | T16: =部所排名!U16 -> 0.20689655 | U16: =部所排名!P16 -> 0.10474951 | V16: =部所排名!V16 -> 0 | W16: =部所排名!W16 -> 0.191 | X16: =部所排名!X16 -> 0.161 | Y16: =部所排名!Y16 -> 0.235 | Z16: =部所排名!Z16 -> 0.211 | AA16: =部所排名!AA16 -> 0.211 | AB16: =部所排名!AB16 -> 0.21 | AC16: =部所排名!AC16 -> 0.318 | AD16: =部所排名!AD16 -> 0 | AE16: =IF($C16="哈尔滨OT所","",VLOOKUP($B16,基础表!$C:$AZ,COLUMN(基础表!AQ$1)-2,0)) -> 0.89433384 | AF16: =IF($C16="哈尔滨OT所","",VLOOKUP($B16,基础表!$C:$AZ,COLUMN(基础表!AR$1)-2,0)) -> 0.96240602 | AG16: =IF($C16="哈尔滨OT所","",VLOOKUP($B16,基础表!$C:$AZ,COLUMN(基础表!AS$1)-2,0)) -> 0.97744361 | AH16: =部所排名!AE16 -> 0.375 | AI16: =部所排名!AF16 -> 0.523 | AJ16: =部所排名!AG16 -> 0.148 | AK16: =VLOOKUP(C16,Sheet1!E:F,2,0)/1000 -> 0.872293 | AL16: =AI16/AK16 -> 0.59956918 | AM16: =VLOOKUP(C16,Sheet3!A:D,4,0) -> 1.538 | AN16: =AI16/AM16 -> 0.34005202 | AP16: =SUM(O16:V16)=1 -> TRUE | AQ16: =SUM(W16:AD16)=J16 -> TRUE
B17: 9 | C17: =部所排名!C17 -> 兴安外埠所 | D17: =部所排名!D17 -> 1.354 | E17: =部所排名!E17 -> 2.59 | F17: =部所排名!F17 -> 1.895 | G17: =部所排名!G17 -> -0.11154856 | H17: =部所排名!H17 -> 0.0011596444 | I17: =部所排名!I17 -> -0.17608696 | J17: =部所排名!J17 -> 2.539 | ... N17: =部所排名!N17 -> 0.80577594 | O17: =部所排名!S17 -> 0.16266247 | P17: =部所排名!Q17 -> 0.18511225 | Q17: =部所排名!O17 -> 0.17920441 | R17: =部所排名!T17 -> 0.14572666 | S17: =部所排名!R17 -> 0.13784955 | T17: =部所排名!U17 -> 0.049625837 | U17: =部所排名!P17 -> 0.13981883 | V17: =部所排名!V17 -> 0 | W17: =部所排名!W17 -> 0.455 | X17: =部所排名!X17 -> 0.355 | Y17: =部所排名!Y17 -> 0.47 | Z17: =部所排名!Z17 -> 0.35 | AA17: =部所排名!AA17 -> 0.413 | AB17: =部所排名!AB17 -> 0.37 | AC17: =部所排名!AC17 -> 0.126 | AD17: =部所排名!AD17 -> 0 | AE17: =IF($C17="哈尔滨OT所","",VLOOKUP($B17,基础表!$C:$AZ,COLUMN(基础表!AQ$1)-2,0)) -> 0.67928287 | AF17: =IF($C17="哈尔滨OT所","",VLOOKUP($B17,基础表!$C:$AZ,COLUMN(基础表!AR$1)-2,0)) -> 1 | AG17: =IF($C17="哈尔滨OT所","",VLOOKUP($B17,基础表!$C:$AZ,COLUMN(基础表!AS$1)-2,0)) -> 1 | AH17: =部所排名!AE17 -> 3.607 | AI17: =部所排名!AF17 -> 3.405 | AJ17: =部所排名!AG17 -> -0.202 | AK17: =VLOOKUP(C17,Sheet1!E:F,2,0)/1000 -> 2.578333 | AL17: =AI17/AK17 -> 1.3206207 | AM17: =VLOOKUP(C17,Sheet3!A:D,4,0) -> 2.501 | AN17: =AI17/AM17 -> 1.3614554 | AP17: =SUM(O17:V17)=1 -> TRUE | AQ17: =SUM(W17:AD17)=J17 -> TRUE
B18: 10 | C18: =部所排名!C18 -> 齐齐哈尔城区所 | D18: =部所排名!D18 -> 0.512 | E18: =部所排名!E18 -> 1.009 | F18: =部所排名!F18 -> 0.706 | G18: =部所排名!G18 -> -0.11111111 | H18: =部所排名!H18 -> 0.029591837 | I18: =部所排名!I18 -> 0.88770053 | J18: =部所排名!J18 -> 0.894 | ... N18: =部所排名!N18 -> 0.77002584 | O18: =部所排名!S18 -> 0.13422819 | P18: =部所排名!Q18 -> 0.18232662 | Q18: =部所排名!O18 -> 0.17897092 | R18: =部所排名!T18 -> 0.1655481 | S18: =部所排名!R18 -> 0.14765101 | T18: =部所排名!U18 -> 0.089485459 | U18: =部所排名!P18 -> 0.10178971 | V18: =部所排名!V18 -> 0 | W18: =部所排名!W18 -> 0.16 | X18: =部所排名!X18 -> 0.091 | Y18: =部所排名!Y18 -> 0.163 | Z18: =部所排名!Z18 -> 0.132 | AA18: =部所排名!AA18 -> 0.12 | AB18: =部所排名!AB18 -> 0.148 | AC18: =部所排名!AC18 -> 0.08 | AD18: =部所排名!AD18 -> 0 | AE18: =IF($C18="哈尔滨OT所","",VLOOKUP($B18,基础表!$C:$AZ,COLUMN(基础表!AQ$1)-2,0)) -> 0.59488692 | AF18: =IF($C18="哈尔滨OT所","",VLOOKUP($B18,基础表!$C:$AZ,COLUMN(基础表!AR$1)-2,0)) -> 0.93421053 | AG18: =IF($C18="哈尔滨OT所","",VLOOKUP($B18,基础表!$C:$AZ,COLUMN(基础表!AS$1)-2,0)) -> 1 | AH18: =部所排名!AE18 -> 0.632 | AI18: =部所排名!AF18 -> 0.91 | AJ18: =部所排名!AG18 -> 0.278 | AK18: =VLOOKUP(C18,Sheet1!E:F,2,0)/1000 -> 0.7256 | AL18: =AI18/AK18 -> 1.2541345 | AM18: =VLOOKUP(C18,Sheet3!A:D,4,0) -> 0.964 | AN18: =AI18/AM18 -> 0.9439834 | AP18: =SUM(O18:V18)=1 -> TRUE | AQ18: =SUM(W18:AD18)=J18 -> TRUE
B19: 11 | C19: =部所排名!C19 -> 呼盟外埠所 | D19: =部所排名!D19 -> 1.29 | E19: =部所排名!E19 -> 2.271 | F19: =部所排名!F19 -> 1.77 | G19: =部所排名!G19 -> -0.055636896 | H19: =部所排名!H19 -> 0.056770591 | I19: =部所排名!I19 -> -0.14285714 | J19: =部所排名!J19 -> 2.225 | ... N19: =部所排名!N19 -> 0.76094391 | O19: =部所排名!S19 -> 0.14382022 | P19: =部所排名!Q19 -> 0.17168539 | Q19: =部所排名!O19 -> 0.16449438 | R19: =部所排名!T19 -> 0.14831461 | S19: =部所排名!R19 -> 0.11146067 | T19: =部所排名!U19 -> 0.12134831 | U19: =部所排名!P19 -> 0.1388764 | V19: =部所排名!V19 -> 0 | W19: =部所排名!W19 -> 0.366 | X19: =部所排名!X19 -> 0.309 | Y19: =部所排名!Y19 -> 0.382 | Z19: =部所排名!Z19 -> 0.248 | AA19: =部所排名!AA19 -> 0.32 | AB19: =部所排名!AB19 -> 0.33 | AC19: =部所排名!AC19 -> 0.27 | AD19: =部所排名!AD19 -> 0 | AE19: =IF($C19="哈尔滨OT所","",VLOOKUP($B19,基础表!$C:$AZ,COLUMN(基础表!AQ$1)-2,0)) -> 0.58434691 | AF19: =IF($C19="哈尔滨OT所","",VLOOKUP($B19,基础表!$C:$AZ,COLUMN(基础表!AR$1)-2,0)) -> 0.68421053 | AG19: =IF($C19="哈尔滨OT所","",VLOOKUP($B19,基础表!$C:$AZ,COLUMN(基础表!AS$1)-2,0)) -> 1 | AH19: =部所排名!AE19 -> 2.329 | AI19: =部所排名!AF19 -> 2.819 | AJ19: =部所排名!AG19 -> 0.49 | AK19: =VLOOKUP(C19,Sheet1!E:F,2,0)/1000 -> 1.734409 | AL19: =AI19/AK19 -> 1.6253375 | AM19: =VLOOKUP(C19,Sheet3!A:D,4,0) -> 2.433 | AN19: =AI19/AM19 -> 1.1586519 | AP19: =SUM(O19:V19)=1 -> TRUE | AQ19: =SUM(W19:AD19)=J19 -> TRUE
B20: 12 | C20: =部所排名!C20 -> 哈尔滨综合中所 | D20: =部所排名!D20 -> 1.477 | E20: =部所排名!E20 -> 2.006 | F20: =部所排名!F20 -> 2.35 | G20: =部所排名!G20 -> 0.34272727 | H20: =部所排名!H20 -> 0.21575758 | I20: =部所排名!I20 -> 0.45420792 | J20: =部所排名!J20 -> 1.721 | ... N20: =部所排名!N20 -> 0.7508726 | O20: =部所排名!S20 -> 0.14235909 | P20: =部所排名!Q20 -> 0.14875073 | Q20: =部所排名!O20 -> 0.15165601 | R20: =部所排名!T20 -> 0.15514236 | S20: =部所排名!R20 -> 0.13422429 | T20: =部所排名!U20 -> 0.16037188 | U20: =部所排名!P20 -> 0.10749564 | V20: =部所排名!V20 -> 0 | W20: =部所排名!W20 -> 0.261 | X20: =部所排名!X20 -> 0.185 | Y20: =部所排名!Y20 -> 0.256 | Z20: =部所排名!Z20 -> 0.231 | AA20: =部所排名!AA20 -> 0.245 | AB20: =部所排名!AB20 -> 0.267 | AC20: =部所排名!AC20 -> 0.276 | AD20: =部所排名!AD20 -> 0 | AE20: =IF($C20="哈尔滨OT所","",VLOOKUP($B20,基础表!$C:$AZ,COLUMN(基础表!AQ$1)-2,0)) -> 0.96111111 | AF20: =IF($C20="哈尔滨OT所","",VLOOKUP($B20,基础表!$C:$AZ,COLUMN(基础表!AR$1)-2,0)) -> 1 | AG20: =IF($C20="哈尔滨OT所","",VLOOKUP($B20,基础表!$C:$AZ,COLUMN(基础表!AS$1)-2,0)) -> 1 | AH20: =部所排名!AE20 -> 0.004 | AI20: =部所排名!AF20 -> 0.272 | AJ20: =部所排名!AG20 -> 0.268 | AK20: =VLOOKUP(C20,Sheet1!E:F,2,0)/1000 -> 0.6066 | AL20: =AI20/AK20 -> 0.44840092 | AM20: =VLOOKUP(C20,Sheet3!A:D,4,0) -> 2.257 | AN20: =AI20/AM20 -> 0.12051396 | AP20: =SUM(O20:V20)=1 -> TRUE | AQ20: =SUM(W20:AD20)=J20 -> TRUE
B21: 13 | C21: =部所排名!C21 -> 海拉尔城区所 | D21: =部所排名!D21 -> 0.317 | E21: =部所排名!E21 -> 0.575 | F21: =部所排名!F21 -> 0.413 | G21: =部所排名!G21 -> -0.17447917 | H21: =部所排名!H21 -> 0.0017421603 | I21: =部所排名!I21 -> 1.128866 | J21: =部所排名!J21 -> 0.518 | ... N21: =部所排名!N21 -> 0.75072464 | O21: =部所排名!S21 -> 0.15250965 | P21: =部所排名!Q21 -> 0.18725869 | Q21: =部所排名!O21 -> 0.22393822 | R21: =部所排名!T21 -> 0.13513514 | S21: =部所排名!R21 -> 0.12548263 | T21: =部所排名!U21 -> 0.057915058 | U21: =部所排名!P21 -> 0.11776062 | V21: =部所排名!V21 -> 0 | W21: =部所排名!W21 -> 0.116 | X21: =部所排名!X21 -> 0.061 | Y21: =部所排名!Y21 -> 0.097 | Z21: =部所排名!Z21 -> 0.065 | AA21: =部所排名!AA21 -> 0.079 | AB21: =部所排名!AB21 -> 0.07 | AC21: =部所排名!AC21 -> 0.03 | AD21: =部所排名!AD21 -> 0 | AE21: =IF($C21="哈尔滨OT所","",VLOOKUP($B21,基础表!$C:$AZ,COLUMN(基础表!AQ$1)-2,0)) -> 0.51753325 | AF21: =IF($C21="哈尔滨OT所","",VLOOKUP($B21,基础表!$C:$AZ,COLUMN(基础表!AR$1)-2,0)) -> 1 | AG21: =IF($C21="哈尔滨OT所","",VLOOKUP($B21,基础表!$C:$AZ,COLUMN(基础表!AS$1)-2,0)) -> 1 | AH21: =部所排名!AE21 -> 0.786 | AI21: =部所排名!AF21 -> 0.57 | AJ21: =部所排名!AG21 -> -0.216 | AK21: =VLOOKUP(C21,Sheet1!E:F,2,0)/1000 -> 0.424798 | AL21: =AI21/AK21 -> 1.3418142 | AM21: =VLOOKUP(C21,Sheet3!A:D,4,0) -> 0.863 | AN21: =AI21/AM21 -> 0.66048667 | AP21: =SUM(O21:V21)=1 -> TRUE | AQ21: =SUM(W21:AD21)=J21 -> TRUE
B22: 14 | C22: =部所排名!C22 -> 双鸭山外埠所 | D22: =部所排名!D22 -> 1.287 | E22: =部所排名!E22 -> 2.63 | F22: =部所排名!F22 -> 1.901 | G22: =部所排名!G22 -> -0.070086705 | H22: =部所排名!H22 -> 0.093100582 | I22: =部所排名!I22 -> -0.04759519 | J22: =部所排名!J22 -> 1.774 | ... N22: =部所排名!N22 -> 0.73548922 | O22: =部所排名!S22 -> 0.10710259 | P22: =部所排名!Q22 -> 0.15614431 | Q22: =部所排名!O22 -> 0.20124014 | R22: =部所排名!T22 -> 0.1854566 | S22: =部所排名!R22 -> 0.090755355 | T22: =部所排名!U22 -> 0.15445321 | U22: =部所排名!P22 -> 0.1048478 | V22: =部所排名!V22 -> 0 | W22: =部所排名!W22 -> 0.357 | X22: =部所排名!X22 -> 0.186 | Y22: =部所排名!Y22 -> 0.277 | Z22: =部所排名!Z22 -> 0.161 | AA22: =部所排名!AA22 -> 0.19 | AB22: =部所排名!AB22 -> 0.329 | AC22: =部所排名!AC22 -> 0.274 | AD22: =部所排名!AD22 -> 0 | AE22: =IF($C22="哈尔滨OT所","",VLOOKUP($B22,基础表!$C:$AZ,COLUMN(基础表!AQ$1)-2,0)) -> 0.49706811 | AF22: =IF($C22="哈尔滨OT所","",VLOOKUP($B22,基础表!$C:$AZ,COLUMN(基础表!AR$1)-2,0)) -> 0.77777778 | AG22: =IF($C22="哈尔滨OT所","",VLOOKUP($B22,基础表!$C:$AZ,COLUMN(基础表!AS$1)-2,0)) -> 1 | AH22: =部所排名!AE22 -> 3.036 | AI22: =部所排名!AF22 -> 2.718 | AJ22: =部所排名!AG22 -> -0.318 | AK22: =VLOOKUP(C22,Sheet1!E:F,2,0)/1000 -> 2.096802 | AL22: =AI22/AK22 -> 1.2962597 | AM22: =VLOOKUP(C22,Sheet3!A:D,4,0) -> 1.939 | AN22: =AI22/AM22 -> 1.4017535 | AP22: =SUM(O22:V22)=1 -> TRUE | AQ22: =SUM(W22:AD22)=J22 -> TRUE
B23: 15 | C23: =部所排名!C23 -> 肇东外埠所 | D23: =部所排名!D23 -> 1.211 | E23: =部所排名!E23 -> 2.684 | F23: =部所排名!F23 -> 1.703 | G23: =部所排名!G23 -> -0.24501247 | H23: =部所排名!H23 -> -0.11652403 | I23: =部所排名!I23 -> -0.12756148 | J23: =部所排名!J23 -> 1.491 | ... N23: =部所排名!N23 -> 0.71613833 | O23: =部所排名!S23 -> 0.14419852 | P23: =部所排名!Q23 -> 0.19450034 | Q23: =部所排名!O23 -> 0.13816231 | R23: =部所排名!T23 -> 0.11401744 | S23: =部所排名!R23 -> 0.15425889 | T23: =部所排名!U23 -> 0.11066398 | U23: =部所排名!P23 -> 0.14419852 | V23: =部所排名!V23 -> 0 | W23: =部所排名!W23 -> 0.206 | X23: =部所排名!X23 -> 0.215 | Y23: =部所排名!Y23 -> 0.29 | Z23: =部所排名!Z23 -> 0.23 | AA23: =部所排名!AA23 -> 0.215 | AB23: =部所排名!AB23 -> 0.17 | AC23: =部所排名!AC23 -> 0.165 | AD23: =部所排名!AD23 -> 0 | AE23: =IF($C23="哈尔滨OT所","",VLOOKUP($B23,基础表!$C:$AZ,COLUMN(基础表!AQ$1)-2,0)) -> 0.86652835 | AF23: =IF($C23="哈尔滨OT所","",VLOOKUP($B23,基础表!$C:$AZ,COLUMN(基础表!AR$1)-2,0)) -> 0.96062992 | AG23: =IF($C23="哈尔滨OT所","",VLOOKUP($B23,基础表!$C:$AZ,COLUMN(基础表!AS$1)-2,0)) -> 0.98425197 | AH23: =部所排名!AE23 -> 2.439 | AI23: =部所排名!AF23 -> 2.371 | AJ23: =部所排名!AG23 -> -0.068 | AK23: =VLOOKUP(C23,Sheet1!E:F,2,0)/1000 -> 1.305403 | AL23: =AI23/AK23 -> 1.8162973 | AM23: =VLOOKUP(C23,Sheet3!A:D,4,0) -> 1.76 | AN23: =AI23/AM23 -> 1.3471591 | AP23: =SUM(O23:V23)=1 -> TRUE | AQ23: =SUM(W23:AD23)=J23 -> TRUE
B24: 16 | C24: =部所排名!C24 -> 龙江外埠所 | D24: =部所排名!D24 -> 1.247 | E24: =部所排名!E24 -> 2.482 | F24: =部所排名!F24 -> 1.846 | G24: =部所排名!G24 -> -0.094408134 | H24: =部所排名!H24 -> 0.0020185709 | I24: =部所排名!I24 -> -0.11335255 | J24: =部所排名!J24 -> 2.074 | ... N24: =部所排名!N24 -> 0.67469096 | O24: =部所排名!S24 -> 0.15911283 | P24: =部所排名!Q24 -> 0.15139826 | Q24: =部所排名!O24 -> 0.18081003 | R24: =部所排名!T24 -> 0.11089682 | S24: =部所排名!R24 -> 0.15621986 | T24: =部所排名!U24 -> 0.17888139 | U24: =部所排名!P24 -> 0.06268081 | V24: =部所排名!V24 -> 0 | W24: =部所排名!W24 -> 0.375 | X24: =部所排名!X24 -> 0.13 | Y24: =部所排名!Y24 -> 0.314 | Z24: =部所排名!Z24 -> 0.324 | AA24: =部所排名!AA24 -> 0.33 | AB24: =部所排名!AB24 -> 0.23 | AC24: =部所排名!AC24 -> 0.371 | AD24: =部所排名!AD24 -> 0 | AE24: =IF($C24="哈尔滨OT所","",VLOOKUP($B24,基础表!$C:$AZ,COLUMN(基础表!AQ$1)-2,0)) -> 0.73257212 | AF24: =IF($C24="哈尔滨OT所","",VLOOKUP($B24,基础表!$C:$AZ,COLUMN(基础表!AR$1)-2,0)) -> 0.875 | AG24: =IF($C24="哈尔滨OT所","",VLOOKUP($B24,基础表!$C:$AZ,COLUMN(基础表!AS$1)-2,0)) -> 1 | AH24: =部所排名!AE24 -> 2.529 | AI24: =部所排名!AF24 -> 2.451 | AJ24: =部所排名!AG24 -> -0.078 | AK24: =VLOOKUP(C24,Sheet1!E:F,2,0)/1000 -> 1.74777 | AL24: =AI24/AK24 -> 1.4023584 | AM24: =VLOOKUP(C24,Sheet3!A:D,4,0) -> 2.239 | AN24: =AI24/AM24 -> 1.0946851 | AP24: =SUM(O24:V24)=1 -> TRUE | AQ24: =SUM(W24:AD24)=J24 -> TRUE
... B34: 26 | C34: =部所排名!C34 -> 大庆城区西所 | D34: =部所排名!D34 -> 0.307 | E34: =部所排名!E34 -> 0.63 | F34: =部所排名!F34 -> 0.546 | G34: =部所排名!G34 -> -0.058282209 | H34: =部所排名!H34 -> 0.034482759 | I34: =部所排名!I34 -> 0.054054054 | J34: =部所排名!J34 -> 0.294 | ... N34: =部所排名!N34 -> 0.38888889 | O34: =部所排名!S34 -> 0.085034014 | P34: =部所排名!Q34 -> 0.19047619 | Q34: =部所排名!O34 -> 0.21428571 | R34: =部所排名!T34 -> 0.06122449 | S34: =部所排名!R34 -> 0.17006803 | T34: =部所排名!U34 -> 0.20748299 | U34: =部所排名!P34 -> 0.071428571 | V34: =部所排名!V34 -> 0 | W34: =部所排名!W34 -> 0.063 | X34: =部所排名!X34 -> 0.021 | Y34: =部所排名!Y34 -> 0.056 | Z34: =部所排名!Z34 -> 0.05 | AA34: =部所排名!AA34 -> 0.025 | AB34: =部所排名!AB34 -> 0.018 | AC34: =部所排名!AC34 -> 0.061 | AD34: =部所排名!AD34 -> 0 | AE34: =IF($C34="哈尔滨OT所","",VLOOKUP($B34,基础表!$C:$AZ,COLUMN(基础表!AQ$1)-2,0)) -> 0.79582712 | AF34: =IF($C34="哈尔滨OT所","",VLOOKUP($B34,基础表!$C:$AZ,COLUMN(基础表!AR$1)-2,0)) -> 0.91666667 | AG34: =IF($C34="哈尔滨OT所","",VLOOKUP($B34,基础表!$C:$AZ,COLUMN(基础表!AS$1)-2,0)) -> 1 | AH34: =部所排名!AE34 -> 0.421 | AI34: =部所排名!AF34 -> 0.391 | AJ34: =部所排名!AG34 -> -0.03 | AK34: =VLOOKUP(C34,Sheet1!E:F,2,0)/1000 -> 0.386832 | AL34: =AI34/AK34 -> 1.0107747 | AM34: =VLOOKUP(C34,Sheet3!A:D,4,0) -> 0.624 | AN34: =AI34/AM34 -> 0.62660256 | AP34: =SUM(O34:V34)=1 -> TRUE | AQ34: =SUM(W34:AD34)=J34 -> TRUE

Sheet Sheet4
B2: 排名 | C2: 组织 | D2: 出货 | G2: 成长 | J2: =部所排名!J2 -> 2505 | O2: 口味别占比 | W2: 口味别出货 | AE2: 整体 铺货率 | AF2: 校园铺货率 | AH2: 实盘库存 | AP2: 口味别检核
D3: =部所排名!D3 -> 2502 | E3: =部所排名!E3 -> 2503 | F3: =部所排名!F3 -> 2504 | G3: =部所排名!G3 -> 2502 | H3: =部所排名!H3 -> 2503 | I3: =部所排名!I3 -> 2504 | J3: =部所排名!J3 -> 出货 | K3: =部所排名!K3 -> 同期 | ... N3: =部所排名!N3 -> 达成 | O3: =部所排名!S3 -> 鸡汁味 | P3: =部所排名!Q3 -> 羊肉串 | Q3: =部所排名!O3 -> 小酥肉 | R3: =部所排名!T3 -> 鱿鱼 | S3: =部所排名!R3 -> 小龙虾 | T3: =部所排名!U3 -> 番茄 | U3: =部所排名!P3 -> 原味 | V3: =部所排名!V3 -> 火鸡 | W3: 椒盐小酥肉 | X3: 鸡汁原味 | Y3: 烤羊肉串 | Z3: 麻辣小龙虾 | AA3: 香葱鸡汁味 | AB3: 香烤鱿鱼 | AC3: 酸甜番茄味 | AD3: 芝士火鸡味 | AF3: 香爆脆 | AG3: 红牛 | AH3: =部所排名!AE3 -> 4月末 | AI3: =部所排名!AF3 -> 5月末 | AJ3: =部所排名!AG3 -> 变化 | AK3: 5月分流 | AL3: 库存/分流 | AM3: 6月目标 | AN3: 库存/目标 | AP3: 占比 | AQ3: 出货
B4: =部所排名!B4 -> 黑龙江 | D4: 24.121 | E4: 43.899 | F4: 32.799 | G4: -0.11767503 | H4: 0.016439371 | I4: -0.034897749 | J4: 35.894 | K4: 45.45 | L4: -0.21025303 | M4: 46.4 | N4: 0.77357759 | O4: 0.17220148 | P4: 0.15907951 | Q4: 0.15178024 | R4: 0.13927119 | S4: 0.11595253 | T4: 0.11531175 | U4: 0.10388923 | V4: 0.042514069 | W4: 5.448 | X4: 3.729 | Y4: 5.71 | Z4: 4.162 | AA4: 6.181 | AB4: 4.999 | AC4: 4.139 | AD4: 1.526 | AE4: 0.70226259 | AF4: 0.91942324 | AG4: 0.99406277 | AH4: 35.418 | AI4: 33.3985 | AJ4: -2.0195 | AK4: 27.564282 | AL4: 1.2116586 | AM4: 38 | AN4: 0.87890789 | AP4: =SUM(O4:V4)=1 -> TRUE | AQ4: =SUM(W4:AD4)=J4 -> TRUE
B5: 1 | C5: 黑龙电商所(DY) | D5: 0.103 | E5: 0.11 | F5: 0.15 | G5: 0.03 | H5: 0.1 | I5: 0.5 | J5: 0.1 | K5: 0.17 | L5: -0.41176471 | M5: 0.1 | N5: 1 | P5: 1 | V5: 0 | W5: 0 | X5: 0 | Y5: 0.1 | Z5: 0 | AA5: 0 | AB5: 0 | AC5: 0 | AD5: 0 | AM5: 0.16 | AP5: =SUM(O5:V5)=1 -> TRUE | AQ5: =SUM(W5:AD5)=J5 -> TRUE
B6: 2 | C6: 哈尔滨营业部 | D6: 7.418 | E6: 13.181 | F6: 9.871 | G6: -0.1263691 | H6: 0.089068826 | I6: 0.016371499 | J6: 12.553 | K6: 13.695 | L6: -0.083388098 | M6: 15.6 | N6: 0.80467949 | O6: 0.10626942 | P6: 0.068111208 | Q6: 0.1442683 | R6: 0.093364136 | S6: 0.23213574 | T6: 0.13311559 | U6: 0.10117103 | V6: 0.12156457 | W6: 1.334 | X6: 0.855 | Y6: 1.811 | Z6: 1.172 | AA6: 2.914 | AB6: 1.671 | AC6: 1.27 | AD6: 1.526 | AE6: 0.78062549 | AF6: 0.97324415 | AG6: 0.98662207 | AH6: 5.52 | AI6: 4.661 | AJ6: -0.859 | AK6: 4.747645 | AL6: 0.9817499 | AM6: 10.533 | AN6: =AI6/AM6 -> 0.442514 | AP6: =SUM(O6:V6)=1 -> TRUE | AQ6: =SUM(W6:AD6)=J6 -> TRUE
B7: 3 | C7: 黑中营业部 | D7: 5.102 | E7: 11.263 | F7: 8.274 | G7: -0.14753551 | H7: -0.020353136 | I7: -0.065823642 | J7: 7.467 | K7: 10.517 | L7: -0.29000666 | M7: 9.8 | N7: 0.76193878 | O7: 0.13847596 | P7: 0.17061738 | Q7: 0.15575198 | R7: 0.13472613 | S7: 0.13619928 | T7: 0.12963707 | U7: 0.13459221 | V7: 0 | W7: 1.163 | X7: 1.005 | Y7: 1.274 | Z7: 1.017 | AA7: 1.034 | AB7: 1.006 | AC7: 0.968 | AD7: 0 | AE7: 0.82804332 | AF7: 0.94315789 | AG7: 0.99578947 | AH7: 9.172 | AI7: 8.905 | AJ7: -0.267 | AK7: 8.287672 | AL7: 1.0744875 | AM7: 7.6 | AN7: 1.1717105 | AP7: =SUM(O7:V7)=1 -> TRUE | AQ7: =SUM(W7:AD7)=J7 -> TRUE
B8: 4 | C8: 黑东营业部 | D8: 6.778 | E8: 10.418 | F8: 7.794 | G8: -0.099508436 | H8: -0.026718984 | I8: -0.050207165 | J8: 7.514 | K8: 10.028 | L8: -0.25069805 | M8: 9.9 | N8: 0.7589899 | O8: 0.12895928 | P8: 0.14599414 | Q8: 0.19683258 | R8: 0.15597551 | S8: 0.11338834 | T8: 0.13627895 | U8: 0.1225712 | V8: 0 | W8: 1.479 | X8: 0.921 | Y8: 1.097 | Z8: 0.852 | AA8: 0.969 | AB8: 1.172 | AC8: 1.024 | AD8: 0 | AE8: 0.54981442 | AF8: 0.82022472 | AG8: 0.99625468 | AH8: 10.843 | AI8: 9.6775 | AJ8: -1.1655 | AK8: 7.318055 | AL8: 1.3224142 | AM8: 8 | AN8: 1.2096875 | AP8: =SUM(O8:V8)=1 -> TRUE | AQ8: =SUM(W8:AD8)=J8 -> TRUE
B9: 5 | C9: 黑西营业部 | D9: 4.72 | E9: 8.927 | F9: 6.71 | G9: -0.098376313 | H9: 0.016163916 | I9: -0.05625879 | J9: 8.26 | K9: 11.04 | L9: -0.25181159 | M9: 11 | N9: 0.75090909 | O9: 0.15302663 | P9: 0.17288136 | Q9: 0.17820823 | R9: 0.13922518 | S9: 0.13571429 | T9: 0.10617433 | U9: 0.11476998 | V9: 0 | W9: 1.472 | X9: 0.948 | Y9: 1.428 | Z9: 1.121 | AA9: 1.264 | AB9: 1.15 | AC9: 0.877 | AD9: 0 | AE9: 0.63737006 | AF9: 0.91304348 | AG9: 1 | AH9: 9.883 | AI9: 10.155 | AJ9: 0.272 | AK9: 7.21091 | AL9: 1.4082827 | AM9: 9 | AN9: 1.1283333 | AP9: =SUM(O9:V9)=1 -> TRUE | AQ9: =SUM(W9:AD9)=J9 -> TRUE
B10: 1 | C10: 哈尔滨OT所 | D10: 0.863 | E10: 2.17 | F10: 1.277 | G10: -0.49825581 | H10: 2.3333333 | I10: 0.1813136 | J10: 4.149 | K10: 1.208 | L10: 2.4346026 | M10: 1.573 | N10: 2.6376351 | O10: 0.43142926 | P10: 0.07857315 | R10: 0.12051097 | U10: 0.0055435045 | V10: 0.36394312 | W10: 0 | X10: 0.023 | Y10: 0.326 | Z10: 0 | AA10: 1.79 | AB10: 0.5 | AC10: 0 | AD10: 1.51 | AM10: 2.707 | AP10: =SUM(O10:V10)=1 -> TRUE | AQ10: =SUM(W10:AD10)=J10 -> TRUE
B11: 2 | C11: 海伦外埠所 | D11: 1.004 | E11: 2.591 | F11: 2.58 | G11: -0.14698386 | H11: -0.034649776 | I11: -0.13509889 | J11: 2.071 | K11: 2.34 | L11: -0.11495726 | M11: 1.868 | N11: 1.1086724 | O11: 0.14002897 | P11: 0.14292612 | Q11: 0.17141478 | R11: 0.15210043 | S11: 0.11830034 | T11: 0.14968614 | U11: 0.12554322 | V11: 0 | W11: 0.355 | X11: 0.26 | Y11: 0.296 | Z11: 0.245 | AA11: 0.29 | AB11: 0.315 | AC11: 0.31 | AD11: 0 | AE11: 0.86951631 | AF11: 0.93333333 | AG11: 1 | AH11: 2.424 | AI11: 2.35 | AJ11: -0.074 | AK11: 2.557068 | AL11: 0.91902132 | AM11: 1.284 | AN11: 1.8302181 | AP11: =SUM(O11:V11)=1 -> TRUE | AQ11: =SUM(W11:AD11)=J11 -> TRUE
B12: 3 | C12: 伊春外埠所 | D12: 0.869 | E12: 1.884 | F12: 1.262 | G12: -0.14215202 | H12: 0.016729628 | I12: 0.12078153 | J12: 1.55 | K12: 2.055 | L12: -0.24574209 | M12: 1.512 | N12: 1.0251323 | O12: 0.13548387 | P12: 0.1516129 | Q12: 0.1483871 | R12: 0.13548387 | S12: 0.14516129 | T12: 0.13225806 | U12: 0.1516129 | V12: 0 | W12: 0.23 | X12: 0.235 | Y12: 0.235 | Z12: 0.225 | AA12: 0.21 | AB12: 0.21 | AC12: 0.205 | AD12: 0 | AE12: 0.77693089 | AF12: 0.93023256 | AG12: 1 | AH12: 1.677 | AI12: 1.648 | AJ12: -0.029 | AK12: 1.506778 | AL12: 1.0937245 | AM12: 0.994 | AN12: 1.6579477 | AP12: =SUM(O12:V12)=1 -> TRUE | AQ12: =SUM(W12:AD12)=J12 -> TRUE
B13: 4 | C13: 双鸭山城区所 | D13: 0.391 | E13: 0.525 | F13: 0.379 | G13: -0.34285714 | H13: -0.30278884 | I13: -0.047738693 | J13: 0.444 | K13: 0.511 | L13: -0.13111546 | M13: 0.516 | N13: 0.86046512 | O13: 0.13513514 | P13: 0.078828829 | Q13: 0.25 | R13: 0.1509009 | S13: 0.16891892 | T13: 0.06981982 | U13: 0.1463964 | V13: 0 | W13: 0.111 | X13: 0.065 | Y13: 0.035 | Z13: 0.075 | AA13: 0.06 | AB13: 0.067 | AC13: 0.031 | AD13: 0 | AE13: 0.53377265 | AF13: 0.90625 | AG13: 1 | AH13: 0.468 | AI13: 0.418 | AJ13: -0.05 | AK13: 0.371264 | AL13: 1.1258835 | AM13: 0.422 | AN13: 0.99052133 | AP13: =SUM(O13:V13)=1 -> TRUE | AQ13: =SUM(W13:AD13)=J13 -> TRUE
B14: 5 | C14: 七台河外埠所 | D14: 1.9 | E14: 2.687 | F14: 1.742 | G14: -0.038947901 | H14: 0.027140673 | I14: 0.0069364162 | J14: 2.226 | K14: 2.739 | L14: -0.18729463 | M14: 2.588 | N14: 0.86012365 | O14: 0.14061096 | P14: 0.17250674 | Q14: 0.19811321 | R14: 0.1163522 | S14: 0.11904762 | T14: 0.11051213 | U14: 0.14285714 | V14: 0 | W14: 0.441 | X14: 0.318 | Y14: 0.384 | Z14: 0.265 | AA14: 0.313 | AB14: 0.259 | AC14: 0.246 | AD14: 0 | AE14: 0.46156894 | AF14: 0.71875 | AG14: 1 | AH14: 2.814 | AI14: 2.401 | AJ14: -0.413 | AK14: 2.310714 | AL14: 1.0390728 | AM14: 2.062 | AN14: 1.1644035 | AP14: =SUM(O14:V14)=1 -> TRUE | AQ14: =SUM(W14:AD14)=J14 -> TRUE
B15: 6 | C15: 牡丹江城区所 | D15: 1.6 | E15: 2.07 | F15: 1.736 | G15: -0.050445104 | H15: -0.018957346 | I15: -0.048245614 | J15: 1.776 | K15: 2.292 | L15: -0.22513089 | M15: 2.066 | N15: 0.85963214 | O15: 0.13626126 | P15: 0.16722973 | Q15: 0.12105856 | R15: 0.15371622 | S15: 0.14301802 | T15: 0.14977477 | U15: 0.12894144 | V15: 0 | W15: 0.215 | X15: 0.229 | Y15: 0.297 | Z15: 0.254 | AA15: 0.242 | AB15: 0.273 | AC15: 0.266 | AD15: 0 | AE15: 0.77192142 | AF15: 0.90163934 | AG15: 1 | AH15: 1.488 | AI15: 1.4385 | AJ15: -0.0495 | AK15: 1.802881 | AL15: 0.7978896 | AM15: 1.674 | AN15: 0.859319 | AP15: =SUM(O15:V15)=1 -> TRUE | AQ15: =SUM(W15:AD15)=J15 -> TRUE
B16: 7 | C16: 哈尔滨城区北所 | D16: 0.753 | E16: 1.597 | F16: 1.272 | G16: -0.34235808 | H16: 0.005034613 | I16: 0.17019319 | J16: 1.537 | K16: 1.597 | L16: -0.037570445 | M16: 1.888 | N16: 0.81408898 | O16: 0.13728042 | P16: 0.15289525 | Q16: 0.12426805 | R16: 0.1366298 | S16: 0.13728042 | T16: 0.20689655 | U16: 0.10474951 | V16: 0 | W16: 0.191 | X16: 0.161 | Y16: 0.235 | Z16: 0.211 | AA16: 0.211 | AB16: 0.21 | AC16: 0.318 | AD16: 0 | AE16: 0.89433384 | AF16: 0.96240602 | AG16: 0.97744361 | AH16: 0.375 | AI16: 0.523 | AJ16: 0.148 | AK16: 0.872293 | AL16: 0.59956918 | AM16: 1.538 | AN16: 0.34005202 | AP16: =SUM(O16:V16)=1 -> TRUE | AQ16: =SUM(W16:AD16)=J16 -> TRUE
B17: 8 | C17: 兴安外埠所 | D17: 1.354 | E17: 2.59 | F17: 1.895 | G17: -0.11154856 | H17: 0.0011596444 | I17: -0.17608696 | J17: 2.539 | K17: 3.12 | L17: -0.18621795 | M17: 3.151 | N17: 0.80577594 | O17: 0.16266247 | P17: 0.18511225 | Q17: 0.17920441 | R17: 0.14572666 | S17: 0.13784955 | T17: 0.049625837 | U17: 0.13981883 | V17: 0 | W17: 0.455 | X17: 0.355 | Y17: 0.47 | Z17: 0.35 | AA17: 0.413 | AB17: 0.37 | AC17: 0.126 | AD17: 0 | AE17: 0.67928287 | AF17: 1 | AG17: 1 | AH17: 3.607 | AI17: 3.405 | AJ17: -0.202 | AK17: 2.578333 | AL17: 1.3206207 | AM17: 2.501 | AN17: 1.3614554 | AP17: =SUM(O17:V17)=1 -> TRUE | AQ17: =SUM(W17:AD17)=J17 -> TRUE
B18: 9 | C18: 齐齐哈尔城区所 | D18: 0.512 | E18: 1.009 | F18: 0.706 | G18: -0.11111111 | H18: 0.029591837 | I18: 0.88770053 | J18: 0.894 | K18: 1.391 | L18: -0.35729691 | M18: 1.161 | N18: 0.77002584 | O18: 0.13422819 | P18: 0.18232662 | Q18: 0.17897092 | R18: 0.1655481 | S18: 0.14765101 | T18: 0.089485459 | U18: 0.10178971 | V18: 0 | W18: 0.16 | X18: 0.091 | Y18: 0.163 | Z18: 0.132 | AA18: 0.12 | AB18: 0.148 | AC18: 0.08 | AD18: 0 | AE18: 0.59488692 | AF18: 0.93421053 | AG18: 1 | AH18: 0.632 | AI18: 0.91 | AJ18: 0.278 | AK18: 0.7256 | AL18: 1.2541345 | AM18: 0.964 | AN18: 0.9439834 | AP18: =SUM(O18:V18)=1 -> TRUE | AQ18: =SUM(W18:AD18)=J18 -> TRUE
B19: 10 | C19: 呼盟外埠所 | D19: 1.29 | E19: 2.271 | F19: 1.77 | G19: -0.055636896 | H19: 0.056770591 | I19: -0.14285714 | J19: 2.225 | K19: 2.902 | L19: -0.23328739 | M19: 2.924 | N19: 0.76094391 | O19: 0.14382022 | P19: 0.17168539 | Q19: 0.16449438 | R19: 0.14831461 | S19: 0.11146067 | T19: 0.12134831 | U19: 0.1388764 | V19: 0 | W19: 0.366 | X19: 0.309 | Y19: 0.382 | Z19: 0.248 | AA19: 0.32 | AB19: 0.33 | AC19: 0.27 | AD19: 0 | AE19: 0.58434691 | AF19: 0.68421053 | AG19: 1 | AH19: 2.329 | AI19: 2.819 | AJ19: 0.49 | AK19: 1.734409 | AL19: 1.6253375 | AM19: 2.433 | AN19: 1.1586519 | AP19: =SUM(O19:V19)=1 -> TRUE | AQ19: =SUM(W19:AD19)=J19 -> TRUE
B20: 11 | C20: 哈尔滨综合中所 | D20: 1.477 | E20: 2.006 | F20: 2.35 | G20: 0.34272727 | H20: 0.21575758 | I20: 0.45420792 | J20: 1.721 | K20: 1.564 | L20: 0.10038363 | M20: 2.292 | N20: 0.7508726 | O20: 0.14235909 | P20: 0.14875073 | Q20: 0.15165601 | R20: 0.15514236 | S20: 0.13422429 | T20: 0.16037188 | U20: 0.10749564 | V20: 0 | W20: 0.261 | X20: 0.185 | Y20: 0.256 | Z20: 0.231 | AA20: 0.245 | AB20: 0.267 | AC20: 0.276 | AD20: 0 | AE20: 0.96111111 | AF20: 1 | AG20: 1 | AH20: 0.004 | AI20: 0.272 | AJ20: 0.268 | AK20: 0.6066 | AL20: 0.44840092 | AM20: 2.257 | AN20: 0.12051396 | AP20: =SUM(O20:V20)=1 -> TRUE | AQ20: =SUM(W20:AD20)=J20 -> TRUE
B21: 12 | C21: 海拉尔城区所 | D21: 0.317 | E21: 0.575 | F21: 0.413 | G21: -0.17447917 | H21: 0.0017421603 | I21: 1.128866 | J21: 0.518 | K21: 0.899 | L21: -0.42380423 | M21: 0.69 | N21: 0.75072464 | O21: 0.15250965 | P21: 0.18725869 | Q21: 0.22393822 | R21: 0.13513514 | S21: 0.12548263 | T21: 0.057915058 | U21: 0.11776062 | V21: 0 | W21: 0.116 | X21: 0.061 | Y21: 0.097 | Z21: 0.065 | AA21: 0.079 | AB21: 0.07 | AC21: 0.03 | AD21: 0 | AE21: 0.51753325 | AF21: 1 | AG21: 1 | AH21: 0.786 | AI21: 0.57 | AJ21: -0.216 | AK21: 0.424798 | AL21: 1.3418142 | AM21: 0.863 | AN21: 0.66048667 | AP21: =SUM(O21:V21)=1 -> TRUE | AQ21: =SUM(W21:AD21)=J21 -> TRUE
B22: 13 | C22: 双鸭山外埠所 | D22: 1.287 | E22: 2.63 | F22: 1.901 | G22: -0.070086705 | H22: 0.093100582 | I22: -0.04759519 | J22: 1.774 | K22: 2.187 | L22: -0.18884316 | M22: 2.412 | N22: 0.73548922 | O22: 0.10710259 | P22: 0.15614431 | Q22: 0.20124014 | R22: 0.1854566 | S22: 0.090755355 | T22: 0.15445321 | U22: 0.1048478 | V22: 0 | W22: 0.357 | X22: 0.186 | Y22: 0.277 | Z22: 0.161 | AA22: 0.19 | AB22: 0.329 | AC22: 0.274 | AD22: 0 | AE22: 0.49706811 | AF22: 0.77777778 | AG22: 1 | AH22: 3.036 | AI22: 2.718 | AJ22: -0.318 | AK22: 2.096802 | AL22: 1.2962597 | AM22: 1.939 | AN22: 1.4017535 | AP22: =SUM(O22:V22)=1 -> TRUE | AQ22: =SUM(W22:AD22)=J22 -> TRUE
... B34: 25 | C34: 大庆城区西所 | D34: 0.307 | E34: 0.63 | F34: 0.546 | G34: -0.058282209 | H34: 0.034482759 | I34: 0.054054054 | J34: 0.294 | K34: 0.509 | L34: -0.42239686 | M34: 0.756 | N34: 0.38888889 | O34: 0.085034014 | P34: 0.19047619 | Q34: 0.21428571 | R34: 0.06122449 | S34: 0.17006803 | T34: 0.20748299 | U34: 0.071428571 | V34: 0 | W34: 0.063 | X34: 0.021 | Y34: 0.056 | Z34: 0.05 | AA34: 0.025 | AB34: 0.018 | AC34: 0.061 | AD34: 0 | AE34: 0.79582712 | AF34: 0.91666667 | AG34: 1 | AH34: 0.421 | AI34: 0.391 | AJ34: -0.03 | AK34: 0.386832 | AL34: 1.0107747 | AM34: 0.624 | AN34: 0.62660256 | AP34: =SUM(O34:V34)=1 -> TRUE | AQ34: =SUM(W34:AD34)=J34 -> TRUE

Sheet 部所排名
B1: 黑龙电商组(DY) | C1: 哈尔滨OT所 | O1: =RANK(O4,$O$4:$V$4) -> 3 | P1: =RANK(P4,$O$4:$V$4) -> 7 | Q1: =RANK(Q4,$O$4:$V$4) -> 2 | R1: =RANK(R4,$O$4:$V$4) -> 5 | S1: =RANK(S4,$O$4:$V$4) -> 1 | T1: =RANK(T4,$O$4:$V$4) -> 4 | U1: =RANK(U4,$O$4:$V$4) -> 6 | V1: =RANK(V4,$O$4:$V$4) -> 8
B2: 排名 | C2: 组织 | D2: 出货 | G2: 成长 | J2: 2505 | O2: 口味别占比 | W2: 口味别出货 | AE2: 实盘库存 | AH2: 整体 铺货率 | AI2: 校园铺货率 | AL2: 口味别检核
D3: 2502 | E3: 2503 | F3: 2504 | G3: =D3 -> 2502 | H3: =E3 -> 2503 | I3: =F3 -> 2504 | J3: 出货 | K3: 同期 | L3: 成长 | M3: 目标 | N3: 达成 | O3: 小酥肉 | P3: 原味 | Q3: 羊肉串 | R3: 小龙虾 | S3: 鸡汁味 | T3: 鱿鱼 | U3: 番茄 | V3: 火鸡 | W3: 椒盐小酥肉 | X3: 鸡汁原味 | Y3: 烤羊肉串 | Z3: 麻辣小龙虾 | AA3: 香葱鸡汁味 | AB3: 香烤鱿鱼 | AC3: 酸甜番茄味 | AD3: 芝士火鸡味 | AE3: 4月末 | AF3: 5月末 | AG3: 变化 | AI3: 香爆脆 | AJ3: 红牛 | AL3: 占比 | AM3: 出货
B4: 黑龙江 | D4: =基础表!G4 -> 24.121 | E4: =基础表!H4 -> 43.899 | F4: =基础表!I4 -> 32.799 | G4: =基础表!J4 -> -0.11767503 | H4: =基础表!K4 -> 0.016439371 | I4: =基础表!L4 -> -0.034897749 | J4: =基础表!M4 -> 35.894 | K4: =基础表!N4 -> 45.45 | ... AG4: =基础表!AJ4 -> -2.0195 | AH4: =基础表!AQ4 -> 0.70226259 | AI4: =基础表!AR4 -> 0.91942324 | AJ4: =基础表!AS4 -> 0.99406277 | AL4: =1=SUM(O4:V4) -> TRUE | AM4: =SUM(W4:AD4)=J4 -> TRUE
B5: 1 | C5: =VLOOKUP($B5,基础表!$A:$AP,COLUMN(基础表!E$1),0) -> 哈尔滨营业部 | D5: =VLOOKUP($B5,基础表!$A:$AP,COLUMN(基础表!G$1),0) -> 7.418 | E5: =VLOOKUP($B5,基础表!$A:$AP,COLUMN(基础表!H$1),0) -> 13.181 | F5: =VLOOKUP($B5,基础表!$A:$AP,COLUMN(基础表!I$1),0) -> 9.871 | G5: =VLOOKUP($B5,基础表!$A:$AP,COLUMN(基础表!J$1),0) -> -0.1263691 | H5: =VLOOKUP($B5,基础表!$A:$AP,COLUMN(基础表!K$1),0) -> 0.089068826 | I5: =VLOOKUP($B5,基础表!$A:$AP,COLUMN(基础表!L$1),0) -> 0.016371499 | J5: =VLOOKUP($B5,基础表!$A:$AP,COLUMN(基础表!M$1),0) -> 12.553 | K5: =VLOOKUP($B5,基础表!$A:$AP,COLUMN(基础表!N$1),0) -> 13.695 | ... AG5: =VLOOKUP($B5,基础表!$A:$AP,COLUMN(基础表!AJ$1),0) -> -0.859 | AH5: =IF($C5="黑龙电商组(DY)","",VLOOKUP($B5,基础表!$A:$AZ,COLUMN(基础表!AQ$1),0)) -> 0.78062549 | AI5: =IF($C5="黑龙电商组(DY)","",VLOOKUP($B5,基础表!$A:$AZ,COLUMN(基础表!AR$1),0)) -> 0.97324415 | AJ5: =IF($C5="黑龙电商组(DY)","",VLOOKUP($B5,基础表!$A:$AZ,COLUMN(基础表!AS$1),0)) -> 0.98662207 | AL5: =1=SUM(O5:V5) -> TRUE | AM5: =SUM(W5:AD5)=J5 -> TRUE
B6: 2 | C6: =VLOOKUP($B6,基础表!$A:$AP,COLUMN(基础表!E$1),0) -> 黑中营业部 | D6: =VLOOKUP($B6,基础表!$A:$AP,COLUMN(基础表!G$1),0) -> 5.102 | E6: =VLOOKUP($B6,基础表!$A:$AP,COLUMN(基础表!H$1),0) -> 11.263 | F6: =VLOOKUP($B6,基础表!$A:$AP,COLUMN(基础表!I$1),0) -> 8.274 | G6: =VLOOKUP($B6,基础表!$A:$AP,COLUMN(基础表!J$1),0) -> -0.14753551 | H6: =VLOOKUP($B6,基础表!$A:$AP,COLUMN(基础表!K$1),0) -> -0.020353136 | I6: =VLOOKUP($B6,基础表!$A:$AP,COLUMN(基础表!L$1),0) -> -0.065823642 | J6: =VLOOKUP($B6,基础表!$A:$AP,COLUMN(基础表!M$1),0) -> 7.467 | K6: =VLOOKUP($B6,基础表!$A:$AP,COLUMN(基础表!N$1),0) -> 10.517 | ... AG6: =VLOOKUP($B6,基础表!$A:$AP,COLUMN(基础表!AJ$1),0) -> -0.267 | AH6: =IF($C6="黑龙电商组(DY)","",VLOOKUP($B6,基础表!$A:$AZ,COLUMN(基础表!AQ$1),0)) -> 0.82804332 | AI6: =IF($C6="黑龙电商组(DY)","",VLOOKUP($B6,基础表!$A:$AZ,COLUMN(基础表!AR$1),0)) -> 0.94315789 | AJ6: =IF($C6="黑龙电商组(DY)","",VLOOKUP($B6,基础表!$A:$AZ,COLUMN(基础表!AS$1),0)) -> 0.99578947 | AL6: =1=SUM(O6:V6) -> TRUE | AM6: =SUM(W6:AD6)=J6 -> TRUE
B7: 3 | C7: =VLOOKUP($B7,基础表!$A:$AP,COLUMN(基础表!E$1),0) -> 黑东营业部 | D7: =VLOOKUP($B7,基础表!$A:$AP,COLUMN(基础表!G$1),0) -> 6.778 | E7: =VLOOKUP($B7,基础表!$A:$AP,COLUMN(基础表!H$1),0) -> 10.418 | F7: =VLOOKUP($B7,基础表!$A:$AP,COLUMN(基础表!I$1),0) -> 7.794 | G7: =VLOOKUP($B7,基础表!$A:$AP,COLUMN(基础表!J$1),0) -> -0.099508436 | H7: =VLOOKUP($B7,基础表!$A:$AP,COLUMN(基础表!K$1),0) -> -0.026718984 | I7: =VLOOKUP($B7,基础表!$A:$AP,COLUMN(基础表!L$1),0) -> -0.050207165 | J7: =VLOOKUP($B7,基础表!$A:$AP,COLUMN(基础表!M$1),0) -> 7.514 | K7: =VLOOKUP($B7,基础表!$A:$AP,COLUMN(基础表!N$1),0) -> 10.028 | ... AG7: =VLOOKUP($B7,基础表!$A:$AP,COLUMN(基础表!AJ$1),0) -> -1.1655 | AH7: =IF($C7="黑龙电商组(DY)","",VLOOKUP($B7,基础表!$A:$AZ,COLUMN(基础表!AQ$1),0)) -> 0.54981442 | AI7: =IF($C7="黑龙电商组(DY)","",VLOOKUP($B7,基础表!$A:$AZ,COLUMN(基础表!AR$1),0)) -> 0.82022472 | AJ7: =IF($C7="黑龙电商组(DY)","",VLOOKUP($B7,基础表!$A:$AZ,COLUMN(基础表!AS$1),0)) -> 0.99625468 | AL7: =1=SUM(O7:V7) -> TRUE | AM7: =SUM(W7:AD7)=J7 -> TRUE
B8: 4 | C8: =VLOOKUP($B8,基础表!$A:$AP,COLUMN(基础表!E$1),0) -> 黑西营业部 | D8: =VLOOKUP($B8,基础表!$A:$AP,COLUMN(基础表!G$1),0) -> 4.72 | E8: =VLOOKUP($B8,基础表!$A:$AP,COLUMN(基础表!H$1),0) -> 8.927 | F8: =VLOOKUP($B8,基础表!$A:$AP,COLUMN(基础表!I$1),0) -> 6.71 | G8: =VLOOKUP($B8,基础表!$A:$AP,COLUMN(基础表!J$1),0) -> -0.098376313 | H8: =VLOOKUP($B8,基础表!$A:$AP,COLUMN(基础表!K$1),0) -> 0.016163916 | I8: =VLOOKUP($B8,基础表!$A:$AP,COLUMN(基础表!L$1),0) -> -0.05625879 | J8: =VLOOKUP($B8,基础表!$A:$AP,COLUMN(基础表!M$1),0) -> 8.26 | K8: =VLOOKUP($B8,基础表!$A:$AP,COLUMN(基础表!N$1),0) -> 11.04 | ... AG8: =VLOOKUP($B8,基础表!$A:$AP,COLUMN(基础表!AJ$1),0) -> 0.272 | AH8: =IF($C8="黑龙电商组(DY)","",VLOOKUP($B8,基础表!$A:$AZ,COLUMN(基础表!AQ$1),0)) -> 0.63737006 | AI8: =IF($C8="黑龙电商组(DY)","",VLOOKUP($B8,基础表!$A:$AZ,COLUMN(基础表!AR$1),0)) -> 0.91304348 | AJ8: =IF($C8="黑龙电商组(DY)","",VLOOKUP($B8,基础表!$A:$AZ,COLUMN(基础表!AS$1),0)) -> 1 | AL8: =1=SUM(O8:V8) -> TRUE | AM8: =SUM(W8:AD8)=J8 -> TRUE
B9: 1 | C9: =VLOOKUP($B9,基础表!$C:$AP,COLUMN(基础表!F$1)-2,0) -> 哈尔滨OT所 | D9: =VLOOKUP($B9,基础表!$C:$AP,COLUMN(基础表!G$1)-2,0) -> 0.863 | E9: =VLOOKUP($B9,基础表!$C:$AP,COLUMN(基础表!H$1)-2,0) -> 2.17 | F9: =VLOOKUP($B9,基础表!$C:$AP,COLUMN(基础表!I$1)-2,0) -> 1.277 | G9: =VLOOKUP($B9,基础表!$C:$AP,COLUMN(基础表!J$1)-2,0) -> -0.49825581 | H9: =VLOOKUP($B9,基础表!$C:$AP,COLUMN(基础表!K$1)-2,0) -> 2.3333333 | I9: =VLOOKUP($B9,基础表!$C:$AP,COLUMN(基础表!L$1)-2,0) -> 0.1813136 | J9: =VLOOKUP($B9,基础表!$C:$AP,COLUMN(基础表!M$1)-2,0) -> 4.149 | ... AG9: =VLOOKUP($B9,基础表!$C:$AP,COLUMN(基础表!AJ$1)-2,0) -> 0 | AH9: =IF($C9="哈尔滨OT所","",VLOOKUP($B9,基础表!$C:$AZ,COLUMN(基础表!AQ$1)-2,0)) | AI9: =IF($C9="哈尔滨OT所","",VLOOKUP($B9,基础表!$C:$AZ,COLUMN(基础表!AR$1)-2,0)) | AJ9: =IF($C9="哈尔滨OT所","",VLOOKUP($B9,基础表!$C:$AZ,COLUMN(基础表!AS$1)-2,0)) | AL9: =1=SUM(O9:V9) -> TRUE | AM9: =SUM(W9:AD9)=J9 -> TRUE
B10: 2 | C10: =VLOOKUP($B10,基础表!$C:$AP,COLUMN(基础表!F$1)-2,0) -> 海伦外埠所 | D10: =VLOOKUP($B10,基础表!$C:$AP,COLUMN(基础表!G$1)-2,0) -> 1.004 | E10: =VLOOKUP($B10,基础表!$C:$AP,COLUMN(基础表!H$1)-2,0) -> 2.591 | F10: =VLOOKUP($B10,基础表!$C:$AP,COLUMN(基础表!I$1)-2,0) -> 2.58 | G10: =VLOOKUP($B10,基础表!$C:$AP,COLUMN(基础表!J$1)-2,0) -> -0.14698386 | H10: =VLOOKUP($B10,基础表!$C:$AP,COLUMN(基础表!K$1)-2,0) -> -0.034649776 | I10: =VLOOKUP($B10,基础表!$C:$AP,COLUMN(基础表!L$1)-2,0) -> -0.13509889 | J10: =VLOOKUP($B10,基础表!$C:$AP,COLUMN(基础表!M$1)-2,0) -> 2.071 | ... AG10: =VLOOKUP($B10,基础表!$C:$AP,COLUMN(基础表!AJ$1)-2,0) -> -0.074 | AH10: =IF($C10="哈尔滨OT所","",VLOOKUP($B10,基础表!$C:$AZ,COLUMN(基础表!AQ$1)-2,0)) -> 0.86951631 | AI10: =IF($C10="哈尔滨OT所","",VLOOKUP($B10,基础表!$C:$AZ,COLUMN(基础表!AR$1)-2,0)) -> 0.93333333 | AJ10: =IF($C10="哈尔滨OT所","",VLOOKUP($B10,基础表!$C:$AZ,COLUMN(基础表!AS$1)-2,0)) -> 1 | AL10: =1=SUM(O10:V10) -> TRUE | AM10: =SUM(W10:AD10)=J10 -> TRUE
B11: 3 | C11: =VLOOKUP($B11,基础表!$C:$AP,COLUMN(基础表!F$1)-2,0) -> 伊春外埠所 | D11: =VLOOKUP($B11,基础表!$C:$AP,COLUMN(基础表!G$1)-2,0) -> 0.869 | E11: =VLOOKUP($B11,基础表!$C:$AP,COLUMN(基础表!H$1)-2,0) -> 1.884 | F11: =VLOOKUP($B11,基础表!$C:$AP,COLUMN(基础表!I$1)-2,0) -> 1.262 | G11: =VLOOKUP($B11,基础表!$C:$AP,COLUMN(基础表!J$1)-2,0) -> -0.14215202 | H11: =VLOOKUP($B11,基础表!$C:$AP,COLUMN(基础表!K$1)-2,0) -> 0.016729628 | I11: =VLOOKUP($B11,基础表!$C:$AP,COLUMN(基础表!L$1)-2,0) -> 0.12078153 | J11: =VLOOKUP($B11,基础表!$C:$AP,COLUMN(基础表!M$1)-2,0) -> 1.55 | ... AG11: =VLOOKUP($B11,基础表!$C:$AP,COLUMN(基础表!AJ$1)-2,0) -> -0.029 | AH11: =IF($C11="哈尔滨OT所","",VLOOKUP($B11,基础表!$C:$AZ,COLUMN(基础表!AQ$1)-2,0)) -> 0.77693089 | AI11: =IF($C11="哈尔滨OT所","",VLOOKUP($B11,基础表!$C:$AZ,COLUMN(基础表!AR$1)-2,0)) -> 0.93023256 | AJ11: =IF($C11="哈尔滨OT所","",VLOOKUP($B11,基础表!$C:$AZ,COLUMN(基础表!AS$1)-2,0)) -> 1 | AL11: =1=SUM(O11:V11) -> TRUE | AM11: =SUM(W11:AD11)=J11 -> TRUE
B12: 4 | C12: =VLOOKUP($B12,基础表!$C:$AP,COLUMN(基础表!F$1)-2,0) -> 黑龙电商所(DY) | D12: =VLOOKUP($B12,基础表!$C:$AP,COLUMN(基础表!G$1)-2,0) -> 0.103 | E12: =VLOOKUP($B12,基础表!$C:$AP,COLUMN(基础表!H$1)-2,0) -> 0.11 | F12: =VLOOKUP($B12,基础表!$C:$AP,COLUMN(基础表!I$1)-2,0) -> 0.15 | G12: =VLOOKUP($B12,基础表!$C:$AP,COLUMN(基础表!J$1)-2,0) -> 0.03 | H12: =VLOOKUP($B12,基础表!$C:$AP,COLUMN(基础表!K$1)-2,0) -> 0.1 | I12: =VLOOKUP($B12,基础表!$C:$AP,COLUMN(基础表!L$1)-2,0) -> 0.5 | J12: =VLOOKUP($B12,基础表!$C:$AP,COLUMN(基础表!M$1)-2,0) -> 0.1 | ... AG12: =VLOOKUP($B12,基础表!$C:$AP,COLUMN(基础表!AJ$1)-2,0) -> 0 | AH12: =IF($C12="哈尔滨OT所","",VLOOKUP($B12,基础表!$C:$AZ,COLUMN(基础表!AQ$1)-2,0)) -> 0 | AI12: =IF($C12="哈尔滨OT所","",VLOOKUP($B12,基础表!$C:$AZ,COLUMN(基础表!AR$1)-2,0)) -> 0 | AJ12: =IF($C12="哈尔滨OT所","",VLOOKUP($B12,基础表!$C:$AZ,COLUMN(基础表!AS$1)-2,0)) -> 0 | AL12: =1=SUM(O12:V12) -> TRUE | AM12: =SUM(W12:AD12)=J12 -> TRUE
B13: 5 | C13: =VLOOKUP($B13,基础表!$C:$AP,COLUMN(基础表!F$1)-2,0) -> 双鸭山城区所 | D13: =VLOOKUP($B13,基础表!$C:$AP,COLUMN(基础表!G$1)-2,0) -> 0.391 | E13: =VLOOKUP($B13,基础表!$C:$AP,COLUMN(基础表!H$1)-2,0) -> 0.525 | F13: =VLOOKUP($B13,基础表!$C:$AP,COLUMN(基础表!I$1)-2,0) -> 0.379 | G13: =VLOOKUP($B13,基础表!$C:$AP,COLUMN(基础表!J$1)-2,0) -> -0.34285714 | H13: =VLOOKUP($B13,基础表!$C:$AP,COLUMN(基础表!K$1)-2,0) -> -0.30278884 | I13: =VLOOKUP($B13,基础表!$C:$AP,COLUMN(基础表!L$1)-2,0) -> -0.047738693 | J13: =VLOOKUP($B13,基础表!$C:$AP,COLUMN(基础表!M$1)-2,0) -> 0.444 | ... AG13: =VLOOKUP($B13,基础表!$C:$AP,COLUMN(基础表!AJ$1)-2,0) -> -0.05 | AH13: =IF($C13="哈尔滨OT所","",VLOOKUP($B13,基础表!$C:$AZ,COLUMN(基础表!AQ$1)-2,0)) -> 0.53377265 | AI13: =IF($C13="哈尔滨OT所","",VLOOKUP($B13,基础表!$C:$AZ,COLUMN(基础表!AR$1)-2,0)) -> 0.90625 | AJ13: =IF($C13="哈尔滨OT所","",VLOOKUP($B13,基础表!$C:$AZ,COLUMN(基础表!AS$1)-2,0)) -> 1 | AL13: =1=SUM(O13:V13) -> TRUE | AM13: =SUM(W13:AD13)=J13 -> TRUE
B14: 6 | C14: =VLOOKUP($B14,基础表!$C:$AP,COLUMN(基础表!F$1)-2,0) -> 七台河外埠所 | D14: =VLOOKUP($B14,基础表!$C:$AP,COLUMN(基础表!G$1)-2,0) -> 1.9 | E14: =VLOOKUP($B14,基础表!$C:$AP,COLUMN(基础表!H$1)-2,0) -> 2.687 | F14: =VLOOKUP($B14,基础表!$C:$AP,COLUMN(基础表!I$1)-2,0) -> 1.742 | G14: =VLOOKUP($B14,基础表!$C:$AP,COLUMN(基础表!J$1)-2,0) -> -0.038947901 | H14: =VLOOKUP($B14,基础表!$C:$AP,COLUMN(基础表!K$1)-2,0) -> 0.027140673 | I14: =VLOOKUP($B14,基础表!$C:$AP,COLUMN(基础表!L$1)-2,0) -> 0.0069364162 | J14: =VLOOKUP($B14,基础表!$C:$AP,COLUMN(基础表!M$1)-2,0) -> 2.226 | ... AG14: =VLOOKUP($B14,基础表!$C:$AP,COLUMN(基础表!AJ$1)-2,0) -> -0.413 | AH14: =IF($C14="哈尔滨OT所","",VLOOKUP($B14,基础表!$C:$AZ,COLUMN(基础表!AQ$1)-2,0)) -> 0.46156894 | AI14: =IF($C14="哈尔滨OT所","",VLOOKUP($B14,基础表!$C:$AZ,COLUMN(基础表!AR$1)-2,0)) -> 0.71875 | AJ14: =IF($C14="哈尔滨OT所","",VLOOKUP($B14,基础表!$C:$AZ,COLUMN(基础表!AS$1)-2,0)) -> 1 | AL14: =1=SUM(O14:V14) -> TRUE | AM14: =SUM(W14:AD14)=J14 -> TRUE
B15: 7 | C15: =VLOOKUP($B15,基础表!$C:$AP,COLUMN(基础表!F$1)-2,0) -> 牡丹江城区所 | D15: =VLOOKUP($B15,基础表!$C:$AP,COLUMN(基础表!G$1)-2,0) -> 1.6 | E15: =VLOOKUP($B15,基础表!$C:$AP,COLUMN(基础表!H$1)-2,0) -> 2.07 | F15: =VLOOKUP($B15,基础表!$C:$AP,COLUMN(基础表!I$1)-2,0) -> 1.736 | G15: =VLOOKUP($B15,基础表!$C:$AP,COLUMN(基础表!J$1)-2,0) -> -0.050445104 | H15: =VLOOKUP($B15,基础表!$C:$AP,COLUMN(基础表!K$1)-2,0) -> -0.018957346 | I15: =VLOOKUP($B15,基础表!$C:$AP,COLUMN(基础表!L$1)-2,0) -> -0.048245614 | J15: =VLOOKUP($B15,基础表!$C:$AP,COLUMN(基础表!M$1)-2,0) -> 1.776 | ... AG15: =VLOOKUP($B15,基础表!$C:$AP,COLUMN(基础表!AJ$1)-2,0) -> -0.0495 | AH15: =IF($C15="哈尔滨OT所","",VLOOKUP($B15,基础表!$C:$AZ,COLUMN(基础表!AQ$1)-2,0)) -> 0.77192142 | AI15: =IF($C15="哈尔滨OT所","",VLOOKUP($B15,基础表!$C:$AZ,COLUMN(基础表!AR$1)-2,0)) -> 0.90163934 | AJ15: =IF($C15="哈尔滨OT所","",VLOOKUP($B15,基础表!$C:$AZ,COLUMN(基础表!AS$1)-2,0)) -> 1 | AL15: =1=SUM(O15:V15) -> TRUE | AM15: =SUM(W15:AD15)=J15 -> TRUE
B16: 8 | C16: =VLOOKUP($B16,基础表!$C:$AP,COLUMN(基础表!F$1)-2,0) -> 哈尔滨城区北所 | D16: =VLOOKUP($B16,基础表!$C:$AP,COLUMN(基础表!G$1)-2,0) -> 0.753 | E16: =VLOOKUP($B16,基础表!$C:$AP,COLUMN(基础表!H$1)-2,0) -> 1.597 | F16: =VLOOKUP($B16,基础表!$C:$AP,COLUMN(基础表!I$1)-2,0) -> 1.272 | G16: =VLOOKUP($B16,基础表!$C:$AP,COLUMN(基础表!J$1)-2,0) -> -0.34235808 | H16: =VLOOKUP($B16,基础表!$C:$AP,COLUMN(基础表!K$1)-2,0) -> 0.005034613 | I16: =VLOOKUP($B16,基础表!$C:$AP,COLUMN(基础表!L$1)-2,0) -> 0.17019319 | J16: =VLOOKUP($B16,基础表!$C:$AP,COLUMN(基础表!M$1)-2,0) -> 1.537 | ... AG16: =VLOOKUP($B16,基础表!$C:$AP,COLUMN(基础表!AJ$1)-2,0) -> 0.148 | AH16: =IF($C16="哈尔滨OT所","",VLOOKUP($B16,基础表!$C:$AZ,COLUMN(基础表!AQ$1)-2,0)) -> 0.89433384 | AI16: =IF($C16="哈尔滨OT所","",VLOOKUP($B16,基础表!$C:$AZ,COLUMN(基础表!AR$1)-2,0)) -> 0.96240602 | AJ16: =IF($C16="哈尔滨OT所","",VLOOKUP($B16,基础表!$C:$AZ,COLUMN(基础表!AS$1)-2,0)) -> 0.97744361 | AL16: =1=SUM(O16:V16) -> TRUE | AM16: =SUM(W16:AD16)=J16 -> TRUE
B17: 9 | C17: =VLOOKUP($B17,基础表!$C:$AP,COLUMN(基础表!F$1)-2,0) -> 兴安外埠所 | D17: =VLOOKUP($B17,基础表!$C:$AP,COLUMN(基础表!G$1)-2,0) -> 1.354 | E17: =VLOOKUP($B17,基础表!$C:$AP,COLUMN(基础表!H$1)-2,0) -> 2.59 | F17: =VLOOKUP($B17,基础表!$C:$AP,COLUMN(基础表!I$1)-2,0) -> 1.895 | G17: =VLOOKUP($B17,基础表!$C:$AP,COLUMN(基础表!J$1)-2,0) -> -0.11154856 | H17: =VLOOKUP($B17,基础表!$C:$AP,COLUMN(基础表!K$1)-2,0) -> 0.0011596444 | I17: =VLOOKUP($B17,基础表!$C:$AP,COLUMN(基础表!L$1)-2,0) -> -0.17608696 | J17: =VLOOKUP($B17,基础表!$C:$AP,COLUMN(基础表!M$1)-2,0) -> 2.539 | ... AG17: =VLOOKUP($B17,基础表!$C:$AP,COLUMN(基础表!AJ$1)-2,0) -> -0.202 | AH17: =IF($C17="哈尔滨OT所","",VLOOKUP($B17,基础表!$C:$AZ,COLUMN(基础表!AQ$1)-2,0)) -> 0.67928287 | AI17: =IF($C17="哈尔滨OT所","",VLOOKUP($B17,基础表!$C:$AZ,COLUMN(基础表!AR$1)-2,0)) -> 1 | AJ17: =IF($C17="哈尔滨OT所","",VLOOKUP($B17,基础表!$C:$AZ,COLUMN(基础表!AS$1)-2,0)) -> 1 | AL17: =1=SUM(O17:V17) -> TRUE | AM17: =SUM(W17:AD17)=J17 -> TRUE
B18: 10 | C18: =VLOOKUP($B18,基础表!$C:$AP,COLUMN(基础表!F$1)-2,0) -> 齐齐哈尔城区所 | D18: =VLOOKUP($B18,基础表!$C:$AP,COLUMN(基础表!G$1)-2,0) -> 0.512 | E18: =VLOOKUP($B18,基础表!$C:$AP,COLUMN(基础表!H$1)-2,0) -> 1.009 | F18: =VLOOKUP($B18,基础表!$C:$AP,COLUMN(基础表!I$1)-2,0) -> 0.706 | G18: =VLOOKUP($B18,基础表!$C:$AP,COLUMN(基础表!J$1)-2,0) -> -0.11111111 | H18: =VLOOKUP($B18,基础表!$C:$AP,COLUMN(基础表!K$1)-2,0) -> 0.029591837 | I18: =VLOOKUP($B18,基础表!$C:$AP,COLUMN(基础表!L$1)-2,0) -> 0.88770053 | J18: =VLOOKUP($B18,基础表!$C:$AP,COLUMN(基础表!M$1)-2,0) -> 0.894 | ... AG18: =VLOOKUP($B18,基础表!$C:$AP,COLUMN(基础表!AJ$1)-2,0) -> 0.278 | AH18: =IF($C18="哈尔滨OT所","",VLOOKUP($B18,基础表!$C:$AZ,COLUMN(基础表!AQ$1)-2,0)) -> 0.59488692 | AI18: =IF($C18="哈尔滨OT所","",VLOOKUP($B18,基础表!$C:$AZ,COLUMN(基础表!AR$1)-2,0)) -> 0.93421053 | AJ18: =IF($C18="哈尔滨OT所","",VLOOKUP($B18,基础表!$C:$AZ,COLUMN(基础表!AS$1)-2,0)) -> 1 | AL18: =1=SUM(O18:V18) -> TRUE | AM18: =SUM(W18:AD18)=J18 -> TRUE
B19: 11 | C19: =VLOOKUP($B19,基础表!$C:$AP,COLUMN(基础表!F$1)-2,0) -> 呼盟外埠所 | D19: =VLOOKUP($B19,基础表!$C:$AP,COLUMN(基础表!G$1)-2,0) -> 1.29 | E19: =VLOOKUP($B19,基础表!$C:$AP,COLUMN(基础表!H$1)-2,0) -> 2.271 | F19: =VLOOKUP($B19,基础表!$C:$AP,COLUMN(基础表!I$1)-2,0) -> 1.77 | G19: =VLOOKUP($B19,基础表!$C:$AP,COLUMN(基础表!J$1)-2,0) -> -0.055636896 | H19: =VLOOKUP($B19,基础表!$C:$AP,COLUMN(基础表!K$1)-2,0) -> 0.056770591 | I19: =VLOOKUP($B19,基础表!$C:$AP,COLUMN(基础表!L$1)-2,0) -> -0.14285714 | J19: =VLOOKUP($B19,基础表!$C:$AP,COLUMN(基础表!M$1)-2,0) -> 2.225 | ... AG19: =VLOOKUP($B19,基础表!$C:$AP,COLUMN(基础表!AJ$1)-2,0) -> 0.49 | AH19: =IF($C19="哈尔滨OT所","",VLOOKUP($B19,基础表!$C:$AZ,COLUMN(基础表!AQ$1)-2,0)) -> 0.58434691 | AI19: =IF($C19="哈尔滨OT所","",VLOOKUP($B19,基础表!$C:$AZ,COLUMN(基础表!AR$1)-2,0)) -> 0.68421053 | AJ19: =IF($C19="哈尔滨OT所","",VLOOKUP($B19,基础表!$C:$AZ,COLUMN(基础表!AS$1)-2,0)) -> 1 | AL19: =1=SUM(O19:V19) -> TRUE | AM19: =SUM(W19:AD19)=J19 -> TRUE
B20: 12 | C20: =VLOOKUP($B20,基础表!$C:$AP,COLUMN(基础表!F$1)-2,0) -> 哈尔滨综合中所 | D20: =VLOOKUP($B20,基础表!$C:$AP,COLUMN(基础表!G$1)-2,0) -> 1.477 | E20: =VLOOKUP($B20,基础表!$C:$AP,COLUMN(基础表!H$1)-2,0) -> 2.006 | F20: =VLOOKUP($B20,基础表!$C:$AP,COLUMN(基础表!I$1)-2,0) -> 2.35 | G20: =VLOOKUP($B20,基础表!$C:$AP,COLUMN(基础表!J$1)-2,0) -> 0.34272727 | H20: =VLOOKUP($B20,基础表!$C:$AP,COLUMN(基础表!K$1)-2,0) -> 0.21575758 | I20: =VLOOKUP($B20,基础表!$C:$AP,COLUMN(基础表!L$1)-2,0) -> 0.45420792 | J20: =VLOOKUP($B20,基础表!$C:$AP,COLUMN(基础表!M$1)-2,0) -> 1.721 | ... AG20: =VLOOKUP($B20,基础表!$C:$AP,COLUMN(基础表!AJ$1)-2,0) -> 0.268 | AH20: =IF($C20="哈尔滨OT所","",VLOOKUP($B20,基础表!$C:$AZ,COLUMN(基础表!AQ$1)-2,0)) -> 0.96111111 | AI20: =IF($C20="哈尔滨OT所","",VLOOKUP($B20,基础表!$C:$AZ,COLUMN(基础表!AR$1)-2,0)) -> 1 | AJ20: =IF($C20="哈尔滨OT所","",VLOOKUP($B20,基础表!$C:$AZ,COLUMN(基础表!AS$1)-2,0)) -> 1 | AL20: =1=SUM(O20:V20) -> TRUE | AM20: =SUM(W20:AD20)=J20 -> TRUE
... B34: 26 | C34: =VLOOKUP($B34,基础表!$C:$AP,COLUMN(基础表!F$1)-2,0) -> 大庆城区西所 | D34: =VLOOKUP($B34,基础表!$C:$AP,COLUMN(基础表!G$1)-2,0) -> 0.307 | E34: =VLOOKUP($B34,基础表!$C:$AP,COLUMN(基础表!H$1)-2,0) -> 0.63 | F34: =VLOOKUP($B34,基础表!$C:$AP,COLUMN(基础表!I$1)-2,0) -> 0.546 | G34: =VLOOKUP($B34,基础表!$C:$AP,COLUMN(基础表!J$1)-2,0) -> -0.058282209 | H34: =VLOOKUP($B34,基础表!$C:$AP,COLUMN(基础表!K$1)-2,0) -> 0.034482759 | I34: =VLOOKUP($B34,基础表!$C:$AP,COLUMN(基础表!L$1)-2,0) -> 0.054054054 | J34: =VLOOKUP($B34,基础表!$C:$AP,COLUMN(基础表!M$1)-2,0) -> 0.294 | ... AG34: =VLOOKUP($B34,基础表!$C:$AP,COLUMN(基础表!AJ$1)-2,0) -> -0.03 | AH34: =IF($C34="哈尔滨OT所","",VLOOKUP($B34,基础表!$C:$AZ,COLUMN(基础表!AQ$1)-2,0)) -> 0.79582712 | AI34: =IF($C34="哈尔滨OT所","",VLOOKUP($B34,基础表!$C:$AZ,COLUMN(基础表!AR$1)-2,0)) -> 0.91666667 | AJ34: =IF($C34="哈尔滨OT所","",VLOOKUP($B34,基础表!$C:$AZ,COLUMN(基础表!AS$1)-2,0)) -> 1 | AL34: =1=SUM(O34:V34) -> TRUE | AM34: =SUM(W34:AD34)=J34 -> TRUE

Sheet 基础表
G2: 出货 | J2: 成长 | M2: 2505 | R2: 口味别占比 | Z2: 口味别出货 | AH2: 实盘库存 | AK2: TOP5口味BI铺货率 | AR2: 校园铺货率
A3: 部 | C3: 所 | E3: 总体结果 | G3: 2502 | H3: 2503 | I3: 2504 | J3: 2502 | K3: 2503 | L3: 2504 | M3: 出货 | N3: 同期 | O3: 成长 | P3: 目标 | Q3: 达成 | R3: 椒盐小酥肉 | S3: 鸡汁原味 | T3: 烤羊肉串 | U3: 麻辣小龙虾 | V3: 香葱鸡汁味 | W3: 香烤鱿鱼 | X3: 酸甜番茄味 | Y3: 芝士火鸡味 | Z3: 椒盐小酥肉 | AA3: 鸡汁原味 | AB3: 烤羊肉串 | AC3: 麻辣小龙虾 | AD3: 香葱鸡汁味 | AE3: 香烤鱿鱼 | AF3: 酸甜番茄味 | AG3: 芝士火鸡味 | AH3: 4月末 | AI3: 5月末 | AJ3: 变化 | AK3: 椒盐小酥肉 | AL3: 鸡汁原味 | AM3: 烤羊肉串 | AN3: 麻辣小龙虾 | AO3: 香葱鸡汁味 | AP3: 香烤鱿鱼 | AQ3: 整体 | AR3: 香爆脆 | AS3: 红牛
A4: 排名 | B4: 成长 | C4: 排名 | D4: 成长 | E4: 黑龙江 | G4: 24.121 | H4: 43.899 | I4: 32.799 | J4: -0.11767503 | K4: 0.016439371 | L4: -0.034897749 | M4: =SUM(M12,M20,M26,M33,M35) -> 35.894 | N4: ='2'!D41 -> 45.45 | O4: =M4/N4-1 -> -0.21025303 | P4: ='2'!F41 -> 46.4 | Q4: ='2'!G41 -> 0.77357759 | R4: =IFERROR(Z4/$M4,"") -> 0.15178024 | S4: =IFERROR(AA4/$M4,"") -> 0.10388923 | T4: =IFERROR(AB4/$M4,"") -> 0.15907951 | U4: =IFERROR(AC4/$M4,"") -> 0.11595253 | V4: =IFERROR(AD4/$M4,"") -> 0.17220148 | W4: =IFERROR(AE4/$M4,"") -> 0.13927119 | X4: =IFERROR(AF4/$M4,"") -> 0.11531175 | Y4: =IFERROR(AG4/$M4,"") -> 0.042514069 | Z4: =VLOOKUP($E3,'4'!$A:$K,COLUMN('4'!C$6),0) -> 5.448 | AA4: =VLOOKUP($E3,'4'!$A:$K,COLUMN('4'!D$6),0) -> 3.729 | AB4: =VLOOKUP($E3,'4'!$A:$K,COLUMN('4'!E$6),0) -> 5.71 | AC4: =VLOOKUP($E3,'4'!$A:$K,COLUMN('4'!F$6),0) -> 4.162 | AD4: =VLOOKUP($E3,'4'!$A:$K,COLUMN('4'!G$6),0) -> 6.181 | AE4: =VLOOKUP($E3,'4'!$A:$K,COLUMN('4'!H$6),0) -> 4.999 | AF4: =VLOOKUP($E3,'4'!$A:$K,COLUMN('4'!I$6),0) -> 4.139 | AG4: =VLOOKUP($E3,'4'!$A:$K,COLUMN('4'!J$6),0) -> 1.526 | AH4: 35.418 | AI4: =SUM(AI12,AI20,AI26,AI33) -> 33.3985 | AJ4: =AI4-AH4 -> -2.0195 | AK4: ='3'!C35 -> 0.49089803 | AL4: ='3'!D35 -> 0.8566597 | AM4: ='3'!E35 -> 0.54092546 | AN4: ='3'!F35 -> 0.68204071 | AO4: ='3'!G35 -> 0.55363985 | AP4: ='3'!H35 -> 0.63581542 | AQ4: ='3'!I35 -> 0.70226259 | AR4: ='3'!M34 -> 0.91942324 | AS4: ='3'!N34 -> 0.99406277
C5: =RANK(D5,$D$5:$D$34)+COUNTIF($D$5:D5,D5)-1 -> 25 | D5: =Q5 -> 0.40721492 | E5: 哈尔滨营业部 | F5: 宾县外埠所 | G5: 0.863 | H5: 2.309 | I5: 1.59 | J5: -0.49825581 | K5: -0.18004261 | L5: -0.16753927 | M5: =SUMIFS('2'!C:C,'2'!$A:$A,基础表!$E5,'2'!$B:$B,基础表!$F5) -> 1.332 | N5: =SUMIFS('2'!D:D,'2'!$A:$A,基础表!$E5,'2'!$B:$B,基础表!$F5) -> 2.917 | O5: =M5/N5-1 -> -0.54336647 | P5: =SUMIFS('2'!F:F,'2'!$A:$A,基础表!$E5,'2'!$B:$B,基础表!$F5) -> 3.271 | Q5: =SUMIFS('2'!G:G,'2'!$A:$A,基础表!$E5,'2'!$B:$B,基础表!$F5) -> 0.40721492 | R5: =IFERROR(Z5/$M5,"") -> 0.12012012 | S5: =IFERROR(AA5/$M5,"") -> 0.14264264 | T5: =IFERROR(AB5/$M5,"") -> 0.20645646 | U5: =IFERROR(AC5/$M5,"") -> 0.1463964 | V5: =IFERROR(AD5/$M5,"") -> 0.18618619 | W5: =IFERROR(AE5/$M5,"") -> 0.11186186 | X5: =IFERROR(AF5/$M5,"") -> 0.086336336 | Y5: =IFERROR(AG5/$M5,"") -> 0 | Z5: =SUMIFS('4'!C:C,'4'!$A:$A,基础表!$E5,'4'!$B:$B,基础表!$F5) -> 0.16 | AA5: =SUMIFS('4'!D:D,'4'!$A:$A,基础表!$E5,'4'!$B:$B,基础表!$F5) -> 0.19 | AB5: =SUMIFS('4'!E:E,'4'!$A:$A,基础表!$E5,'4'!$B:$B,基础表!$F5) -> 0.275 | AC5: =SUMIFS('4'!F:F,'4'!$A:$A,基础表!$E5,'4'!$B:$B,基础表!$F5) -> 0.195 | AD5: =SUMIFS('4'!G:G,'4'!$A:$A,基础表!$E5,'4'!$B:$B,基础表!$F5) -> 0.248 | AE5: =SUMIFS('4'!H:H,'4'!$A:$A,基础表!$E5,'4'!$B:$B,基础表!$F5) -> 0.149 | AF5: =SUMIFS('4'!I:I,'4'!$A:$A,基础表!$E5,'4'!$B:$B,基础表!$F5) -> 0.115 | AG5: =SUMIFS('4'!J:J,'4'!$A:$A,基础表!$E5,'4'!$B:$B,基础表!$F5) -> 0 | AH5: 2.286 | AI5: 1.482 | AJ5: =AI5-AH5 -> -0.804 | AK5: =SUMIFS('3'!C:C,'3'!$A:$A,基础表!$E5,'3'!$B:$B,基础表!$F5) -> 0.64791134 | AL5: =SUMIFS('3'!D:D,'3'!$A:$A,基础表!$E5,'3'!$B:$B,基础表!$F5) -> 0.95063291 | AM5: =SUMIFS('3'!E:E,'3'!$A:$A,基础表!$E5,'3'!$B:$B,基础表!$F5) -> 0.6628512 | AN5: =SUMIFS('3'!F:F,'3'!$A:$A,基础表!$E5,'3'!$B:$B,基础表!$F5) -> 0.59119497 | AO5: =SUMIFS('3'!G:G,'3'!$A:$A,基础表!$E5,'3'!$B:$B,基础表!$F5) -> 0.66382253 | AP5: =SUMIFS('3'!H:H,'3'!$A:$A,基础表!$E5,'3'!$B:$B,基础表!$F5) -> 0.57594937 | AQ5: =SUMIFS('3'!I:I,'3'!$A:$A,基础表!$E5,'3'!$B:$B,基础表!$F5) -> 0.7830385 | AR5: =SUMIFS('3'!M:M,'3'!$K:$K,基础表!$E5,'3'!$L:$L,基础表!$F5) -> 0.92857143 | AS5: =SUMIFS('3'!N:N,'3'!$K:$K,基础表!$E5,'3'!$L:$L,基础表!$F5) -> 0.97619048
C6: =RANK(D6,$D$5:$D$34)+COUNTIF($D$5:D6,D6)-1 -> 1 | D6: =Q6 -> 2.6376351 | E6: 哈尔滨营业部 | F6: 哈尔滨OT所 | G6: 0.863 | H6: 2.17 | I6: 1.277 | J6: -0.49825581 | K6: 2.3333333 | L6: 0.1813136 | M6: =SUMIFS('2'!C:C,'2'!$A:$A,基础表!$E6,'2'!$B:$B,基础表!$F6) -> 4.149 | N6: =SUMIFS('2'!D:D,'2'!$A:$A,基础表!$E6,'2'!$B:$B,基础表!$F6) -> 1.208 | O6: =M6/N6-1 -> 2.4346026 | P6: =SUMIFS('2'!F:F,'2'!$A:$A,基础表!$E6,'2'!$B:$B,基础表!$F6) -> 1.573 | Q6: =SUMIFS('2'!G:G,'2'!$A:$A,基础表!$E6,'2'!$B:$B,基础表!$F6) -> 2.6376351 | R6: =IFERROR(Z6/$M6,"") -> 0 | S6: =IFERROR(AA6/$M6,"") -> 0.0055435045 | T6: =IFERROR(AB6/$M6,"") -> 0.07857315 | U6: =IFERROR(AC6/$M6,"") -> 0 | V6: =IFERROR(AD6/$M6,"") -> 0.43142926 | W6: =IFERROR(AE6/$M6,"") -> 0.12051097 | X6: =IFERROR(AF6/$M6,"") -> 0 | Y6: =IFERROR(AG6/$M6,"") -> 0.36394312 | Z6: =SUMIFS('4'!C:C,'4'!$A:$A,基础表!$E6,'4'!$B:$B,基础表!$F6) -> 0 | AA6: =SUMIFS('4'!D:D,'4'!$A:$A,基础表!$E6,'4'!$B:$B,基础表!$F6) -> 0.023 | AB6: =SUMIFS('4'!E:E,'4'!$A:$A,基础表!$E6,'4'!$B:$B,基础表!$F6) -> 0.326 | AC6: =SUMIFS('4'!F:F,'4'!$A:$A,基础表!$E6,'4'!$B:$B,基础表!$F6) -> 0 | AD6: =SUMIFS('4'!G:G,'4'!$A:$A,基础表!$E6,'4'!$B:$B,基础表!$F6) -> 1.79 | AE6: =SUMIFS('4'!H:H,'4'!$A:$A,基础表!$E6,'4'!$B:$B,基础表!$F6) -> 0.5 | AF6: =SUMIFS('4'!I:I,'4'!$A:$A,基础表!$E6,'4'!$B:$B,基础表!$F6) -> 0 | AG6: =SUMIFS('4'!J:J,'4'!$A:$A,基础表!$E6,'4'!$B:$B,基础表!$F6) -> 1.51 | AR6: =SUMIFS('3'!M:M,'3'!$K:$K,基础表!$E6,'3'!$L:$L,基础表!$F6) -> 0 | AS6: =SUMIFS('3'!N:N,'3'!$K:$K,基础表!$E6,'3'!$L:$L,基础表!$F6) -> 0
C7: =RANK(D7,$D$5:$D$34)+COUNTIF($D$5:D7,D7)-1 -> 8 | D7: =Q7 -> 0.81408898 | E7: 哈尔滨营业部 | F7: 哈尔滨城区北所 | G7: 0.753 | H7: 1.597 | I7: 1.272 | J7: -0.34235808 | K7: 0.005034613 | L7: 0.17019319 | M7: =SUMIFS('2'!C:C,'2'!$A:$A,基础表!$E7,'2'!$B:$B,基础表!$F7) -> 1.537 | N7: =SUMIFS('2'!D:D,'2'!$A:$A,基础表!$E7,'2'!$B:$B,基础表!$F7) -> 1.597 | O7: =M7/N7-1 -> -0.037570445 | P7: =SUMIFS('2'!F:F,'2'!$A:$A,基础表!$E7,'2'!$B:$B,基础表!$F7) -> 1.888 | Q7: =SUMIFS('2'!G:G,'2'!$A:$A,基础表!$E7,'2'!$B:$B,基础表!$F7) -> 0.81408898 | R7: =IFERROR(Z7/$M7,"") -> 0.12426805 | S7: =IFERROR(AA7/$M7,"") -> 0.10474951 | T7: =IFERROR(AB7/$M7,"") -> 0.15289525 | U7: =IFERROR(AC7/$M7,"") -> 0.13728042 | V7: =IFERROR(AD7/$M7,"") -> 0.13728042 | W7: =IFERROR(AE7/$M7,"") -> 0.1366298 | X7: =IFERROR(AF7/$M7,"") -> 0.20689655 | Y7: =IFERROR(AG7/$M7,"") -> 0 | Z7: =SUMIFS('4'!C:C,'4'!$A:$A,基础表!$E7,'4'!$B:$B,基础表!$F7) -> 0.191 | AA7: =SUMIFS('4'!D:D,'4'!$A:$A,基础表!$E7,'4'!$B:$B,基础表!$F7) -> 0.161 | AB7: =SUMIFS('4'!E:E,'4'!$A:$A,基础表!$E7,'4'!$B:$B,基础表!$F7) -> 0.235 | AC7: =SUMIFS('4'!F:F,'4'!$A:$A,基础表!$E7,'4'!$B:$B,基础表!$F7) -> 0.211 | AD7: =SUMIFS('4'!G:G,'4'!$A:$A,基础表!$E7,'4'!$B:$B,基础表!$F7) -> 0.211 | AE7: =SUMIFS('4'!H:H,'4'!$A:$A,基础表!$E7,'4'!$B:$B,基础表!$F7) -> 0.21 | AF7: =SUMIFS('4'!I:I,'4'!$A:$A,基础表!$E7,'4'!$B:$B,基础表!$F7) -> 0.318 | AG7: =SUMIFS('4'!J:J,'4'!$A:$A,基础表!$E7,'4'!$B:$B,基础表!$F7) -> 0 | AH7: 0.375 | AI7: 0.523 | AJ7: =AI7-AH7 -> 0.148 | AK7: =SUMIFS('3'!C:C,'3'!$A:$A,基础表!$E7,'3'!$B:$B,基础表!$F7) -> 0.90165746 | AL7: =SUMIFS('3'!D:D,'3'!$A:$A,基础表!$E7,'3'!$B:$B,基础表!$F7) -> 0.8934551 | AM7: =SUMIFS('3'!E:E,'3'!$A:$A,基础表!$E7,'3'!$B:$B,基础表!$F7) -> 0.88591118 | AN7: =SUMIFS('3'!F:F,'3'!$A:$A,基础表!$E7,'3'!$B:$B,基础表!$F7) -> 0.96242775 | AO7: =SUMIFS('3'!G:G,'3'!$A:$A,基础表!$E7,'3'!$B:$B,基础表!$F7) -> 0.910299 | AP7: =SUMIFS('3'!H:H,'3'!$A:$A,基础表!$E7,'3'!$B:$B,基础表!$F7) -> 0.95375723 | AQ7: =SUMIFS('3'!I:I,'3'!$A:$A,基础表!$E7,'3'!$B:$B,基础表!$F7) -> 0.89433384 | AR7: =SUMIFS('3'!M:M,'3'!$K:$K,基础表!$E7,'3'!$L:$L,基础表!$F7) -> 0.96240602 | AS7: =SUMIFS('3'!N:N,'3'!$K:$K,基础表!$E7,'3'!$L:$L,基础表!$F7) -> 0.97744361
C8: =RANK(D8,$D$5:$D$34)+COUNTIF($D$5:D8,D8)-1 -> 17 | D8: =Q8 -> 0.62989324 | E8: 哈尔滨营业部 | F8: 哈尔滨综合东所 | G8: 0.633 | H8: 1.184 | I8: 0.825 | J8: -0.039453718 | K8: 0.15175097 | L8: 0.098535286 | M8: =SUMIFS('2'!C:C,'2'!$A:$A,基础表!$E8,'2'!$B:$B,基础表!$F8) -> 0.885 | N8: =SUMIFS('2'!D:D,'2'!$A:$A,基础表!$E8,'2'!$B:$B,基础表!$F8) -> 1.569 | O8: =M8/N8-1 -> -0.43594646 | P8: =SUMIFS('2'!F:F,'2'!$A:$A,基础表!$E8,'2'!$B:$B,基础表!$F8) -> 1.405 | Q8: =SUMIFS('2'!G:G,'2'!$A:$A,基础表!$E8,'2'!$B:$B,基础表!$F8) -> 0.62989324 | R8: =IFERROR(Z8/$M8,"") -> 0.14237288 | S8: =IFERROR(AA8/$M8,"") -> 0.13559322 | T8: =IFERROR(AB8/$M8,"") -> 0.18305085 | U8: =IFERROR(AC8/$M8,"") -> 0.16384181 | V8: =IFERROR(AD8/$M8,"") -> 0.1039548 | W8: =IFERROR(AE8/$M8,"") -> 0.11751412 | X8: =IFERROR(AF8/$M8,"") -> 0.15367232 | Y8: =IFERROR(AG8/$M8,"") -> 0 | Z8: =SUMIFS('4'!C:C,'4'!$A:$A,基础表!$E8,'4'!$B:$B,基础表!$F8) -> 0.126 | AA8: =SUMIFS('4'!D:D,'4'!$A:$A,基础表!$E8,'4'!$B:$B,基础表!$F8) -> 0.12 | AB8: =SUMIFS('4'!E:E,'4'!$A:$A,基础表!$E8,'4'!$B:$B,基础表!$F8) -> 0.162 | AC8: =SUMIFS('4'!F:F,'4'!$A:$A,基础表!$E8,'4'!$B:$B,基础表!$F8) -> 0.145 | AD8: =SUMIFS('4'!G:G,'4'!$A:$A,基础表!$E8,'4'!$B:$B,基础表!$F8) -> 0.092 | AE8: =SUMIFS('4'!H:H,'4'!$A:$A,基础表!$E8,'4'!$B:$B,基础表!$F8) -> 0.104 | AF8: =SUMIFS('4'!I:I,'4'!$A:$A,基础表!$E8,'4'!$B:$B,基础表!$F8) -> 0.136 | AG8: =SUMIFS('4'!J:J,'4'!$A:$A,基础表!$E8,'4'!$B:$B,基础表!$F8) -> 0 | AH8: 0.339 | AI8: 0.541 | AJ8: =AI8-AH8 -> 0.202 | AK8: =SUMIFS('3'!C:C,'3'!$A:$A,基础表!$E8,'3'!$B:$B,基础表!$F8) -> 0.88354037 | AL8: =SUMIFS('3'!D:D,'3'!$A:$A,基础表!$E8,'3'!$B:$B,基础表!$F8) -> 0.97457627 | AM8: =SUMIFS('3'!E:E,'3'!$A:$A,基础表!$E8,'3'!$B:$B,基础表!$F8) -> 0.84623016 | AN8: =SUMIFS('3'!F:F,'3'!$A:$A,基础表!$E8,'3'!$B:$B,基础表!$F8) -> 0.9375 | AO8: =SUMIFS('3'!G:G,'3'!$A:$A,基础表!$E8,'3'!$B:$B,基础表!$F8) -> 0.91981132 | AP8: =SUMIFS('3'!H:H,'3'!$A:$A,基础表!$E8,'3'!$B:$B,基础表!$F8) -> 0.93548387 | AQ8: =SUMIFS('3'!I:I,'3'!$A:$A,基础表!$E8,'3'!$B:$B,基础表!$F8) -> 0.87797619 | AR8: =SUMIFS('3'!M:M,'3'!$K:$K,基础表!$E8,'3'!$L:$L,基础表!$F8) -> 1 | AS8: =SUMIFS('3'!N:N,'3'!$K:$K,基础表!$E8,'3'!$L:$L,基础表!$F8) -> 1
C9: =RANK(D9,$D$5:$D$34)+COUNTIF($D$5:D9,D9)-1 -> 18 | D9: =Q9 -> 0.59667674 | E9: 哈尔滨营业部 | F9: 哈尔滨综合西所 | G9: 0.589 | H9: 1.125 | I9: 0.645 | J9: -0.16925247 | K9: 0.0071620412 | L9: 0.018957346 | M9: =SUMIFS('2'!C:C,'2'!$A:$A,基础表!$E9,'2'!$B:$B,基础表!$F9) -> 0.79 | N9: =SUMIFS('2'!D:D,'2'!$A:$A,基础表!$E9,'2'!$B:$B,基础表!$F9) -> 1.478 | O9: =M9/N9-1 -> -0.46549391 | P9: =SUMIFS('2'!F:F,'2'!$A:$A,基础表!$E9,'2'!$B:$B,基础表!$F9) -> 1.324 | Q9: =SUMIFS('2'!G:G,'2'!$A:$A,基础表!$E9,'2'!$B:$B,基础表!$F9) -> 0.59667674 | R9: =IFERROR(Z9/$M9,"") -> 0.21265823 | S9: =IFERROR(AA9/$M9,"") -> 0.11139241 | T9: =IFERROR(AB9/$M9,"") -> 0.21139241 | U9: =IFERROR(AC9/$M9,"") -> 0.098734177 | V9: =IFERROR(AD9/$M9,"") -> 0.16202532 | W9: =IFERROR(AE9/$M9,"") -> 0.13037975 | X9: =IFERROR(AF9/$M9,"") -> 0.073417722 | Y9: =IFERROR(AG9/$M9,"") -> 0 | Z9: =SUMIFS('4'!C:C,'4'!$A:$A,基础表!$E9,'4'!$B:$B,基础表!$F9) -> 0.168 | AA9: =SUMIFS('4'!D:D,'4'!$A:$A,基础表!$E9,'4'!$B:$B,基础表!$F9) -> 0.088 | AB9: =SUMIFS('4'!E:E,'4'!$A:$A,基础表!$E9,'4'!$B:$B,基础表!$F9) -> 0.167 | AC9: =SUMIFS('4'!F:F,'4'!$A:$A,基础表!$E9,'4'!$B:$B,基础表!$F9) -> 0.078 | AD9: =SUMIFS('4'!G:G,'4'!$A:$A,基础表!$E9,'4'!$B:$B,基础表!$F9) -> 0.128 | AE9: =SUMIFS('4'!H:H,'4'!$A:$A,基础表!$E9,'4'!$B:$B,基础表!$F9) -> 0.103 | AF9: =SUMIFS('4'!I:I,'4'!$A:$A,基础表!$E9,'4'!$B:$B,基础表!$F9) -> 0.058 | AG9: =SUMIFS('4'!J:J,'4'!$A:$A,基础表!$E9,'4'!$B:$B,基础表!$F9) -> 0 | AH9: 0.252 | AI9: 0.343 | AJ9: =AI9-AH9 -> 0.091 | AK9: =SUMIFS('3'!C:C,'3'!$A:$A,基础表!$E9,'3'!$B:$B,基础表!$F9) -> 0.94216867 | AL9: =SUMIFS('3'!D:D,'3'!$A:$A,基础表!$E9,'3'!$B:$B,基础表!$F9) -> 0.98996656 | AM9: =SUMIFS('3'!E:E,'3'!$A:$A,基础表!$E9,'3'!$B:$B,基础表!$F9) -> 0.94047619 | AN9: =SUMIFS('3'!F:F,'3'!$A:$A,基础表!$E9,'3'!$B:$B,基础表!$F9) -> 0.98095238 | AO9: =SUMIFS('3'!G:G,'3'!$A:$A,基础表!$E9,'3'!$B:$B,基础表!$F9) -> 0.96825397 | AP9: =SUMIFS('3'!H:H,'3'!$A:$A,基础表!$E9,'3'!$B:$B,基础表!$F9) -> 1 | AQ9: =SUMIFS('3'!I:I,'3'!$A:$A,基础表!$E9,'3'!$B:$B,基础表!$F9) -> 0.94494048 | AR9: =SUMIFS('3'!M:M,'3'!$K:$K,基础表!$E9,'3'!$L:$L,基础表!$F9) -> 1 | AS9: =SUMIFS('3'!N:N,'3'!$K:$K,基础表!$E9,'3'!$L:$L,基础表!$F9) -> 1
C10: =RANK(D10,$D$5:$D$34)+COUNTIF($D$5:D10,D10)-1 -> 12 | D10: =Q10 -> 0.7508726 | E10: 哈尔滨营业部 | F10: 哈尔滨综合中所 | G10: 1.477 | H10: 2.006 | I10: 2.35 | J10: 0.34272727 | K10: 0.21575758 | L10: 0.45420792 | M10: =SUMIFS('2'!C:C,'2'!$A:$A,基础表!$E10,'2'!$B:$B,基础表!$F10) -> 1.721 | N10: =SUMIFS('2'!D:D,'2'!$A:$A,基础表!$E10,'2'!$B:$B,基础表!$F10) -> 1.564 | O10: =M10/N10-1 -> 0.10038363 | P10: =SUMIFS('2'!F:F,'2'!$A:$A,基础表!$E10,'2'!$B:$B,基础表!$F10) -> 2.292 | Q10: =SUMIFS('2'!G:G,'2'!$A:$A,基础表!$E10,'2'!$B:$B,基础表!$F10) -> 0.7508726 | R10: =IFERROR(Z10/$M10,"") -> 0.15165601 | S10: =IFERROR(AA10/$M10,"") -> 0.10749564 | T10: =IFERROR(AB10/$M10,"") -> 0.14875073 | U10: =IFERROR(AC10/$M10,"") -> 0.13422429 | V10: =IFERROR(AD10/$M10,"") -> 0.14235909 | W10: =IFERROR(AE10/$M10,"") -> 0.15514236 | X10: =IFERROR(AF10/$M10,"") -> 0.16037188 | Y10: =IFERROR(AG10/$M10,"") -> 0 | Z10: =SUMIFS('4'!C:C,'4'!$A:$A,基础表!$E10,'4'!$B:$B,基础表!$F10) -> 0.261 | AA10: =SUMIFS('4'!D:D,'4'!$A:$A,基础表!$E10,'4'!$B:$B,基础表!$F10) -> 0.185 | AB10: =SUMIFS('4'!E:E,'4'!$A:$A,基础表!$E10,'4'!$B:$B,基础表!$F10) -> 0.256 | AC10: =SUMIFS('4'!F:F,'4'!$A:$A,基础表!$E10,'4'!$B:$B,基础表!$F10) -> 0.231 | AD10: =SUMIFS('4'!G:G,'4'!$A:$A,基础表!$E10,'4'!$B:$B,基础表!$F10) -> 0.245 | AE10: =SUMIFS('4'!H:H,'4'!$A:$A,基础表!$E10,'4'!$B:$B,基础表!$F10) -> 0.267 | AF10: =SUMIFS('4'!I:I,'4'!$A:$A,基础表!$E10,'4'!$B:$B,基础表!$F10) -> 0.276 | AG10: =SUMIFS('4'!J:J,'4'!$A:$A,基础表!$E10,'4'!$B:$B,基础表!$F10) -> 0 | AH10: 0.004 | AI10: 0.272 | AJ10: =AI10-AH10 -> 0.268 | AK10: =SUMIFS('3'!C:C,'3'!$A:$A,基础表!$E10,'3'!$B:$B,基础表!$F10) -> 0.92643392 | AL10: =SUMIFS('3'!D:D,'3'!$A:$A,基础表!$E10,'3'!$B:$B,基础表!$F10) -> 0.96271186 | AM10: =SUMIFS('3'!E:E,'3'!$A:$A,基础表!$E10,'3'!$B:$B,基础表!$F10) -> 0.95 | AN10: =SUMIFS('3'!F:F,'3'!$A:$A,基础表!$E10,'3'!$B:$B,基础表!$F10) -> 0.98125 | AO10: =SUMIFS('3'!G:G,'3'!$A:$A,基础表!$E10,'3'!$B:$B,基础表!$F10) -> 0.945 | AP10: =SUMIFS('3'!H:H,'3'!$A:$A,基础表!$E10,'3'!$B:$B,基础表!$F10) -> 1 | AQ10: =SUMIFS('3'!I:I,'3'!$A:$A,基础表!$E10,'3'!$B:$B,基础表!$F10) -> 0.96111111 | AR10: =SUMIFS('3'!M:M,'3'!$K:$K,基础表!$E10,'3'!$L:$L,基础表!$F10) -> 1 | AS10: =SUMIFS('3'!N:N,'3'!$K:$K,基础表!$E10,'3'!$L:$L,基础表!$F10) -> 1
C11: =RANK(D11,$D$5:$D$34)+COUNTIF($D$5:D11,D11)-1 -> 21 | D11: =Q11 -> 0.55237848 | E11: 哈尔滨营业部 | F11: 五常外埠所 | G11: 1.472 | H11: 2.781 | I11: 1.736 | J11: -0.17857143 | K11: -0.13066583 | L11: -0.33127889 | M11: =SUMIFS('2'!C:C,'2'!$A:$A,基础表!$E11,'2'!$B:$B,基础表!$F11) -> 2.125 | N11: =SUMIFS('2'!D:D,'2'!$A:$A,基础表!$E11,'2'!$B:$B,基础表!$F11) -> 3.333 | O11: =M11/N11-1 -> -0.36243624 | P11: =SUMIFS('2'!F:F,'2'!$A:$A,基础表!$E11,'2'!$B:$B,基础表!$F11) -> 3.847 | Q11: =SUMIFS('2'!G:G,'2'!$A:$A,基础表!$E11,'2'!$B:$B,基础表!$F11) -> 0.55237848 | R11: =IFERROR(Z11/$M11,"") -> 0.20141176 | S11: =IFERROR(AA11/$M11,"") -> 0.041411765 | T11: =IFERROR(AB11/$M11,"") -> 0.17694118 | U11: =IFERROR(AC11/$M11,"") -> 0.14682353 | V11: =IFERROR(AD11/$M11,"") -> 0.094117647 | W11: =IFERROR(AE11/$M11,"") -> 0.15905882 | X11: =IFERROR(AF11/$M11,"") -> 0.17270588 | Y11: =IFERROR(AG11/$M11,"") -> 0.0075294118 | Z11: =SUMIFS('4'!C:C,'4'!$A:$A,基础表!$E11,'4'!$B:$B,基础表!$F11) -> 0.428 | AA11: =SUMIFS('4'!D:D,'4'!$A:$A,基础表!$E11,'4'!$B:$B,基础表!$F11) -> 0.088 | AB11: =SUMIFS('4'!E:E,'4'!$A:$A,基础表!$E11,'4'!$B:$B,基础表!$F11) -> 0.376 | AC11: =SUMIFS('4'!F:F,'4'!$A:$A,基础表!$E11,'4'!$B:$B,基础表!$F11) -> 0.312 | AD11: =SUMIFS('4'!G:G,'4'!$A:$A,基础表!$E11,'4'!$B:$B,基础表!$F11) -> 0.2 | AE11: =SUMIFS('4'!H:H,'4'!$A:$A,基础表!$E11,'4'!$B:$B,基础表!$F11) -> 0.338 | AF11: =SUMIFS('4'!I:I,'4'!$A:$A,基础表!$E11,'4'!$B:$B,基础表!$F11) -> 0.367 | AG11: =SUMIFS('4'!J:J,'4'!$A:$A,基础表!$E11,'4'!$B:$B,基础表!$F11) -> 0.016 | AH11: 2.264 | AI11: 1.5 | AJ11: =AI11-AH11 -> -0.764 | AK11: =SUMIFS('3'!C:C,'3'!$A:$A,基础表!$E11,'3'!$B:$B,基础表!$F11) -> 0.26489227 | AL11: =SUMIFS('3'!D:D,'3'!$A:$A,基础表!$E11,'3'!$B:$B,基础表!$F11) -> 0.68882466 | AM11: =SUMIFS('3'!E:E,'3'!$A:$A,基础表!$E11,'3'!$B:$B,基础表!$F11) -> 0.26854802 | AN11: =SUMIFS('3'!F:F,'3'!$A:$A,基础表!$E11,'3'!$B:$B,基础表!$F11) -> 0.39384615 | AO11: =SUMIFS('3'!G:G,'3'!$A:$A,基础表!$E11,'3'!$B:$B,基础表!$F11) -> 0.29024081 | AP11: =SUMIFS('3'!H:H,'3'!$A:$A,基础表!$E11,'3'!$B:$B,基础表!$F11) -> 0.45846154 | AQ11: =SUMIFS('3'!I:I,'3'!$A:$A,基础表!$E11,'3'!$B:$B,基础表!$F11) -> 0.47701411 | AR11: =SUMIFS('3'!M:M,'3'!$K:$K,基础表!$E11,'3'!$L:$L,基础表!$F11) -> 1 | AS11: =SUMIFS('3'!N:N,'3'!$K:$K,基础表!$E11,'3'!$L:$L,基础表!$F11) -> 1
A12: =RANK(B12,$B$12:$B$34) -> 1 | B12: =Q12 -> 0.80467949 | E12: 哈尔滨营业部 | F12: 结果 | G12: 7.418 | H12: 13.181 | I12: 9.871 | J12: -0.1263691 | K12: 0.089068826 | L12: 0.016371499 | M12: =SUMIFS('2'!C:C,'2'!$A:$A,基础表!$E12,'2'!$B:$B,基础表!$F12) -> 12.553 | N12: =SUMIFS('2'!D:D,'2'!$A:$A,基础表!$E12,'2'!$B:$B,基础表!$F12) -> 13.695 | O12: =M12/N12-1 -> -0.083388098 | P12: =SUMIFS('2'!F:F,'2'!$A:$A,基础表!$E12,'2'!$B:$B,基础表!$F12) -> 15.6 | Q12: =SUMIFS('2'!G:G,'2'!$A:$A,基础表!$E12,'2'!$B:$B,基础表!$F12) -> 0.80467949 | R12: =IFERROR(Z12/$M12,"") -> 0.10626942 | S12: =IFERROR(AA12/$M12,"") -> 0.068111208 | T12: =IFERROR(AB12/$M12,"") -> 0.1442683 | U12: =IFERROR(AC12/$M12,"") -> 0.093364136 | V12: =IFERROR(AD12/$M12,"") -> 0.23213574 | W12: =IFERROR(AE12/$M12,"") -> 0.13311559 | X12: =IFERROR(AF12/$M12,"") -> 0.10117103 | Y12: =IFERROR(AG12/$M12,"") -> 0.12156457 | Z12: =SUMIFS('4'!C:C,'4'!$A:$A,基础表!$E12,'4'!$B:$B,基础表!$F12) -> 1.334 | AA12: =SUMIFS('4'!D:D,'4'!$A:$A,基础表!$E12,'4'!$B:$B,基础表!$F12) -> 0.855 | AB12: =SUMIFS('4'!E:E,'4'!$A:$A,基础表!$E12,'4'!$B:$B,基础表!$F12) -> 1.811 | AC12: =SUMIFS('4'!F:F,'4'!$A:$A,基础表!$E12,'4'!$B:$B,基础表!$F12) -> 1.172 | AD12: =SUMIFS('4'!G:G,'4'!$A:$A,基础表!$E12,'4'!$B:$B,基础表!$F12) -> 2.914 | AE12: =SUMIFS('4'!H:H,'4'!$A:$A,基础表!$E12,'4'!$B:$B,基础表!$F12) -> 1.671 | AF12: =SUMIFS('4'!I:I,'4'!$A:$A,基础表!$E12,'4'!$B:$B,基础表!$F12) -> 1.27 | AG12: =SUMIFS('4'!J:J,'4'!$A:$A,基础表!$E12,'4'!$B:$B,基础表!$F12) -> 1.526 | AH12: 5.52 | AI12: =SUM(AI5:AI11) -> 4.661 | AJ12: =AI12-AH12 -> -0.859 | AK12: =SUMIFS('3'!C:C,'3'!$A:$A,基础表!$E12,'3'!$B:$B,基础表!$F12) -> 0.68914363 | AL12: =SUMIFS('3'!D:D,'3'!$A:$A,基础表!$E12,'3'!$B:$B,基础表!$F12) -> 0.88612786 | AM12: =SUMIFS('3'!E:E,'3'!$A:$A,基础表!$E12,'3'!$B:$B,基础表!$F12) -> 0.69594671 | AN12: =SUMIFS('3'!F:F,'3'!$A:$A,基础表!$E12,'3'!$B:$B,基础表!$F12) -> 0.78529412 | AO12: =SUMIFS('3'!G:G,'3'!$A:$A,基础表!$E12,'3'!$B:$B,基础表!$F12) -> 0.70954638 | AP12: =SUMIFS('3'!H:H,'3'!$A:$A,基础表!$E12,'3'!$B:$B,基础表!$F12) -> 0.79819955 | AQ12: =SUMIFS('3'!I:I,'3'!$A:$A,基础表!$E12,'3'!$B:$B,基础表!$F12) -> 0.78062549 | AR12: =SUMIFS('3'!M:M,'3'!$K:$K,基础表!$E12,'3'!$L:$L,基础表!$F12) -> 0.97324415 | AS12: =SUMIFS('3'!N:N,'3'!$K:$K,基础表!$E12,'3'!$L:$L,基础表!$F12) -> 0.98662207
C13: =RANK(D13,$D$5:$D$34)+COUNTIF($D$5:D13,D13)-1 -> 24 | D13: =Q13 -> 0.45766129 | E13: 黑东营业部 | F13: 鹤岗城区所 | G13: 0.24 | H13: 0.645 | I13: 0.388 | J13: -0.32394366 | K13: -0.30420712 | L13: -0.037220844 | M13: =SUMIFS('2'!C:C,'2'!$A:$A,基础表!$E13,'2'!$B:$B,基础表!$F13) -> 0.227 | N13: =SUMIFS('2'!D:D,'2'!$A:$A,基础表!$E13,'2'!$B:$B,基础表!$F13) -> 0.501 | O13: =M13/N13-1 -> -0.54690619 | P13: =SUMIFS('2'!F:F,'2'!$A:$A,基础表!$E13,'2'!$B:$B,基础表!$F13) -> 0.496 | Q13: =SUMIFS('2'!G:G,'2'!$A:$A,基础表!$E13,'2'!$B:$B,基础表!$F13) -> 0.45766129 | R13: =IFERROR(Z13/$M13,"") -> 0.26431718 | S13: =IFERROR(AA13/$M13,"") -> 0.092511013 | T13: =IFERROR(AB13/$M13,"") -> 0.057268722 | U13: =IFERROR(AC13/$M13,"") -> 0.066079295 | V13: =IFERROR(AD13/$M13,"") -> 0.092511013 | W13: =IFERROR(AE13/$M13,"") -> 0.33039648 | X13: =IFERROR(AF13/$M13,"") -> 0.0969163 | Y13: =IFERROR(AG13/$M13,"") -> 0 | Z13: =SUMIFS('4'!C:C,'4'!$A:$A,基础表!$E13,'4'!$B:$B,基础表!$F13) -> 0.06 | AA13: =SUMIFS('4'!D:D,'4'!$A:$A,基础表!$E13,'4'!$B:$B,基础表!$F13) -> 0.021 | AB13: =SUMIFS('4'!E:E,'4'!$A:$A,基础表!$E13,'4'!$B:$B,基础表!$F13) -> 0.013 | AC13: =SUMIFS('4'!F:F,'4'!$A:$A,基础表!$E13,'4'!$B:$B,基础表!$F13) -> 0.015 | AD13: =SUMIFS('4'!G:G,'4'!$A:$A,基础表!$E13,'4'!$B:$B,基础表!$F13) -> 0.021 | AE13: =SUMIFS('4'!H:H,'4'!$A:$A,基础表!$E13,'4'!$B:$B,基础表!$F13) -> 0.075 | AF13: =SUMIFS('4'!I:I,'4'!$A:$A,基础表!$E13,'4'!$B:$B,基础表!$F13) -> 0.022 | AG13: =SUMIFS('4'!J:J,'4'!$A:$A,基础表!$E13,'4'!$B:$B,基础表!$F13) -> 0 | AH13: 0.453 | AI13: 0.497 | AJ13: =AI13-AH13 -> 0.044 | AK13: =SUMIFS('3'!C:C,'3'!$A:$A,基础表!$E13,'3'!$B:$B,基础表!$F13) -> 0.24313725 | AL13: =SUMIFS('3'!D:D,'3'!$A:$A,基础表!$E13,'3'!$B:$B,基础表!$F13) -> 0.93920973 | AM13: =SUMIFS('3'!E:E,'3'!$A:$A,基础表!$E13,'3'!$B:$B,基础表!$F13) -> 0.22762951 | AN13: =SUMIFS('3'!F:F,'3'!$A:$A,基础表!$E13,'3'!$B:$B,基础表!$F13) -> 0.52542373 | AO13: =SUMIFS('3'!G:G,'3'!$A:$A,基础表!$E13,'3'!$B:$B,基础表!$F13) -> 0.23913043 | AP13: =SUMIFS('3'!H:H,'3'!$A:$A,基础表!$E13,'3'!$B:$B,基础表!$F13) -> 0.47457627 | AQ13: =SUMIFS('3'!I:I,'3'!$A:$A,基础表!$E13,'3'!$B:$B,基础表!$F13) -> 0.59811617 | AR13: =SUMIFS('3'!M:M,'3'!$K:$K,基础表!$E13,'3'!$L:$L,基础表!$F13) -> 0.95 | AS13: =SUMIFS('3'!N:N,'3'!$K:$K,基础表!$E13,'3'!$L:$L,基础表!$F13) -> 0.95
C14: =RANK(D14,$D$5:$D$34)+COUNTIF($D$5:D14,D14)-1 -> 19 | D14: =Q14 -> 0.5959507 | E14: 黑东营业部 | F14: 鸡西城区所 | G14: 0.833 | H14: 0.937 | I14: 1.06 | J14: -0.022300469 | K14: -0.021920668 | L14: -0.048473968 | M14: =SUMIFS('2'!C:C,'2'!$A:$A,基础表!$E14,'2'!$B:$B,基础表!$F14) -> 0.677 | N14: =SUMIFS('2'!D:D,'2'!$A:$A,基础表!$E14,'2'!$B:$B,基础表!$F14) -> 1.05 | O14: =M14/N14-1 -> -0.3552381 | P14: =SUMIFS('2'!F:F,'2'!$A:$A,基础表!$E14,'2'!$B:$B,基础表!$F14) -> 1.136 | Q14: =SUMIFS('2'!G:G,'2'!$A:$A,基础表!$E14,'2'!$B:$B,基础表!$F14) -> 0.5959507 | R14: =IFERROR(Z14/$M14,"") -> 0.25849335 | S14: =IFERROR(AA14/$M14,"") -> 0.094534712 | T14: =IFERROR(AB14/$M14,"") -> 0.067946824 | U14: =IFERROR(AC14/$M14,"") -> 0.069423929 | V14: =IFERROR(AD14/$M14,"") -> 0.16248154 | W14: =IFERROR(AE14/$M14,"") -> 0.11078287 | X14: =IFERROR(AF14/$M14,"") -> 0.23633678 | Y14: =IFERROR(AG14/$M14,"") -> 0 | Z14: =SUMIFS('4'!C:C,'4'!$A:$A,基础表!$E14,'4'!$B:$B,基础表!$F14) -> 0.175 | AA14: =SUMIFS('4'!D:D,'4'!$A:$A,基础表!$E14,'4'!$B:$B,基础表!$F14) -> 0.064 | AB14: =SUMIFS('4'!E:E,'4'!$A:$A,基础表!$E14,'4'!$B:$B,基础表!$F14) -> 0.046 | AC14: =SUMIFS('4'!F:F,'4'!$A:$A,基础表!$E14,'4'!$B:$B,基础表!$F14) -> 0.047 | AD14: =SUMIFS('4'!G:G,'4'!$A:$A,基础表!$E14,'4'!$B:$B,基础表!$F14) -> 0.11 | AE14: =SUMIFS('4'!H:H,'4'!$A:$A,基础表!$E14,'4'!$B:$B,基础表!$F14) -> 0.075 | AF14: =SUMIFS('4'!I:I,'4'!$A:$A,基础表!$E14,'4'!$B:$B,基础表!$F14) -> 0.16 | AG14: =SUMIFS('4'!J:J,'4'!$A:$A,基础表!$E14,'4'!$B:$B,基础表!$F14) -> 0 | AH14: 1.393 | AI14: 1.246 | AJ14: =AI14-AH14 -> -0.147 | AK14: =SUMIFS('3'!C:C,'3'!$A:$A,基础表!$E14,'3'!$B:$B,基础表!$F14) -> 0.25943396 | AL14: =SUMIFS('3'!D:D,'3'!$A:$A,基础表!$E14,'3'!$B:$B,基础表!$F14) -> 0.8721174 | AM14: =SUMIFS('3'!E:E,'3'!$A:$A,基础表!$E14,'3'!$B:$B,基础表!$F14) -> 0.28488372 | AN14: =SUMIFS('3'!F:F,'3'!$A:$A,基础表!$E14,'3'!$B:$B,基础表!$F14) -> 0.47222222 | AO14: =SUMIFS('3'!G:G,'3'!$A:$A,基础表!$E14,'3'!$B:$B,基础表!$F14) -> 0.29976303 | AP14: =SUMIFS('3'!H:H,'3'!$A:$A,基础表!$E14,'3'!$B:$B,基础表!$F14) -> 0.40186916 | AQ14: =SUMIFS('3'!I:I,'3'!$A:$A,基础表!$E14,'3'!$B:$B,基础表!$F14) -> 0.5589701 | AR14: =SUMIFS('3'!M:M,'3'!$K:$K,基础表!$E14,'3'!$L:$L,基础表!$F14) -> 1 | AS14: =SUMIFS('3'!N:N,'3'!$K:$K,基础表!$E14,'3'!$L:$L,基础表!$F14) -> 1
C15: =RANK(D15,$D$5:$D$34)+COUNTIF($D$5:D15,D15)-1 -> 20 | D15: =Q15 -> 0.56851312 | E15: 黑东营业部 | F15: 佳木斯城区所 | G15: 0.527 | H15: 0.914 | I15: 0.423 | J15: -0.18547141 | K15: -0.0043572985 | L15: -0.2181146 | M15: =SUMIFS('2'!C:C,'2'!$A:$A,基础表!$E15,'2'!$B:$B,基础表!$F15) -> 0.39 | N15: =SUMIFS('2'!D:D,'2'!$A:$A,基础表!$E15,'2'!$B:$B,基础表!$F15) -> 0.728 | O15: =M15/N15-1 -> -0.46428571 | P15: =SUMIFS('2'!F:F,'2'!$A:$A,基础表!$E15,'2'!$B:$B,基础表!$F15) -> 0.686 | Q15: =SUMIFS('2'!G:G,'2'!$A:$A,基础表!$E15,'2'!$B:$B,基础表!$F15) -> 0.56851312 | R15: =IFERROR(Z15/$M15,"") -> 0.30769231 | S15: =IFERROR(AA15/$M15,"") -> 0.097435897 | T15: =IFERROR(AB15/$M15,"") -> 0.11538462 | U15: =IFERROR(AC15/$M15,"") -> 0.08974359 | V15: =IFERROR(AD15/$M15,"") -> 0.084615385 | W15: =IFERROR(AE15/$M15,"") -> 0.24102564 | X15: =IFERROR(AF15/$M15,"") -> 0.064102564 | Y15: =IFERROR(AG15/$M15,"") -> 0 | Z15: =SUMIFS('4'!C:C,'4'!$A:$A,基础表!$E15,'4'!$B:$B,基础表!$F15) -> 0.12 | AA15: =SUMIFS('4'!D:D,'4'!$A:$A,基础表!$E15,'4'!$B:$B,基础表!$F15) -> 0.038 | AB15: =SUMIFS('4'!E:E,'4'!$A:$A,基础表!$E15,'4'!$B:$B,基础表!$F15) -> 0.045 | AC15: =SUMIFS('4'!F:F,'4'!$A:$A,基础表!$E15,'4'!$B:$B,基础表!$F15) -> 0.035 | AD15: =SUMIFS('4'!G:G,'4'!$A:$A,基础表!$E15,'4'!$B:$B,基础表!$F15) -> 0.033 | AE15: =SUMIFS('4'!H:H,'4'!$A:$A,基础表!$E15,'4'!$B:$B,基础表!$F15) -> 0.094 | AF15: =SUMIFS('4'!I:I,'4'!$A:$A,基础表!$E15,'4'!$B:$B,基础表!$F15) -> 0.025 | AG15: =SUMIFS('4'!J:J,'4'!$A:$A,基础表!$E15,'4'!$B:$B,基础表!$F15) -> 0 | AH15: 1.191 | AI15: 0.959 | AJ15: =AI15-AH15 -> -0.232 | AK15: =SUMIFS('3'!C:C,'3'!$A:$A,基础表!$E15,'3'!$B:$B,基础表!$F15) -> 0.081210191 | AL15: =SUMIFS('3'!D:D,'3'!$A:$A,基础表!$E15,'3'!$B:$B,基础表!$F15) -> 0.60373444 | AM15: =SUMIFS('3'!E:E,'3'!$A:$A,基础表!$E15,'3'!$B:$B,基础表!$F15) -> 0.1049896 | AN15: =SUMIFS('3'!F:F,'3'!$A:$A,基础表!$E15,'3'!$B:$B,基础表!$F15) -> 0.37190083 | AO15: =SUMIFS('3'!G:G,'3'!$A:$A,基础表!$E15,'3'!$B:$B,基础表!$F15) -> 0.17666126 | AP15: =SUMIFS('3'!H:H,'3'!$A:$A,基础表!$E15,'3'!$B:$B,基础表!$F15) -> 0.16806723 | AQ15: =SUMIFS('3'!I:I,'3'!$A:$A,基础表!$E15,'3'!$B:$B,基础表!$F15) -> 0.38773389 | AR15: =SUMIFS('3'!M:M,'3'!$K:$K,基础表!$E15,'3'!$L:$L,基础表!$F15) -> 0.72881356 | AS15: =SUMIFS('3'!N:N,'3'!$K:$K,基础表!$E15,'3'!$L:$L,基础表!$F15) -> 1
C16: =RANK(D16,$D$5:$D$34)+COUNTIF($D$5:D16,D16)-1 -> 7 | D16: =Q16 -> 0.85963214 | E16: 黑东营业部 | F16: 牡丹江城区所 | G16: 1.6 | H16: 2.07 | I16: 1.736 | J16: -0.050445104 | K16: -0.018957346 | L16: -0.048245614 | M16: =SUMIFS('2'!C:C,'2'!$A:$A,基础表!$E16,'2'!$B:$B,基础表!$F16) -> 1.776 | N16: =SUMIFS('2'!D:D,'2'!$A:$A,基础表!$E16,'2'!$B:$B,基础表!$F16) -> 2.292 | O16: =M16/N16-1 -> -0.22513089 | P16: =SUMIFS('2'!F:F,'2'!$A:$A,基础表!$E16,'2'!$B:$B,基础表!$F16) -> 2.066 | Q16: =SUMIFS('2'!G:G,'2'!$A:$A,基础表!$E16,'2'!$B:$B,基础表!$F16) -> 0.85963214 | R16: =IFERROR(Z16/$M16,"") -> 0.12105856 | S16: =IFERROR(AA16/$M16,"") -> 0.12894144 | T16: =IFERROR(AB16/$M16,"") -> 0.16722973 | U16: =IFERROR(AC16/$M16,"") -> 0.14301802 | V16: =IFERROR(AD16/$M16,"") -> 0.13626126 | W16: =IFERROR(AE16/$M16,"") -> 0.15371622 | X16: =IFERROR(AF16/$M16,"") -> 0.14977477 | Y16: =IFERROR(AG16/$M16,"") -> 0 | Z16: =SUMIFS('4'!C:C,'4'!$A:$A,基础表!$E16,'4'!$B:$B,基础表!$F16) -> 0.215 | AA16: =SUMIFS('4'!D:D,'4'!$A:$A,基础表!$E16,'4'!$B:$B,基础表!$F16) -> 0.229 | AB16: =SUMIFS('4'!E:E,'4'!$A:$A,基础表!$E16,'4'!$B:$B,基础表!$F16) -> 0.297 | AC16: =SUMIFS('4'!F:F,'4'!$A:$A,基础表!$E16,'4'!$B:$B,基础表!$F16) -> 0.254 | AD16: =SUMIFS('4'!G:G,'4'!$A:$A,基础表!$E16,'4'!$B:$B,基础表!$F16) -> 0.242 | AE16: =SUMIFS('4'!H:H,'4'!$A:$A,基础表!$E16,'4'!$B:$B,基础表!$F16) -> 0.273 | AF16: =SUMIFS('4'!I:I,'4'!$A:$A,基础表!$E16,'4'!$B:$B,基础表!$F16) -> 0.266 | AG16: =SUMIFS('4'!J:J,'4'!$A:$A,基础表!$E16,'4'!$B:$B,基础表!$F16) -> 0 | AH16: 1.488 | AI16: 1.4385 | AJ16: =AI16-AH16 -> -0.0495 | AK16: =SUMIFS('3'!C:C,'3'!$A:$A,基础表!$E16,'3'!$B:$B,基础表!$F16) -> 0.49433107 | AL16: =SUMIFS('3'!D:D,'3'!$A:$A,基础表!$E16,'3'!$B:$B,基础表!$F16) -> 0.82903226 | AM16: =SUMIFS('3'!E:E,'3'!$A:$A,基础表!$E16,'3'!$B:$B,基础表!$F16) -> 0.6526114 | AN16: =SUMIFS('3'!F:F,'3'!$A:$A,基础表!$E16,'3'!$B:$B,基础表!$F16) -> 0.64166667 | AO16: =SUMIFS('3'!G:G,'3'!$A:$A,基础表!$E16,'3'!$B:$B,基础表!$F16) -> 0.56793893 | AP16: =SUMIFS('3'!H:H,'3'!$A:$A,基础表!$E16,'3'!$B:$B,基础表!$F16) -> 0.53389831 | AQ16: =SUMIFS('3'!I:I,'3'!$A:$A,基础表!$E16,'3'!$B:$B,基础表!$F16) -> 0.77192142 | AR16: =SUMIFS('3'!M:M,'3'!$K:$K,基础表!$E16,'3'!$L:$L,基础表!$F16) -> 0.90163934 | AS16: =SUMIFS('3'!N:N,'3'!$K:$K,基础表!$E16,'3'!$L:$L,基础表!$F16) -> 1
C17: =RANK(D17,$D$5:$D$34)+COUNTIF($D$5:D17,D17)-1 -> 6 | D17: =Q17 -> 0.86012365 | E17: 黑东营业部 | F17: 七台河外埠所 | G17: 1.9 | H17: 2.687 | I17: 1.742 | J17: -0.038947901 | K17: 0.027140673 | L17: 0.0069364162 | M17: =SUMIFS('2'!C:C,'2'!$A:$A,基础表!$E17,'2'!$B:$B,基础表!$F17) -> 2.226 | N17: =SUMIFS('2'!D:D,'2'!$A:$A,基础表!$E17,'2'!$B:$B,基础表!$F17) -> 2.739 | O17: =M17/N17-1 -> -0.18729463 | P17: =SUMIFS('2'!F:F,'2'!$A:$A,基础表!$E17,'2'!$B:$B,基础表!$F17) -> 2.588 | Q17: =SUMIFS('2'!G:G,'2'!$A:$A,基础表!$E17,'2'!$B:$B,基础表!$F17) -> 0.86012365 | R17: =IFERROR(Z17/$M17,"") -> 0.19811321 | S17: =IFERROR(AA17/$M17,"") -> 0.14285714 | T17: =IFERROR(AB17/$M17,"") -> 0.17250674 | U17: =IFERROR(AC17/$M17,"") -> 0.11904762 | V17: =IFERROR(AD17/$M17,"") -> 0.14061096 | W17: =IFERROR(AE17/$M17,"") -> 0.1163522 | X17: =IFERROR(AF17/$M17,"") -> 0.11051213 | Y17: =IFERROR(AG17/$M17,"") -> 0 | Z17: =SUMIFS('4'!C:C,'4'!$A:$A,基础表!$E17,'4'!$B:$B,基础表!$F17) -> 0.441 | AA17: =SUMIFS('4'!D:D,'4'!$A:$A,基础表!$E17,'4'!$B:$B,基础表!$F17) -> 0.318 | AB17: =SUMIFS('4'!E:E,'4'!$A:$A,基础表!$E17,'4'!$B:$B,基础表!$F17) -> 0.384 | AC17: =SUMIFS('4'!F:F,'4'!$A:$A,基础表!$E17,'4'!$B:$B,基础表!$F17) -> 0.265 | AD17: =SUMIFS('4'!G:G,'4'!$A:$A,基础表!$E17,'4'!$B:$B,基础表!$F17) -> 0.313 | AE17: =SUMIFS('4'!H:H,'4'!$A:$A,基础表!$E17,'4'!$B:$B,基础表!$F17) -> 0.259 | AF17: =SUMIFS('4'!I:I,'4'!$A:$A,基础表!$E17,'4'!$B:$B,基础表!$F17) -> 0.246 | AG17: =SUMIFS('4'!J:J,'4'!$A:$A,基础表!$E17,'4'!$B:$B,基础表!$F17) -> 0 | AH17: 2.814 | AI17: 2.401 | AJ17: =AI17-AH17 -> -0.413 | AK17: =SUMIFS('3'!C:C,'3'!$A:$A,基础表!$E17,'3'!$B:$B,基础表!$F17) -> 0.24901961 | AL17: =SUMIFS('3'!D:D,'3'!$A:$A,基础表!$E17,'3'!$B:$B,基础表!$F17) -> 0.64278982 | AM17: =SUMIFS('3'!E:E,'3'!$A:$A,基础表!$E17,'3'!$B:$B,基础表!$F17) -> 0.25911252 | AN17: =SUMIFS('3'!F:F,'3'!$A:$A,基础表!$E17,'3'!$B:$B,基础表!$F17) -> 0.56 | AO17: =SUMIFS('3'!G:G,'3'!$A:$A,基础表!$E17,'3'!$B:$B,基础表!$F17) -> 0.29583058 | AP17: =SUMIFS('3'!H:H,'3'!$A:$A,基础表!$E17,'3'!$B:$B,基础表!$F17) -> 0.45333333 | AQ17: =SUMIFS('3'!I:I,'3'!$A:$A,基础表!$E17,'3'!$B:$B,基础表!$F17) -> 0.46156894 | AR17: =SUMIFS('3'!M:M,'3'!$K:$K,基础表!$E17,'3'!$L:$L,基础表!$F17) -> 0.71875 | AS17: =SUMIFS('3'!N:N,'3'!$K:$K,基础表!$E17,'3'!$L:$L,基础表!$F17) -> 1
C18: =RANK(D18,$D$5:$D$34)+COUNTIF($D$5:D18,D18)-1 -> 5 | D18: =Q18 -> 0.86046512 | E18: 黑东营业部 | F18: 双鸭山城区所 | G18: 0.391 | H18: 0.525 | I18: 0.379 | J18: -0.34285714 | K18: -0.30278884 | L18: -0.047738693 | M18: =SUMIFS('2'!C:C,'2'!$A:$A,基础表!$E18,'2'!$B:$B,基础表!$F18) -> 0.444 | N18: =SUMIFS('2'!D:D,'2'!$A:$A,基础表!$E18,'2'!$B:$B,基础表!$F18) -> 0.511 | O18: =M18/N18-1 -> -0.13111546 | P18: =SUMIFS('2'!F:F,'2'!$A:$A,基础表!$E18,'2'!$B:$B,基础表!$F18) -> 0.516 | Q18: =SUMIFS('2'!G:G,'2'!$A:$A,基础表!$E18,'2'!$B:$B,基础表!$F18) -> 0.86046512 | R18: =IFERROR(Z18/$M18,"") -> 0.25 | S18: =IFERROR(AA18/$M18,"") -> 0.1463964 | T18: =IFERROR(AB18/$M18,"") -> 0.078828829 | U18: =IFERROR(AC18/$M18,"") -> 0.16891892 | V18: =IFERROR(AD18/$M18,"") -> 0.13513514 | W18: =IFERROR(AE18/$M18,"") -> 0.1509009 | X18: =IFERROR(AF18/$M18,"") -> 0.06981982 | Y18: =IFERROR(AG18/$M18,"") -> 0 | Z18: =SUMIFS('4'!C:C,'4'!$A:$A,基础表!$E18,'4'!$B:$B,基础表!$F18) -> 0.111 | AA18: =SUMIFS('4'!D:D,'4'!$A:$A,基础表!$E18,'4'!$B:$B,基础表!$F18) -> 0.065 | AB18: =SUMIFS('4'!E:E,'4'!$A:$A,基础表!$E18,'4'!$B:$B,基础表!$F18) -> 0.035 | AC18: =SUMIFS('4'!F:F,'4'!$A:$A,基础表!$E18,'4'!$B:$B,基础表!$F18) -> 0.075 | AD18: =SUMIFS('4'!G:G,'4'!$A:$A,基础表!$E18,'4'!$B:$B,基础表!$F18) -> 0.06 | AE18: =SUMIFS('4'!H:H,'4'!$A:$A,基础表!$E18,'4'!$B:$B,基础表!$F18) -> 0.067 | AF18: =SUMIFS('4'!I:I,'4'!$A:$A,基础表!$E18,'4'!$B:$B,基础表!$F18) -> 0.031 | AG18: =SUMIFS('4'!J:J,'4'!$A:$A,基础表!$E18,'4'!$B:$B,基础表!$F18) -> 0 | AH18: 0.468 | AI18: 0.418 | AJ18: =AI18-AH18 -> -0.05 | AK18: =SUMIFS('3'!C:C,'3'!$A:$A,基础表!$E18,'3'!$B:$B,基础表!$F18) -> 0.16019417 | AL18: =SUMIFS('3'!D:D,'3'!$A:$A,基础表!$E18,'3'!$B:$B,基础表!$F18) -> 0.76949153 | AM18: =SUMIFS('3'!E:E,'3'!$A:$A,基础表!$E18,'3'!$B:$B,基础表!$F18) -> 0.24382208 | AN18: =SUMIFS('3'!F:F,'3'!$A:$A,基础表!$E18,'3'!$B:$B,基础表!$F18) -> 0.37349398 | AO18: =SUMIFS('3'!G:G,'3'!$A:$A,基础表!$E18,'3'!$B:$B,基础表!$F18) -> 0.30170316 | AP18: =SUMIFS('3'!H:H,'3'!$A:$A,基础表!$E18,'3'!$B:$B,基础表!$F18) -> 0.22222222 | AQ18: =SUMIFS('3'!I:I,'3'!$A:$A,基础表!$E18,'3'!$B:$B,基础表!$F18) -> 0.53377265 | AR18: =SUMIFS('3'!M:M,'3'!$K:$K,基础表!$E18,'3'!$L:$L,基础表!$F18) -> 0.90625 | AS18: =SUMIFS('3'!N:N,'3'!$K:$K,基础表!$E18,'3'!$L:$L,基础表!$F18) -> 1
C19: =RANK(D19,$D$5:$D$34)+COUNTIF($D$5:D19,D19)-1 -> 14 | D19: =Q19 -> 0.73548922 | E19: 黑东营业部 | F19: 双鸭山外埠所 | G19: 1.287 | H19: 2.63 | I19: 1.901 | J19: -0.070086705 | K19: 0.093100582 | L19: -0.04759519 | M19: =SUMIFS('2'!C:C,'2'!$A:$A,基础表!$E19,'2'!$B:$B,基础表!$F19) -> 1.774 | N19: =SUMIFS('2'!D:D,'2'!$A:$A,基础表!$E19,'2'!$B:$B,基础表!$F19) -> 2.187 | O19: =M19/N19-1 -> -0.18884316 | P19: =SUMIFS('2'!F:F,'2'!$A:$A,基础表!$E19,'2'!$B:$B,基础表!$F19) -> 2.412 | Q19: =SUMIFS('2'!G:G,'2'!$A:$A,基础表!$E19,'2'!$B:$B,基础表!$F19) -> 0.73548922 | R19: =IFERROR(Z19/$M19,"") -> 0.20124014 | S19: =IFERROR(AA19/$M19,"") -> 0.1048478 | T19: =IFERROR(AB19/$M19,"") -> 0.15614431 | U19: =IFERROR(AC19/$M19,"") -> 0.090755355 | V19: =IFERROR(AD19/$M19,"") -> 0.10710259 | W19: =IFERROR(AE19/$M19,"") -> 0.1854566 | X19: =IFERROR(AF19/$M19,"") -> 0.15445321 | Y19: =IFERROR(AG19/$M19,"") -> 0 | Z19: =SUMIFS('4'!C:C,'4'!$A:$A,基础表!$E19,'4'!$B:$B,基础表!$F19) -> 0.357 | AA19: =SUMIFS('4'!D:D,'4'!$A:$A,基础表!$E19,'4'!$B:$B,基础表!$F19) -> 0.186 | AB19: =SUMIFS('4'!E:E,'4'!$A:$A,基础表!$E19,'4'!$B:$B,基础表!$F19) -> 0.277 | AC19: =SUMIFS('4'!F:F,'4'!$A:$A,基础表!$E19,'4'!$B:$B,基础表!$F19) -> 0.161 | AD19: =SUMIFS('4'!G:G,'4'!$A:$A,基础表!$E19,'4'!$B:$B,基础表!$F19) -> 0.19 | AE19: =SUMIFS('4'!H:H,'4'!$A:$A,基础表!$E19,'4'!$B:$B,基础表!$F19) -> 0.329 | AF19: =SUMIFS('4'!I:I,'4'!$A:$A,基础表!$E19,'4'!$B:$B,基础表!$F19) -> 0.274 | AG19: =SUMIFS('4'!J:J,'4'!$A:$A,基础表!$E19,'4'!$B:$B,基础表!$F19) -> 0 | AH19: 3.036 | AI19: 2.718 | AJ19: =AI19-AH19 -> -0.318 | AK19: =SUMIFS('3'!C:C,'3'!$A:$A,基础表!$E19,'3'!$B:$B,基础表!$F19) -> 0.28844884 | AL19: =SUMIFS('3'!D:D,'3'!$A:$A,基础表!$E19,'3'!$B:$B,基础表!$F19) -> 0.69714286 | AM19: =SUMIFS('3'!E:E,'3'!$A:$A,基础表!$E19,'3'!$B:$B,基础表!$F19) -> 0.32341001 | AN19: =SUMIFS('3'!F:F,'3'!$A:$A,基础表!$E19,'3'!$B:$B,基础表!$F19) -> 0.79527559 | AO19: =SUMIFS('3'!G:G,'3'!$A:$A,基础表!$E19,'3'!$B:$B,基础表!$F19) -> 0.40212342 | AP19: =SUMIFS('3'!H:H,'3'!$A:$A,基础表!$E19,'3'!$B:$B,基础表!$F19) -> 0.62992126 | AQ19: =SUMIFS('3'!I:I,'3'!$A:$A,基础表!$E19,'3'!$B:$B,基础表!$F19) -> 0.49706811 | AR19: =SUMIFS('3'!M:M,'3'!$K:$K,基础表!$E19,'3'!$L:$L,基础表!$F19) -> 0.77777778 | AS19: =SUMIFS('3'!N:N,'3'!$K:$K,基础表!$E19,'3'!$L:$L,基础表!$F19) -> 1
A20: =RANK(B20,$B$12:$B$34) -> 3 | B20: =Q20 -> 0.7589899 | E20: 黑东营业部 | F20: 结果 | G20: 6.778 | H20: 10.418 | I20: 7.794 | J20: -0.099508436 | K20: -0.026718984 | L20: -0.050207165 | M20: =SUMIFS('2'!C:C,'2'!$A:$A,基础表!$E20,'2'!$B:$B,基础表!$F20) -> 7.514 | N20: =SUMIFS('2'!D:D,'2'!$A:$A,基础表!$E20,'2'!$B:$B,基础表!$F20) -> 10.028 | O20: =M20/N20-1 -> -0.25069805 | P20: =SUMIFS('2'!F:F,'2'!$A:$A,基础表!$E20,'2'!$B:$B,基础表!$F20) -> 9.9 | Q20: =SUMIFS('2'!G:G,'2'!$A:$A,基础表!$E20,'2'!$B:$B,基础表!$F20) -> 0.7589899 | R20: =IFERROR(Z20/$M20,"") -> 0.19683258 | S20: =IFERROR(AA20/$M20,"") -> 0.1225712 | T20: =IFERROR(AB20/$M20,"") -> 0.14599414 | U20: =IFERROR(AC20/$M20,"") -> 0.11338834 | V20: =IFERROR(AD20/$M20,"") -> 0.12895928 | W20: =IFERROR(AE20/$M20,"") -> 0.15597551 | X20: =IFERROR(AF20/$M20,"") -> 0.13627895 | Y20: =IFERROR(AG20/$M20,"") -> 0 | Z20: =SUMIFS('4'!C:C,'4'!$A:$A,基础表!$E20,'4'!$B:$B,基础表!$F20) -> 1.479 | AA20: =SUMIFS('4'!D:D,'4'!$A:$A,基础表!$E20,'4'!$B:$B,基础表!$F20) -> 0.921 | AB20: =SUMIFS('4'!E:E,'4'!$A:$A,基础表!$E20,'4'!$B:$B,基础表!$F20) -> 1.097 | AC20: =SUMIFS('4'!F:F,'4'!$A:$A,基础表!$E20,'4'!$B:$B,基础表!$F20) -> 0.852 | AD20: =SUMIFS('4'!G:G,'4'!$A:$A,基础表!$E20,'4'!$B:$B,基础表!$F20) -> 0.969 | AE20: =SUMIFS('4'!H:H,'4'!$A:$A,基础表!$E20,'4'!$B:$B,基础表!$F20) -> 1.172 | AF20: =SUMIFS('4'!I:I,'4'!$A:$A,基础表!$E20,'4'!$B:$B,基础表!$F20) -> 1.024 | AG20: =SUMIFS('4'!J:J,'4'!$A:$A,基础表!$E20,'4'!$B:$B,基础表!$F20) -> 0 | AH20: 10.843 | AI20: =SUM(AI13:AI19) -> 9.6775 | AJ20: =AI20-AH20 -> -1.1655 | AK20: =SUMIFS('3'!C:C,'3'!$A:$A,基础表!$E20,'3'!$B:$B,基础表!$F20) -> 0.28569317 | AL20: =SUMIFS('3'!D:D,'3'!$A:$A,基础表!$E20,'3'!$B:$B,基础表!$F20) -> 0.74308833 | AM20: =SUMIFS('3'!E:E,'3'!$A:$A,基础表!$E20,'3'!$B:$B,基础表!$F20) -> 0.33893339 | AN20: =SUMIFS('3'!F:F,'3'!$A:$A,基础表!$E20,'3'!$B:$B,基础表!$F20) -> 0.55968468 | AO20: =SUMIFS('3'!G:G,'3'!$A:$A,基础表!$E20,'3'!$B:$B,基础表!$F20) -> 0.35848494 | AP20: =SUMIFS('3'!H:H,'3'!$A:$A,基础表!$E20,'3'!$B:$B,基础表!$F20) -> 0.43572241 | AQ20: =SUMIFS('3'!I:I,'3'!$A:$A,基础表!$E20,'3'!$B:$B,基础表!$F20) -> 0.54981442 | AR20: =SUMIFS('3'!M:M,'3'!$K:$K,基础表!$E20,'3'!$L:$L,基础表!$F20) -> 0.82022472 | AS20: =SUMIFS('3'!N:N,'3'!$K:$K,基础表!$E20,'3'!$L:$L,基础表!$F20) -> 0.99625468
C21: =RANK(D21,$D$5:$D$34)+COUNTIF($D$5:D21,D21)-1 -> 13 | D21: =Q21 -> 0.75072464 | E21: 黑西营业部 | F21: 海拉尔城区所 | G21: 0.317 | H21: 0.575 | I21: 0.413 | J21: -0.17447917 | K21: 0.0017421603 | L21: 1.128866 | M21: =SUMIFS('2'!C:C,'2'!$A:$A,基础表!$E21,'2'!$B:$B,基础表!$F21) -> 0.518 | N21: =SUMIFS('2'!D:D,'2'!$A:$A,基础表!$E21,'2'!$B:$B,基础表!$F21) -> 0.899 | O21: =M21/N21-1 -> -0.42380423 | P21: =SUMIFS('2'!F:F,'2'!$A:$A,基础表!$E21,'2'!$B:$B,基础表!$F21) -> 0.69 | Q21: =SUMIFS('2'!G:G,'2'!$A:$A,基础表!$E21,'2'!$B:$B,基础表!$F21) -> 0.75072464 | R21: =IFERROR(Z21/$M21,"") -> 0.22393822 | S21: =IFERROR(AA21/$M21,"") -> 0.11776062 | T21: =IFERROR(AB21/$M21,"") -> 0.18725869 | U21: =IFERROR(AC21/$M21,"") -> 0.12548263 | V21: =IFERROR(AD21/$M21,"") -> 0.15250965 | W21: =IFERROR(AE21/$M21,"") -> 0.13513514 | X21: =IFERROR(AF21/$M21,"") -> 0.057915058 | Y21: =IFERROR(AG21/$M21,"") -> 0 | Z21: =SUMIFS('4'!C:C,'4'!$A:$A,基础表!$E21,'4'!$B:$B,基础表!$F21) -> 0.116 | AA21: =SUMIFS('4'!D:D,'4'!$A:$A,基础表!$E21,'4'!$B:$B,基础表!$F21) -> 0.061 | AB21: =SUMIFS('4'!E:E,'4'!$A:$A,基础表!$E21,'4'!$B:$B,基础表!$F21) -> 0.097 | AC21: =SUMIFS('4'!F:F,'4'!$A:$A,基础表!$E21,'4'!$B:$B,基础表!$F21) -> 0.065 | AD21: =SUMIFS('4'!G:G,'4'!$A:$A,基础表!$E21,'4'!$B:$B,基础表!$F21) -> 0.079 | AE21: =SUMIFS('4'!H:H,'4'!$A:$A,基础表!$E21,'4'!$B:$B,基础表!$F21) -> 0.07 | AF21: =SUMIFS('4'!I:I,'4'!$A:$A,基础表!$E21,'4'!$B:$B,基础表!$F21) -> 0.03 | AG21: =SUMIFS('4'!J:J,'4'!$A:$A,基础表!$E21,'4'!$B:$B,基础表!$F21) -> 0 | AH21: 0.786 | AI21: 0.57 | AJ21: =AI21-AH21 -> -0.216 | AK21: =SUMIFS('3'!C:C,'3'!$A:$A,基础表!$E21,'3'!$B:$B,基础表!$F21) -> 0.13541667 | AL21: =SUMIFS('3'!D:D,'3'!$A:$A,基础表!$E21,'3'!$B:$B,基础表!$F21) -> 0.82653061 | AM21: =SUMIFS('3'!E:E,'3'!$A:$A,基础表!$E21,'3'!$B:$B,基础表!$F21) -> 0.25392987 | AN21: =SUMIFS('3'!F:F,'3'!$A:$A,基础表!$E21,'3'!$B:$B,基础表!$F21) -> 0.5203252 | AO21: =SUMIFS('3'!G:G,'3'!$A:$A,基础表!$E21,'3'!$B:$B,基础表!$F21) -> 0.30175439 | AP21: =SUMIFS('3'!H:H,'3'!$A:$A,基础表!$E21,'3'!$B:$B,基础表!$F21) -> 0.39830508 | AQ21: =SUMIFS('3'!I:I,'3'!$A:$A,基础表!$E21,'3'!$B:$B,基础表!$F21) -> 0.51753325 | AR21: =SUMIFS('3'!M:M,'3'!$K:$K,基础表!$E21,'3'!$L:$L,基础表!$F21) -> 1 | AS21: =SUMIFS('3'!N:N,'3'!$K:$K,基础表!$E21,'3'!$L:$L,基础表!$F21) -> 1
C22: =RANK(D22,$D$5:$D$34)+COUNTIF($D$5:D22,D22)-1 -> 11 | D22: =Q22 -> 0.76094391 | E22: 黑西营业部 | F22: 呼盟外埠所 | G22: 1.29 | H22: 2.271 | I22: 1.77 | J22: -0.055636896 | K22: 0.056770591 | L22: -0.14285714 | M22: =SUMIFS('2'!C:C,'2'!$A:$A,基础表!$E22,'2'!$B:$B,基础表!$F22) -> 2.225 | N22: =SUMIFS('2'!D:D,'2'!$A:$A,基础表!$E22,'2'!$B:$B,基础表!$F22) -> 2.902 | O22: =M22/N22-1 -> -0.23328739 | P22: =SUMIFS('2'!F:F,'2'!$A:$A,基础表!$E22,'2'!$B:$B,基础表!$F22) -> 2.924 | Q22: =SUMIFS('2'!G:G,'2'!$A:$A,基础表!$E22,'2'!$B:$B,基础表!$F22) -> 0.76094391 | R22: =IFERROR(Z22/$M22,"") -> 0.16449438 | S22: =IFERROR(AA22/$M22,"") -> 0.1388764 | T22: =IFERROR(AB22/$M22,"") -> 0.17168539 | U22: =IFERROR(AC22/$M22,"") -> 0.11146067 | V22: =IFERROR(AD22/$M22,"") -> 0.14382022 | W22: =IFERROR(AE22/$M22,"") -> 0.14831461 | X22: =IFERROR(AF22/$M22,"") -> 0.12134831 | Y22: =IFERROR(AG22/$M22,"") -> 0 | Z22: =SUMIFS('4'!C:C,'4'!$A:$A,基础表!$E22,'4'!$B:$B,基础表!$F22) -> 0.366 | AA22: =SUMIFS('4'!D:D,'4'!$A:$A,基础表!$E22,'4'!$B:$B,基础表!$F22) -> 0.309 | AB22: =SUMIFS('4'!E:E,'4'!$A:$A,基础表!$E22,'4'!$B:$B,基础表!$F22) -> 0.382 | AC22: =SUMIFS('4'!F:F,'4'!$A:$A,基础表!$E22,'4'!$B:$B,基础表!$F22) -> 0.248 | AD22: =SUMIFS('4'!G:G,'4'!$A:$A,基础表!$E22,'4'!$B:$B,基础表!$F22) -> 0.32 | AE22: =SUMIFS('4'!H:H,'4'!$A:$A,基础表!$E22,'4'!$B:$B,基础表!$F22) -> 0.33 | AF22: =SUMIFS('4'!I:I,'4'!$A:$A,基础表!$E22,'4'!$B:$B,基础表!$F22) -> 0.27 | AG22: =SUMIFS('4'!J:J,'4'!$A:$A,基础表!$E22,'4'!$B:$B,基础表!$F22) -> 0 | AH22: 2.329 | AI22: 2.819 | AJ22: =AI22-AH22 -> 0.49 | AK22: =SUMIFS('3'!C:C,'3'!$A:$A,基础表!$E22,'3'!$B:$B,基础表!$F22) -> 0.32187707 | AL22: =SUMIFS('3'!D:D,'3'!$A:$A,基础表!$E22,'3'!$B:$B,基础表!$F22) -> 0.8325 | AM22: =SUMIFS('3'!E:E,'3'!$A:$A,基础表!$E22,'3'!$B:$B,基础表!$F22) -> 0.35536753 | AN22: =SUMIFS('3'!F:F,'3'!$A:$A,基础表!$E22,'3'!$B:$B,基础表!$F22) -> 0.65384615 | AO22: =SUMIFS('3'!G:G,'3'!$A:$A,基础表!$E22,'3'!$B:$B,基础表!$F22) -> 0.42157512 | AP22: =SUMIFS('3'!H:H,'3'!$A:$A,基础表!$E22,'3'!$B:$B,基础表!$F22) -> 0.4742268 | AQ22: =SUMIFS('3'!I:I,'3'!$A:$A,基础表!$E22,'3'!$B:$B,基础表!$F22) -> 0.58434691 | AR22: =SUMIFS('3'!M:M,'3'!$K:$K,基础表!$E22,'3'!$L:$L,基础表!$F22) -> 0.68421053 | AS22: =SUMIFS('3'!N:N,'3'!$K:$K,基础表!$E22,'3'!$L:$L,基础表!$F22) -> 1
C23: =RANK(D23,$D$5:$D$34)+COUNTIF($D$5:D23,D23)-1 -> 16 | D23: =Q23 -> 0.67469096 | E23: 黑西营业部 | F23: 龙江外埠所 | G23: 1.247 | H23: 2.482 | I23: 1.846 | J23: -0.094408134 | K23: 0.0020185709 | L23: -0.11335255 | M23: =SUMIFS('2'!C:C,'2'!$A:$A,基础表!$E23,'2'!$B:$B,基础表!$F23) -> 2.074 | N23: =SUMIFS('2'!D:D,'2'!$A:$A,基础表!$E23,'2'!$B:$B,基础表!$F23) -> 2.728 | O23: =M23/N23-1 -> -0.23973607 | P23: =SUMIFS('2'!F:F,'2'!$A:$A,基础表!$E23,'2'!$B:$B,基础表!$F23) -> 3.074 | Q23: =SUMIFS('2'!G:G,'2'!$A:$A,基础表!$E23,'2'!$B:$B,基础表!$F23) -> 0.67469096 | R23: =IFERROR(Z23/$M23,"") -> 0.18081003 | S23: =IFERROR(AA23/$M23,"") -> 0.06268081 | T23: =IFERROR(AB23/$M23,"") -> 0.15139826 | U23: =IFERROR(AC23/$M23,"") -> 0.15621986 | V23: =IFERROR(AD23/$M23,"") -> 0.15911283 | W23: =IFERROR(AE23/$M23,"") -> 0.11089682 | X23: =IFERROR(AF23/$M23,"") -> 0.17888139 | Y23: =IFERROR(AG23/$M23,"") -> 0 | Z23: =SUMIFS('4'!C:C,'4'!$A:$A,基础表!$E23,'4'!$B:$B,基础表!$F23) -> 0.375 | AA23: =SUMIFS('4'!D:D,'4'!$A:$A,基础表!$E23,'4'!$B:$B,基础表!$F23) -> 0.13 | AB23: =SUMIFS('4'!E:E,'4'!$A:$A,基础表!$E23,'4'!$B:$B,基础表!$F23) -> 0.314 | AC23: =SUMIFS('4'!F:F,'4'!$A:$A,基础表!$E23,'4'!$B:$B,基础表!$F23) -> 0.324 | AD23: =SUMIFS('4'!G:G,'4'!$A:$A,基础表!$E23,'4'!$B:$B,基础表!$F23) -> 0.33 | AE23: =SUMIFS('4'!H:H,'4'!$A:$A,基础表!$E23,'4'!$B:$B,基础表!$F23) -> 0.23 | AF23: =SUMIFS('4'!I:I,'4'!$A:$A,基础表!$E23,'4'!$B:$B,基础表!$F23) -> 0.371 | AG23: =SUMIFS('4'!J:J,'4'!$A:$A,基础表!$E23,'4'!$B:$B,基础表!$F23) -> 0 | AH23: 2.529 | AI23: 2.451 | AJ23: =AI23-AH23 -> -0.078 | AK23: =SUMIFS('3'!C:C,'3'!$A:$A,基础表!$E23,'3'!$B:$B,基础表!$F23) -> 0.4441896 | AL23: =SUMIFS('3'!D:D,'3'!$A:$A,基础表!$E23,'3'!$B:$B,基础表!$F23) -> 0.91972789 | AM23: =SUMIFS('3'!E:E,'3'!$A:$A,基础表!$E23,'3'!$B:$B,基础表!$F23) -> 0.53485577 | AN23: =SUMIFS('3'!F:F,'3'!$A:$A,基础表!$E23,'3'!$B:$B,基础表!$F23) -> 0.62179487 | AO23: =SUMIFS('3'!G:G,'3'!$A:$A,基础表!$E23,'3'!$B:$B,基础表!$F23) -> 0.52217125 | AP23: =SUMIFS('3'!H:H,'3'!$A:$A,基础表!$E23,'3'!$B:$B,基础表!$F23) -> 0.56129032 | AQ23: =SUMIFS('3'!I:I,'3'!$A:$A,基础表!$E23,'3'!$B:$B,基础表!$F23) -> 0.73257212 | AR23: =SUMIFS('3'!M:M,'3'!$K:$K,基础表!$E23,'3'!$L:$L,基础表!$F23) -> 0.875 | AS23: =SUMIFS('3'!N:N,'3'!$K:$K,基础表!$E23,'3'!$L:$L,基础表!$F23) -> 1
C24: =RANK(D24,$D$5:$D$34)+COUNTIF($D$5:D24,D24)-1 -> 10 | D24: =Q24 -> 0.77002584 | E24: 黑西营业部 | F24: 齐齐哈尔城区所 | G24: 0.512 | H24: 1.009 | I24: 0.706 | J24: -0.11111111 | K24: 0.029591837 | L24: 0.88770053 | M24: =SUMIFS('2'!C:C,'2'!$A:$A,基础表!$E24,'2'!$B:$B,基础表!$F24) -> 0.894 | N24: =SUMIFS('2'!D:D,'2'!$A:$A,基础表!$E24,'2'!$B:$B,基础表!$F24) -> 1.391 | O24: =M24/N24-1 -> -0.35729691 | P24: =SUMIFS('2'!F:F,'2'!$A:$A,基础表!$E24,'2'!$B:$B,基础表!$F24) -> 1.161 | Q24: =SUMIFS('2'!G:G,'2'!$A:$A,基础表!$E24,'2'!$B:$B,基础表!$F24) -> 0.77002584 | R24: =IFERROR(Z24/$M24,"") -> 0.17897092 | S24: =IFERROR(AA24/$M24,"") -> 0.10178971 | T24: =IFERROR(AB24/$M24,"") -> 0.18232662 | U24: =IFERROR(AC24/$M24,"") -> 0.14765101 | V24: =IFERROR(AD24/$M24,"") -> 0.13422819 | W24: =IFERROR(AE24/$M24,"") -> 0.1655481 | X24: =IFERROR(AF24/$M24,"") -> 0.089485459 | Y24: =IFERROR(AG24/$M24,"") -> 0 | Z24: =SUMIFS('4'!C:C,'4'!$A:$A,基础表!$E24,'4'!$B:$B,基础表!$F24) -> 0.16 | AA24: =SUMIFS('4'!D:D,'4'!$A:$A,基础表!$E24,'4'!$B:$B,基础表!$F24) -> 0.091 | AB24: =SUMIFS('4'!E:E,'4'!$A:$A,基础表!$E24,'4'!$B:$B,基础表!$F24) -> 0.163 | AC24: =SUMIFS('4'!F:F,'4'!$A:$A,基础表!$E24,'4'!$B:$B,基础表!$F24) -> 0.132 | AD24: =SUMIFS('4'!G:G,'4'!$A:$A,基础表!$E24,'4'!$B:$B,基础表!$F24) -> 0.12 | AE24: =SUMIFS('4'!H:H,'4'!$A:$A,基础表!$E24,'4'!$B:$B,基础表!$F24) -> 0.148 | AF24: =SUMIFS('4'!I:I,'4'!$A:$A,基础表!$E24,'4'!$B:$B,基础表!$F24) -> 0.08 | AG24: =SUMIFS('4'!J:J,'4'!$A:$A,基础表!$E24,'4'!$B:$B,基础表!$F24) -> 0 | AH24: 0.632 | AI24: 0.91 | AJ24: =AI24-AH24 -> 0.278 | AK24: =SUMIFS('3'!C:C,'3'!$A:$A,基础表!$E24,'3'!$B:$B,基础表!$F24) -> 0.27552448 | AL24: =SUMIFS('3'!D:D,'3'!$A:$A,基础表!$E24,'3'!$B:$B,基础表!$F24) -> 0.95309568 | AM24: =SUMIFS('3'!E:E,'3'!$A:$A,基础表!$E24,'3'!$B:$B,基础表!$F24) -> 0.27531957 | AN24: =SUMIFS('3'!F:F,'3'!$A:$A,基础表!$E24,'3'!$B:$B,基础表!$F24) -> 0.51412429 | AO24: =SUMIFS('3'!G:G,'3'!$A:$A,基础表!$E24,'3'!$B:$B,基础表!$F24) -> 0.35063114 | AP24: =SUMIFS('3'!H:H,'3'!$A:$A,基础表!$E24,'3'!$B:$B,基础表!$F24) -> 0.59036145 | AQ24: =SUMIFS('3'!I:I,'3'!$A:$A,基础表!$E24,'3'!$B:$B,基础表!$F24) -> 0.59488692 | AR24: =SUMIFS('3'!M:M,'3'!$K:$K,基础表!$E24,'3'!$L:$L,基础表!$F24) -> 0.93421053 | AS24: =SUMIFS('3'!N:N,'3'!$K:$K,基础表!$E24,'3'!$L:$L,基础表!$F24) -> 1
C25: =RANK(D25,$D$5:$D$34)+COUNTIF($D$5:D25,D25)-1 -> 9 | D25: =Q25 -> 0.80577594 | E25: 黑西营业部 | F25: 兴安外埠所 | G25: 1.354 | H25: 2.59 | I25: 1.895 | J25: -0.11154856 | K25: 0.0011596444 | L25: -0.17608696 | M25: =SUMIFS('2'!C:C,'2'!$A:$A,基础表!$E25,'2'!$B:$B,基础表!$F25) -> 2.539 | N25: =SUMIFS('2'!D:D,'2'!$A:$A,基础表!$E25,'2'!$B:$B,基础表!$F25) -> 3.12 | O25: =M25/N25-1 -> -0.18621795 | P25: =SUMIFS('2'!F:F,'2'!$A:$A,基础表!$E25,'2'!$B:$B,基础表!$F25) -> 3.151 | Q25: =SUMIFS('2'!G:G,'2'!$A:$A,基础表!$E25,'2'!$B:$B,基础表!$F25) -> 0.80577594 | R25: =IFERROR(Z25/$M25,"") -> 0.17920441 | S25: =IFERROR(AA25/$M25,"") -> 0.13981883 | T25: =IFERROR(AB25/$M25,"") -> 0.18511225 | U25: =IFERROR(AC25/$M25,"") -> 0.13784955 | V25: =IFERROR(AD25/$M25,"") -> 0.16266247 | W25: =IFERROR(AE25/$M25,"") -> 0.14572666 | X25: =IFERROR(AF25/$M25,"") -> 0.049625837 | Y25: =IFERROR(AG25/$M25,"") -> 0 | Z25: =SUMIFS('4'!C:C,'4'!$A:$A,基础表!$E25,'4'!$B:$B,基础表!$F25) -> 0.455 | AA25: =SUMIFS('4'!D:D,'4'!$A:$A,基础表!$E25,'4'!$B:$B,基础表!$F25) -> 0.355 | AB25: =SUMIFS('4'!E:E,'4'!$A:$A,基础表!$E25,'4'!$B:$B,基础表!$F25) -> 0.47 | AC25: =SUMIFS('4'!F:F,'4'!$A:$A,基础表!$E25,'4'!$B:$B,基础表!$F25) -> 0.35 | AD25: =SUMIFS('4'!G:G,'4'!$A:$A,基础表!$E25,'4'!$B:$B,基础表!$F25) -> 0.413 | AE25: =SUMIFS('4'!H:H,'4'!$A:$A,基础表!$E25,'4'!$B:$B,基础表!$F25) -> 0.37 | AF25: =SUMIFS('4'!I:I,'4'!$A:$A,基础表!$E25,'4'!$B:$B,基础表!$F25) -> 0.126 | AG25: =SUMIFS('4'!J:J,'4'!$A:$A,基础表!$E25,'4'!$B:$B,基础表!$F25) -> 0 | AH25: 3.607 | AI25: 3.405 | AJ25: =AI25-AH25 -> -0.202 | AK25: =SUMIFS('3'!C:C,'3'!$A:$A,基础表!$E25,'3'!$B:$B,基础表!$F25) -> 0.33600583 | AL25: =SUMIFS('3'!D:D,'3'!$A:$A,基础表!$E25,'3'!$B:$B,基础表!$F25) -> 0.93298969 | AM25: =SUMIFS('3'!E:E,'3'!$A:$A,基础表!$E25,'3'!$B:$B,基础表!$F25) -> 0.3939243 | AN25: =SUMIFS('3'!F:F,'3'!$A:$A,基础表!$E25,'3'!$B:$B,基础表!$F25) -> 0.63302752 | AO25: =SUMIFS('3'!G:G,'3'!$A:$A,基础表!$E25,'3'!$B:$B,基础表!$F25) -> 0.45912409 | AP25: =SUMIFS('3'!H:H,'3'!$A:$A,基础表!$E25,'3'!$B:$B,基础表!$F25) -> 0.59633028 | AQ25: =SUMIFS('3'!I:I,'3'!$A:$A,基础表!$E25,'3'!$B:$B,基础表!$F25) -> 0.67928287 | AR25: =SUMIFS('3'!M:M,'3'!$K:$K,基础表!$E25,'3'!$L:$L,基础表!$F25) -> 1 | AS25: =SUMIFS('3'!N:N,'3'!$K:$K,基础表!$E25,'3'!$L:$L,基础表!$F25) -> 1
A26: =RANK(B26,$B$12:$B$34) -> 4 | B26: =Q26 -> 0.75090909 | E26: 黑西营业部 | F26: 结果 | G26: 4.72 | H26: 8.927 | I26: 6.71 | J26: -0.098376313 | K26: 0.016163916 | L26: -0.05625879 | M26: =SUMIFS('2'!C:C,'2'!$A:$A,基础表!$E26,'2'!$B:$B,基础表!$F26) -> 8.26 | N26: =SUMIFS('2'!D:D,'2'!$A:$A,基础表!$E26,'2'!$B:$B,基础表!$F26) -> 11.04 | O26: =M26/N26-1 -> -0.25181159 | P26: =SUMIFS('2'!F:F,'2'!$A:$A,基础表!$E26,'2'!$B:$B,基础表!$F26) -> 11 | Q26: =SUMIFS('2'!G:G,'2'!$A:$A,基础表!$E26,'2'!$B:$B,基础表!$F26) -> 0.75090909 | R26: =IFERROR(Z26/$M26,"") -> 0.17820823 | S26: =IFERROR(AA26/$M26,"") -> 0.11476998 | T26: =IFERROR(AB26/$M26,"") -> 0.17288136 | U26: =IFERROR(AC26/$M26,"") -> 0.13571429 | V26: =IFERROR(AD26/$M26,"") -> 0.15302663 | W26: =IFERROR(AE26/$M26,"") -> 0.13922518 | X26: =IFERROR(AF26/$M26,"") -> 0.10617433 | Y26: =IFERROR(AG26/$M26,"") -> 0 | Z26: =SUMIFS('4'!C:C,'4'!$A:$A,基础表!$E26,'4'!$B:$B,基础表!$F26) -> 1.472 | AA26: =SUMIFS('4'!D:D,'4'!$A:$A,基础表!$E26,'4'!$B:$B,基础表!$F26) -> 0.948 | AB26: =SUMIFS('4'!E:E,'4'!$A:$A,基础表!$E26,'4'!$B:$B,基础表!$F26) -> 1.428 | AC26: =SUMIFS('4'!F:F,'4'!$A:$A,基础表!$E26,'4'!$B:$B,基础表!$F26) -> 1.121 | AD26: =SUMIFS('4'!G:G,'4'!$A:$A,基础表!$E26,'4'!$B:$B,基础表!$F26) -> 1.264 | AE26: =SUMIFS('4'!H:H,'4'!$A:$A,基础表!$E26,'4'!$B:$B,基础表!$F26) -> 1.15 | AF26: =SUMIFS('4'!I:I,'4'!$A:$A,基础表!$E26,'4'!$B:$B,基础表!$F26) -> 0.877 | AG26: =SUMIFS('4'!J:J,'4'!$A:$A,基础表!$E26,'4'!$B:$B,基础表!$F26) -> 0 | AH26: 9.883 | AI26: =SUM(AI21:AI25) -> 10.155 | AJ26: =AI26-AH26 -> 0.272 | AK26: =SUMIFS('3'!C:C,'3'!$A:$A,基础表!$E26,'3'!$B:$B,基础表!$F26) -> 0.32895697 | AL26: =SUMIFS('3'!D:D,'3'!$A:$A,基础表!$E26,'3'!$B:$B,基础表!$F26) -> 0.89766764 | AM26: =SUMIFS('3'!E:E,'3'!$A:$A,基础表!$E26,'3'!$B:$B,基础表!$F26) -> 0.38382611 | AN26: =SUMIFS('3'!F:F,'3'!$A:$A,基础表!$E26,'3'!$B:$B,基础表!$F26) -> 0.58146487 | AO26: =SUMIFS('3'!G:G,'3'!$A:$A,基础表!$E26,'3'!$B:$B,基础表!$F26) -> 0.43329678 | AP26: =SUMIFS('3'!H:H,'3'!$A:$A,基础表!$E26,'3'!$B:$B,基础表!$F26) -> 0.53178295 | AQ26: =SUMIFS('3'!I:I,'3'!$A:$A,基础表!$E26,'3'!$B:$B,基础表!$F26) -> 0.63737006 | AR26: =SUMIFS('3'!M:M,'3'!$K:$K,基础表!$E26,'3'!$L:$L,基础表!$F26) -> 0.91304348 | AS26: =SUMIFS('3'!N:N,'3'!$K:$K,基础表!$E26,'3'!$L:$L,基础表!$F26) -> 1
C27: =RANK(D27,$D$5:$D$34)+COUNTIF($D$5:D27,D27)-1 -> 22 | D27: =Q27 -> 0.55062305 | E27: 黑中营业部 | F27: 大庆城区东所 | G27: 0.622 | H27: 1.237 | I27: 0.731 | J27: -0.12640449 | K27: 0.018945634 | L27: 0.23898305 | M27: =SUMIFS('2'!C:C,'2'!$A:$A,基础表!$E27,'2'!$B:$B,基础表!$F27) -> 0.707 | N27: =SUMIFS('2'!D:D,'2'!$A:$A,基础表!$E27,'2'!$B:$B,基础表!$F27) -> 1.326 | O27: =M27/N27-1 -> -0.4668175 | P27: =SUMIFS('2'!F:F,'2'!$A:$A,基础表!$E27,'2'!$B:$B,基础表!$F27) -> 1.284 | Q27: =SUMIFS('2'!G:G,'2'!$A:$A,基础表!$E27,'2'!$B:$B,基础表!$F27) -> 0.55062305 | R27: =IFERROR(Z27/$M27,"") -> 0.090523338 | S27: =IFERROR(AA27/$M27,"") -> 0.14710042 | T27: =IFERROR(AB27/$M27,"") -> 0.2135785 | U27: =IFERROR(AC27/$M27,"") -> 0.12729844 | V27: =IFERROR(AD27/$M27,"") -> 0.17538897 | W27: =IFERROR(AE27/$M27,"") -> 0.12305516 | X27: =IFERROR(AF27/$M27,"") -> 0.12305516 | Y27: =IFERROR(AG27/$M27,"") -> 0 | Z27: =SUMIFS('4'!C:C,'4'!$A:$A,基础表!$E27,'4'!$B:$B,基础表!$F27) -> 0.064 | AA27: =SUMIFS('4'!D:D,'4'!$A:$A,基础表!$E27,'4'!$B:$B,基础表!$F27) -> 0.104 | AB27: =SUMIFS('4'!E:E,'4'!$A:$A,基础表!$E27,'4'!$B:$B,基础表!$F27) -> 0.151 | AC27: =SUMIFS('4'!F:F,'4'!$A:$A,基础表!$E27,'4'!$B:$B,基础表!$F27) -> 0.09 | AD27: =SUMIFS('4'!G:G,'4'!$A:$A,基础表!$E27,'4'!$B:$B,基础表!$F27) -> 0.124 | AE27: =SUMIFS('4'!H:H,'4'!$A:$A,基础表!$E27,'4'!$B:$B,基础表!$F27) -> 0.087 | AF27: =SUMIFS('4'!I:I,'4'!$A:$A,基础表!$E27,'4'!$B:$B,基础表!$F27) -> 0.087 | AG27: =SUMIFS('4'!J:J,'4'!$A:$A,基础表!$E27,'4'!$B:$B,基础表!$F27) -> 0 | AH27: 0.45 | AI27: 0.426 | AJ27: =AI27-AH27 -> -0.024 | AK27: =SUMIFS('3'!C:C,'3'!$A:$A,基础表!$E27,'3'!$B:$B,基础表!$F27) -> 0.2266436 | AL27: =SUMIFS('3'!D:D,'3'!$A:$A,基础表!$E27,'3'!$B:$B,基础表!$F27) -> 0.92059553 | AM27: =SUMIFS('3'!E:E,'3'!$A:$A,基础表!$E27,'3'!$B:$B,基础表!$F27) -> 0.48537234 | AN27: =SUMIFS('3'!F:F,'3'!$A:$A,基础表!$E27,'3'!$B:$B,基础表!$F27) -> 0.58579882 | AO27: =SUMIFS('3'!G:G,'3'!$A:$A,基础表!$E27,'3'!$B:$B,基础表!$F27) -> 0.44714038 | AP27: =SUMIFS('3'!H:H,'3'!$A:$A,基础表!$E27,'3'!$B:$B,基础表!$F27) -> 0.35119048 | AQ27: =SUMIFS('3'!I:I,'3'!$A:$A,基础表!$E27,'3'!$B:$B,基础表!$F27) -> 0.78856383 | AR27: =SUMIFS('3'!M:M,'3'!$K:$K,基础表!$E27,'3'!$L:$L,基础表!$F27) -> 0.93939394 | AS27: =SUMIFS('3'!N:N,'3'!$K:$K,基础表!$E27,'3'!$L:$L,基础表!$F27) -> 1
C28: =RANK(D28,$D$5:$D$34)+COUNTIF($D$5:D28,D28)-1 -> 26 | D28: =Q28 -> 0.38888889 | E28: 黑中营业部 | F28: 大庆城区西所 | G28: 0.307 | H28: 0.63 | I28: 0.546 | J28: -0.058282209 | K28: 0.034482759 | L28: 0.054054054 | M28: =SUMIFS('2'!C:C,'2'!$A:$A,基础表!$E28,'2'!$B:$B,基础表!$F28) -> 0.294 | N28: =SUMIFS('2'!D:D,'2'!$A:$A,基础表!$E28,'2'!$B:$B,基础表!$F28) -> 0.509 | O28: =M28/N28-1 -> -0.42239686 | P28: =SUMIFS('2'!F:F,'2'!$A:$A,基础表!$E28,'2'!$B:$B,基础表!$F28) -> 0.756 | Q28: =SUMIFS('2'!G:G,'2'!$A:$A,基础表!$E28,'2'!$B:$B,基础表!$F28) -> 0.38888889 | R28: =IFERROR(Z28/$M28,"") -> 0.21428571 | S28: =IFERROR(AA28/$M28,"") -> 0.071428571 | T28: =IFERROR(AB28/$M28,"") -> 0.19047619 | U28: =IFERROR(AC28/$M28,"") -> 0.17006803 | V28: =IFERROR(AD28/$M28,"") -> 0.085034014 | W28: =IFERROR(AE28/$M28,"") -> 0.06122449 | X28: =IFERROR(AF28/$M28,"") -> 0.20748299 | Y28: =IFERROR(AG28/$M28,"") -> 0 | Z28: =SUMIFS('4'!C:C,'4'!$A:$A,基础表!$E28,'4'!$B:$B,基础表!$F28) -> 0.063 | AA28: =SUMIFS('4'!D:D,'4'!$A:$A,基础表!$E28,'4'!$B:$B,基础表!$F28) -> 0.021 | AB28: =SUMIFS('4'!E:E,'4'!$A:$A,基础表!$E28,'4'!$B:$B,基础表!$F28) -> 0.056 | AC28: =SUMIFS('4'!F:F,'4'!$A:$A,基础表!$E28,'4'!$B:$B,基础表!$F28) -> 0.05 | AD28: =SUMIFS('4'!G:G,'4'!$A:$A,基础表!$E28,'4'!$B:$B,基础表!$F28) -> 0.025 | AE28: =SUMIFS('4'!H:H,'4'!$A:$A,基础表!$E28,'4'!$B:$B,基础表!$F28) -> 0.018 | AF28: =SUMIFS('4'!I:I,'4'!$A:$A,基础表!$E28,'4'!$B:$B,基础表!$F28) -> 0.061 | AG28: =SUMIFS('4'!J:J,'4'!$A:$A,基础表!$E28,'4'!$B:$B,基础表!$F28) -> 0 | AH28: 0.421 | AI28: 0.391 | AJ28: =AI28-AH28 -> -0.03 | AK28: =SUMIFS('3'!C:C,'3'!$A:$A,基础表!$E28,'3'!$B:$B,基础表!$F28) -> 0.29646018 | AL28: =SUMIFS('3'!D:D,'3'!$A:$A,基础表!$E28,'3'!$B:$B,基础表!$F28) -> 0.91860465 | AM28: =SUMIFS('3'!E:E,'3'!$A:$A,基础表!$E28,'3'!$B:$B,基础表!$F28) -> 0.43368107 | AN28: =SUMIFS('3'!F:F,'3'!$A:$A,基础表!$E28,'3'!$B:$B,基础表!$F28) -> 0.55284553 | AO28: =SUMIFS('3'!G:G,'3'!$A:$A,基础表!$E28,'3'!$B:$B,基础表!$F28) -> 0.38409091 | AP28: =SUMIFS('3'!H:H,'3'!$A:$A,基础表!$E28,'3'!$B:$B,基础表!$F28) -> 0.36065574 | AQ28: =SUMIFS('3'!I:I,'3'!$A:$A,基础表!$E28,'3'!$B:$B,基础表!$F28) -> 0.79582712 | AR28: =SUMIFS('3'!M:M,'3'!$K:$K,基础表!$E28,'3'!$L:$L,基础表!$F28) -> 0.91666667 | AS28: =SUMIFS('3'!N:N,'3'!$K:$K,基础表!$E28,'3'!$L:$L,基础表!$F28) -> 1
C29: =RANK(D29,$D$5:$D$34)+COUNTIF($D$5:D29,D29)-1 -> 2 | D29: =Q29 -> 1.1086724 | E29: 黑中营业部 | F29: 海伦外埠所 | G29: 1.004 | H29: 2.591 | I29: 2.58 | J29: -0.14698386 | K29: -0.034649776 | L29: -0.13509889 | M29: =SUMIFS('2'!C:C,'2'!$A:$A,基础表!$E29,'2'!$B:$B,基础表!$F29) -> 2.071 | N29: =SUMIFS('2'!D:D,'2'!$A:$A,基础表!$E29,'2'!$B:$B,基础表!$F29) -> 2.34 | O29: =M29/N29-1 -> -0.11495726 | P29: =SUMIFS('2'!F:F,'2'!$A:$A,基础表!$E29,'2'!$B:$B,基础表!$F29) -> 1.868 | Q29: =SUMIFS('2'!G:G,'2'!$A:$A,基础表!$E29,'2'!$B:$B,基础表!$F29) -> 1.1086724 | R29: =IFERROR(Z29/$M29,"") -> 0.17141478 | S29: =IFERROR(AA29/$M29,"") -> 0.12554322 | T29: =IFERROR(AB29/$M29,"") -> 0.14292612 | U29: =IFERROR(AC29/$M29,"") -> 0.11830034 | V29: =IFERROR(AD29/$M29,"") -> 0.14002897 | W29: =IFERROR(AE29/$M29,"") -> 0.15210043 | X29: =IFERROR(AF29/$M29,"") -> 0.14968614 | Y29: =IFERROR(AG29/$M29,"") -> 0 | Z29: =SUMIFS('4'!C:C,'4'!$A:$A,基础表!$E29,'4'!$B:$B,基础表!$F29) -> 0.355 | AA29: =SUMIFS('4'!D:D,'4'!$A:$A,基础表!$E29,'4'!$B:$B,基础表!$F29) -> 0.26 | AB29: =SUMIFS('4'!E:E,'4'!$A:$A,基础表!$E29,'4'!$B:$B,基础表!$F29) -> 0.296 | AC29: =SUMIFS('4'!F:F,'4'!$A:$A,基础表!$E29,'4'!$B:$B,基础表!$F29) -> 0.245 | AD29: =SUMIFS('4'!G:G,'4'!$A:$A,基础表!$E29,'4'!$B:$B,基础表!$F29) -> 0.29 | AE29: =SUMIFS('4'!H:H,'4'!$A:$A,基础表!$E29,'4'!$B:$B,基础表!$F29) -> 0.315 | AF29: =SUMIFS('4'!I:I,'4'!$A:$A,基础表!$E29,'4'!$B:$B,基础表!$F29) -> 0.31 | AG29: =SUMIFS('4'!J:J,'4'!$A:$A,基础表!$E29,'4'!$B:$B,基础表!$F29) -> 0 | AH29: 2.424 | AI29: 2.35 | AJ29: =AI29-AH29 -> -0.074 | AK29: =SUMIFS('3'!C:C,'3'!$A:$A,基础表!$E29,'3'!$B:$B,基础表!$F29) -> 0.83747831 | AL29: =SUMIFS('3'!D:D,'3'!$A:$A,基础表!$E29,'3'!$B:$B,基础表!$F29) -> 0.90214067 | AM29: =SUMIFS('3'!E:E,'3'!$A:$A,基础表!$E29,'3'!$B:$B,基础表!$F29) -> 0.82264717 | AN29: =SUMIFS('3'!F:F,'3'!$A:$A,基础表!$E29,'3'!$B:$B,基础表!$F29) -> 0.87272727 | AO29: =SUMIFS('3'!G:G,'3'!$A:$A,基础表!$E29,'3'!$B:$B,基础表!$F29) -> 0.87419918 | AP29: =SUMIFS('3'!H:H,'3'!$A:$A,基础表!$E29,'3'!$B:$B,基础表!$F29) -> 0.89634146 | AQ29: =SUMIFS('3'!I:I,'3'!$A:$A,基础表!$E29,'3'!$B:$B,基础表!$F29) -> 0.86951631 | AR29: =SUMIFS('3'!M:M,'3'!$K:$K,基础表!$E29,'3'!$L:$L,基础表!$F29) -> 0.93333333 | AS29: =SUMIFS('3'!N:N,'3'!$K:$K,基础表!$E29,'3'!$L:$L,基础表!$F29) -> 1
C30: =RANK(D30,$D$5:$D$34)+COUNTIF($D$5:D30,D30)-1 -> 23 | D30: =Q30 -> 0.54917319 | E30: 黑中营业部 | F30: 绥化外埠所 | G30: 1.082 | H30: 2.234 | I30: 1.452 | J30: -0.055021834 | K30: 0.076626506 | L30: -0.12106538 | M30: =SUMIFS('2'!C:C,'2'!$A:$A,基础表!$E30,'2'!$B:$B,基础表!$F30) -> 1.262 | N30: =SUMIFS('2'!D:D,'2'!$A:$A,基础表!$E30,'2'!$B:$B,基础表!$F30) -> 2.164 | O30: =M30/N30-1 -> -0.4168207 | P30: =SUMIFS('2'!F:F,'2'!$A:$A,基础表!$E30,'2'!$B:$B,基础表!$F30) -> 2.298 | Q30: =SUMIFS('2'!G:G,'2'!$A:$A,基础表!$E30,'2'!$B:$B,基础表!$F30) -> 0.54917319 | R30: =IFERROR(Z30/$M30,"") -> 0.12282092 | S30: =IFERROR(AA30/$M30,"") -> 0.13470681 | T30: =IFERROR(AB30/$M30,"") -> 0.19413629 | U30: =IFERROR(AC30/$M30,"") -> 0.14025357 | V30: =IFERROR(AD30/$M30,"") -> 0.13470681 | W30: =IFERROR(AE30/$M30,"") -> 0.16244057 | X30: =IFERROR(AF30/$M30,"") -> 0.11093502 | Y30: =IFERROR(AG30/$M30,"") -> 0 | Z30: =SUMIFS('4'!C:C,'4'!$A:$A,基础表!$E30,'4'!$B:$B,基础表!$F30) -> 0.155 | AA30: =SUMIFS('4'!D:D,'4'!$A:$A,基础表!$E30,'4'!$B:$B,基础表!$F30) -> 0.17 | AB30: =SUMIFS('4'!E:E,'4'!$A:$A,基础表!$E30,'4'!$B:$B,基础表!$F30) -> 0.245 | AC30: =SUMIFS('4'!F:F,'4'!$A:$A,基础表!$E30,'4'!$B:$B,基础表!$F30) -> 0.177 | AD30: =SUMIFS('4'!G:G,'4'!$A:$A,基础表!$E30,'4'!$B:$B,基础表!$F30) -> 0.17 | AE30: =SUMIFS('4'!H:H,'4'!$A:$A,基础表!$E30,'4'!$B:$B,基础表!$F30) -> 0.205 | AF30: =SUMIFS('4'!I:I,'4'!$A:$A,基础表!$E30,'4'!$B:$B,基础表!$F30) -> 0.14 | AG30: =SUMIFS('4'!J:J,'4'!$A:$A,基础表!$E30,'4'!$B:$B,基础表!$F30) -> 0 | AH30: 1.761 | AI30: 1.719 | AJ30: =AI30-AH30 -> -0.042 | AK30: =SUMIFS('3'!C:C,'3'!$A:$A,基础表!$E30,'3'!$B:$B,基础表!$F30) -> 0.57884232 | AL30: =SUMIFS('3'!D:D,'3'!$A:$A,基础表!$E30,'3'!$B:$B,基础表!$F30) -> 0.86350148 | AM30: =SUMIFS('3'!E:E,'3'!$A:$A,基础表!$E30,'3'!$B:$B,基础表!$F30) -> 0.68842225 | AN30: =SUMIFS('3'!F:F,'3'!$A:$A,基础表!$E30,'3'!$B:$B,基础表!$F30) -> 0.62011173 | AO30: =SUMIFS('3'!G:G,'3'!$A:$A,基础表!$E30,'3'!$B:$B,基础表!$F30) -> 0.64235764 | AP30: =SUMIFS('3'!H:H,'3'!$A:$A,基础表!$E30,'3'!$B:$B,基础表!$F30) -> 0.63068182 | AQ30: =SUMIFS('3'!I:I,'3'!$A:$A,基础表!$E30,'3'!$B:$B,基础表!$F30) -> 0.78830874 | AR30: =SUMIFS('3'!M:M,'3'!$K:$K,基础表!$E30,'3'!$L:$L,基础表!$F30) -> 0.95 | AS30: =SUMIFS('3'!N:N,'3'!$K:$K,基础表!$E30,'3'!$L:$L,基础表!$F30) -> 1
C31: =RANK(D31,$D$5:$D$34)+COUNTIF($D$5:D31,D31)-1 -> 3 | D31: =Q31 -> 1.0251323 | E31: 黑中营业部 | F31: 伊春外埠所 | G31: 0.869 | H31: 1.884 | I31: 1.262 | J31: -0.14215202 | K31: 0.016729628 | L31: 0.12078153 | M31: =SUMIFS('2'!C:C,'2'!$A:$A,基础表!$E31,'2'!$B:$B,基础表!$F31) -> 1.55 | N31: =SUMIFS('2'!D:D,'2'!$A:$A,基础表!$E31,'2'!$B:$B,基础表!$F31) -> 2.055 | O31: =M31/N31-1 -> -0.24574209 | P31: =SUMIFS('2'!F:F,'2'!$A:$A,基础表!$E31,'2'!$B:$B,基础表!$F31) -> 1.512 | Q31: =SUMIFS('2'!G:G,'2'!$A:$A,基础表!$E31,'2'!$B:$B,基础表!$F31) -> 1.0251323 | R31: =IFERROR(Z31/$M31,"") -> 0.1483871 | S31: =IFERROR(AA31/$M31,"") -> 0.1516129 | T31: =IFERROR(AB31/$M31,"") -> 0.1516129 | U31: =IFERROR(AC31/$M31,"") -> 0.14516129 | V31: =IFERROR(AD31/$M31,"") -> 0.13548387 | W31: =IFERROR(AE31/$M31,"") -> 0.13548387 | X31: =IFERROR(AF31/$M31,"") -> 0.13225806 | Y31: =IFERROR(AG31/$M31,"") -> 0 | Z31: =SUMIFS('4'!C:C,'4'!$A:$A,基础表!$E31,'4'!$B:$B,基础表!$F31) -> 0.23 | AA31: =SUMIFS('4'!D:D,'4'!$A:$A,基础表!$E31,'4'!$B:$B,基础表!$F31) -> 0.235 | AB31: =SUMIFS('4'!E:E,'4'!$A:$A,基础表!$E31,'4'!$B:$B,基础表!$F31) -> 0.235 | AC31: =SUMIFS('4'!F:F,'4'!$A:$A,基础表!$E31,'4'!$B:$B,基础表!$F31) -> 0.225 | AD31: =SUMIFS('4'!G:G,'4'!$A:$A,基础表!$E31,'4'!$B:$B,基础表!$F31) -> 0.21 | AE31: =SUMIFS('4'!H:H,'4'!$A:$A,基础表!$E31,'4'!$B:$B,基础表!$F31) -> 0.21 | AF31: =SUMIFS('4'!I:I,'4'!$A:$A,基础表!$E31,'4'!$B:$B,基础表!$F31) -> 0.205 | AG31: =SUMIFS('4'!J:J,'4'!$A:$A,基础表!$E31,'4'!$B:$B,基础表!$F31) -> 0 | AH31: 1.677 | AI31: 1.648 | AJ31: =AI31-AH31 -> -0.029 | AK31: =SUMIFS('3'!C:C,'3'!$A:$A,基础表!$E31,'3'!$B:$B,基础表!$F31) -> 0.62296354 | AL31: =SUMIFS('3'!D:D,'3'!$A:$A,基础表!$E31,'3'!$B:$B,基础表!$F31) -> 0.95994994 | AM31: =SUMIFS('3'!E:E,'3'!$A:$A,基础表!$E31,'3'!$B:$B,基础表!$F31) -> 0.64786585 | AN31: =SUMIFS('3'!F:F,'3'!$A:$A,基础表!$E31,'3'!$B:$B,基础表!$F31) -> 0.80519481 | AO31: =SUMIFS('3'!G:G,'3'!$A:$A,基础表!$E31,'3'!$B:$B,基础表!$F31) -> 0.65321955 | AP31: =SUMIFS('3'!H:H,'3'!$A:$A,基础表!$E31,'3'!$B:$B,基础表!$F31) -> 0.81168831 | AQ31: =SUMIFS('3'!I:I,'3'!$A:$A,基础表!$E31,'3'!$B:$B,基础表!$F31) -> 0.77693089 | AR31: =SUMIFS('3'!M:M,'3'!$K:$K,基础表!$E31,'3'!$L:$L,基础表!$F31) -> 0.93023256 | AS31: =SUMIFS('3'!N:N,'3'!$K:$K,基础表!$E31,'3'!$L:$L,基础表!$F31) -> 1
C32: =RANK(D32,$D$5:$D$34)+COUNTIF($D$5:D32,D32)-1 -> 15 | D32: =Q32 -> 0.71613833 | E32: 黑中营业部 | F32: 肇东外埠所 | G32: 1.211 | H32: 2.684 | I32: 1.703 | J32: -0.24501247 | K32: -0.11652403 | L32: -0.12756148 | M32: =SUMIFS('2'!C:C,'2'!$A:$A,基础表!$E32,'2'!$B:$B,基础表!$F32) -> 1.491 | N32: =SUMIFS('2'!D:D,'2'!$A:$A,基础表!$E32,'2'!$B:$B,基础表!$F32) -> 2.082 | O32: =M32/N32-1 -> -0.28386167 | P32: =SUMIFS('2'!F:F,'2'!$A:$A,基础表!$E32,'2'!$B:$B,基础表!$F32) -> 2.082 | Q32: =SUMIFS('2'!G:G,'2'!$A:$A,基础表!$E32,'2'!$B:$B,基础表!$F32) -> 0.71613833 | R32: =IFERROR(Z32/$M32,"") -> 0.13816231 | S32: =IFERROR(AA32/$M32,"") -> 0.14419852 | T32: =IFERROR(AB32/$M32,"") -> 0.19450034 | U32: =IFERROR(AC32/$M32,"") -> 0.15425889 | V32: =IFERROR(AD32/$M32,"") -> 0.14419852 | W32: =IFERROR(AE32/$M32,"") -> 0.11401744 | X32: =IFERROR(AF32/$M32,"") -> 0.11066398 | Y32: =IFERROR(AG32/$M32,"") -> 0 | Z32: =SUMIFS('4'!C:C,'4'!$A:$A,基础表!$E32,'4'!$B:$B,基础表!$F32) -> 0.206 | AA32: =SUMIFS('4'!D:D,'4'!$A:$A,基础表!$E32,'4'!$B:$B,基础表!$F32) -> 0.215 | AB32: =SUMIFS('4'!E:E,'4'!$A:$A,基础表!$E32,'4'!$B:$B,基础表!$F32) -> 0.29 | AC32: =SUMIFS('4'!F:F,'4'!$A:$A,基础表!$E32,'4'!$B:$B,基础表!$F32) -> 0.23 | AD32: =SUMIFS('4'!G:G,'4'!$A:$A,基础表!$E32,'4'!$B:$B,基础表!$F32) -> 0.215 | AE32: =SUMIFS('4'!H:H,'4'!$A:$A,基础表!$E32,'4'!$B:$B,基础表!$F32) -> 0.17 | AF32: =SUMIFS('4'!I:I,'4'!$A:$A,基础表!$E32,'4'!$B:$B,基础表!$F32) -> 0.165 | AG32: =SUMIFS('4'!J:J,'4'!$A:$A,基础表!$E32,'4'!$B:$B,基础表!$F32) -> 0 | AH32: 2.439 | AI32: 2.371 | AJ32: =AI32-AH32 -> -0.068 | AK32: =SUMIFS('3'!C:C,'3'!$A:$A,基础表!$E32,'3'!$B:$B,基础表!$F32) -> 0.82833217 | AL32: =SUMIFS('3'!D:D,'3'!$A:$A,基础表!$E32,'3'!$B:$B,基础表!$F32) -> 0.91803279 | AM32: =SUMIFS('3'!E:E,'3'!$A:$A,基础表!$E32,'3'!$B:$B,基础表!$F32) -> 0.80048409 | AN32: =SUMIFS('3'!F:F,'3'!$A:$A,基础表!$E32,'3'!$B:$B,基础表!$F32) -> 0.84482759 | AO32: =SUMIFS('3'!G:G,'3'!$A:$A,基础表!$E32,'3'!$B:$B,基础表!$F32) -> 0.84480337 | AP32: =SUMIFS('3'!H:H,'3'!$A:$A,基础表!$E32,'3'!$B:$B,基础表!$F32) -> 0.86127168 | AQ32: =SUMIFS('3'!I:I,'3'!$A:$A,基础表!$E32,'3'!$B:$B,基础表!$F32) -> 0.86652835 | AR32: =SUMIFS('3'!M:M,'3'!$K:$K,基础表!$E32,'3'!$L:$L,基础表!$F32) -> 0.96062992 | AS32: =SUMIFS('3'!N:N,'3'!$K:$K,基础表!$E32,'3'!$L:$L,基础表!$F32) -> 0.98425197
A33: =RANK(B33,$B$12:$B$34) -> 2 | B33: =Q33 -> 0.76193878 | E33: 黑中营业部 | F33: 结果 | G33: 5.102 | H33: 11.263 | I33: 8.274 | J33: -0.14753551 | K33: -0.020353136 | L33: -0.065823642 | M33: =SUMIFS('2'!C:C,'2'!$A:$A,基础表!$E33,'2'!$B:$B,基础表!$F33) -> 7.467 | N33: =SUMIFS('2'!D:D,'2'!$A:$A,基础表!$E33,'2'!$B:$B,基础表!$F33) -> 10.517 | O33: =M33/N33-1 -> -0.29000666 | P33: =SUMIFS('2'!F:F,'2'!$A:$A,基础表!$E33,'2'!$B:$B,基础表!$F33) -> 9.8 | Q33: =SUMIFS('2'!G:G,'2'!$A:$A,基础表!$E33,'2'!$B:$B,基础表!$F33) -> 0.76193878 | R33: =IFERROR(Z33/$M33,"") -> 0.15575198 | S33: =IFERROR(AA33/$M33,"") -> 0.13459221 | T33: =IFERROR(AB33/$M33,"") -> 0.17061738 | U33: =IFERROR(AC33/$M33,"") -> 0.13619928 | V33: =IFERROR(AD33/$M33,"") -> 0.13847596 | W33: =IFERROR(AE33/$M33,"") -> 0.13472613 | X33: =IFERROR(AF33/$M33,"") -> 0.12963707 | Y33: =IFERROR(AG33/$M33,"") -> 0 | Z33: =SUMIFS('4'!C:C,'4'!$A:$A,基础表!$E33,'4'!$B:$B,基础表!$F33) -> 1.163 | AA33: =SUMIFS('4'!D:D,'4'!$A:$A,基础表!$E33,'4'!$B:$B,基础表!$F33) -> 1.005 | AB33: =SUMIFS('4'!E:E,'4'!$A:$A,基础表!$E33,'4'!$B:$B,基础表!$F33) -> 1.274 | AC33: =SUMIFS('4'!F:F,'4'!$A:$A,基础表!$E33,'4'!$B:$B,基础表!$F33) -> 1.017 | AD33: =SUMIFS('4'!G:G,'4'!$A:$A,基础表!$E33,'4'!$B:$B,基础表!$F33) -> 1.034 | AE33: =SUMIFS('4'!H:H,'4'!$A:$A,基础表!$E33,'4'!$B:$B,基础表!$F33) -> 1.006 | AF33: =SUMIFS('4'!I:I,'4'!$A:$A,基础表!$E33,'4'!$B:$B,基础表!$F33) -> 0.968 | AG33: =SUMIFS('4'!J:J,'4'!$A:$A,基础表!$E33,'4'!$B:$B,基础表!$F33) -> 0 | AH33: 9.172 | AI33: =SUM(AI27:AI32) -> 8.905 | AJ33: =AI33-AH33 -> -0.267 | AK33: =SUMIFS('3'!C:C,'3'!$A:$A,基础表!$E33,'3'!$B:$B,基础表!$F33) -> 0.66065093 | AL33: =SUMIFS('3'!D:D,'3'!$A:$A,基础表!$E33,'3'!$B:$B,基础表!$F33) -> 0.91387447 | AM33: =SUMIFS('3'!E:E,'3'!$A:$A,基础表!$E33,'3'!$B:$B,基础表!$F33) -> 0.71443241 | AN33: =SUMIFS('3'!F:F,'3'!$A:$A,基础表!$E33,'3'!$B:$B,基础表!$F33) -> 0.71887967 | AO33: =SUMIFS('3'!G:G,'3'!$A:$A,基础表!$E33,'3'!$B:$B,基础表!$F33) -> 0.71588089 | AP33: =SUMIFS('3'!H:H,'3'!$A:$A,基础表!$E33,'3'!$B:$B,基础表!$F33) -> 0.66353187 | AQ33: =SUMIFS('3'!I:I,'3'!$A:$A,基础表!$E33,'3'!$B:$B,基础表!$F33) -> 0.82804332 | AR33: =SUMIFS('3'!M:M,'3'!$K:$K,基础表!$E33,'3'!$L:$L,基础表!$F33) -> 0.94315789 | AS33: =SUMIFS('3'!N:N,'3'!$K:$K,基础表!$E33,'3'!$L:$L,基础表!$F33) -> 0.99578947
C34: =RANK(D34,$D$5:$D$34)+COUNTIF($D$5:D34,D34)-1 -> 4 | D34: =Q34 -> 1 | E34: 黑龙电商组(DY) | F34: 黑龙电商所(DY) | G34: 0.103 | H34: 0.11 | I34: 0.15 | J34: 0.03 | K34: 0.1 | L34: 0.5 | M34: =SUMIFS('2'!C:C,'2'!$A:$A,基础表!$E34,'2'!$B:$B,基础表!$F34) -> 0.1 | N34: =SUMIFS('2'!D:D,'2'!$A:$A,基础表!$E34,'2'!$B:$B,基础表!$F34) -> 0.17 | O34: =M34/N34-1 -> -0.41176471 | P34: =SUMIFS('2'!F:F,'2'!$A:$A,基础表!$E34,'2'!$B:$B,基础表!$F34) -> 0.1 | Q34: =SUMIFS('2'!G:G,'2'!$A:$A,基础表!$E34,'2'!$B:$B,基础表!$F34) -> 1 | R34: =IFERROR(Z34/$M34,"") -> 0 | S34: =IFERROR(AA34/$M34,"") -> 0 | T34: =IFERROR(AB34/$M34,"") -> 1 | U34: =IFERROR(AC34/$M34,"") -> 0 | V34: =IFERROR(AD34/$M34,"") -> 0 | W34: =IFERROR(AE34/$M34,"") -> 0 | X34: =IFERROR(AF34/$M34,"") -> 0 | Y34: =IFERROR(AG34/$M34,"") -> 0 | Z34: =SUMIFS('4'!C:C,'4'!$A:$A,基础表!$E34,'4'!$B:$B,基础表!$F34) -> 0 | AA34: =SUMIFS('4'!D:D,'4'!$A:$A,基础表!$E34,'4'!$B:$B,基础表!$F34) -> 0 | AB34: =SUMIFS('4'!E:E,'4'!$A:$A,基础表!$E34,'4'!$B:$B,基础表!$F34) -> 0.1 | AC34: =SUMIFS('4'!F:F,'4'!$A:$A,基础表!$E34,'4'!$B:$B,基础表!$F34) -> 0 | AD34: =SUMIFS('4'!G:G,'4'!$A:$A,基础表!$E34,'4'!$B:$B,基础表!$F34) -> 0 | AE34: =SUMIFS('4'!H:H,'4'!$A:$A,基础表!$E34,'4'!$B:$B,基础表!$F34) -> 0 | AF34: =SUMIFS('4'!I:I,'4'!$A:$A,基础表!$E34,'4'!$B:$B,基础表!$F34) -> 0 | AG34: =SUMIFS('4'!J:J,'4'!$A:$A,基础表!$E34,'4'!$B:$B,基础表!$F34) -> 0
E35: 黑龙电商组(DY) | F35: 结果 | G35: 0.103 | H35: 0.11 | I35: 0.15 | J35: 0.03 | K35: 0.1 | L35: 0.5 | M35: =SUMIFS('2'!C:C,'2'!$A:$A,基础表!$E35,'2'!$B:$B,基础表!$F35) -> 0.1 | N35: =SUMIFS('2'!D:D,'2'!$A:$A,基础表!$E35,'2'!$B:$B,基础表!$F35) -> 0.17 | O35: =M35/N35-1 -> -0.41176471 | P35: =SUMIFS('2'!F:F,'2'!$A:$A,基础表!$E35,'2'!$B:$B,基础表!$F35) -> 0.1 | Q35: =SUMIFS('2'!G:G,'2'!$A:$A,基础表!$E35,'2'!$B:$B,基础表!$F35) -> 1 | R35: =IFERROR(Z35/$M35,"") -> 0 | S35: =IFERROR(AA35/$M35,"") -> 0 | T35: =IFERROR(AB35/$M35,"") -> 1 | U35: =IFERROR(AC35/$M35,"") -> 0 | V35: =IFERROR(AD35/$M35,"") -> 0 | W35: =IFERROR(AE35/$M35,"") -> 0 | X35: =IFERROR(AF35/$M35,"") -> 0 | Y35: =IFERROR(AG35/$M35,"") -> 0 | Z35: =SUMIFS('4'!C:C,'4'!$A:$A,基础表!$E35,'4'!$B:$B,基础表!$F35) -> 0 | AA35: =SUMIFS('4'!D:D,'4'!$A:$A,基础表!$E35,'4'!$B:$B,基础表!$F35) -> 0 | AB35: =SUMIFS('4'!E:E,'4'!$A:$A,基础表!$E35,'4'!$B:$B,基础表!$F35) -> 0.1 | AC35: =SUMIFS('4'!F:F,'4'!$A:$A,基础表!$E35,'4'!$B:$B,基础表!$F35) -> 0 | AD35: =SUMIFS('4'!G:G,'4'!$A:$A,基础表!$E35,'4'!$B:$B,基础表!$F35) -> 0 | AE35: =SUMIFS('4'!H:H,'4'!$A:$A,基础表!$E35,'4'!$B:$B,基础表!$F35) -> 0 | AF35: =SUMIFS('4'!I:I,'4'!$A:$A,基础表!$E35,'4'!$B:$B,基础表!$F35) -> 0 | AG35: =SUMIFS('4'!J:J,'4'!$A:$A,基础表!$E35,'4'!$B:$B,基础表!$F35) -> 0

Sheet 2
A1: 2025.02.10 01:33:31
B3: 时间-年/月 | C3: 2025.05 | D3: 2025.05 | E3: 2025.05 | F3: 2025.05 | G3: 2025.05
B4: 产品-品牌 | C4: 1.0元香爆脆 | D4: 1.0元香爆脆 | E4: 1.0元香爆脆 | F4: 1.0元香爆脆 | G4: 1.0元香爆脆
A5: 营业部(顶益双管理) | B5: 营业所(顶益双管理) | C5: 实际出货数量（+非领搭赠，自然箱） | D5: 同期实际出货数量（+非领搭赠，自然箱） | E5: 同比增长(数量)%（+非领搭赠，自然箱） | F5: 目标出货数量(拆综合箱)(自然箱) | G5: 管理目标数量达成%(+非领搭赠换货，自然箱)
A6: 哈尔滨营业部 | B6: 宾县外埠所 | C6: 1.332 | D6: 2.917 | E6: -0.54336647 | F6: 3.271 | G6: 0.40721492
A7: 哈尔滨营业部 | B7: 哈尔滨OT所 | C7: 4.149 | D7: 1.208 | E7: 2.4346026 | F7: 1.573 | G7: 2.6376351
A8: 哈尔滨营业部 | B8: 哈尔滨城区北所 | C8: 1.537 | D8: 1.597 | E8: -0.037570445 | F8: 1.888 | G8: 0.81408898
A9: 哈尔滨营业部 | B9: 哈尔滨综合东所 | C9: 0.885 | D9: 1.569 | E9: -0.43594646 | F9: 1.405 | G9: 0.62989324
A10: 哈尔滨营业部 | B10: 哈尔滨综合西所 | C10: 0.79 | D10: 1.478 | E10: -0.46549391 | F10: 1.324 | G10: 0.59667674
A11: 哈尔滨营业部 | B11: 哈尔滨综合中所 | C11: 1.721 | D11: 1.564 | E11: 0.10038363 | F11: 2.292 | G11: 0.7508726
A12: 哈尔滨营业部 | B12: 五常外埠所 | C12: 2.125 | D12: 3.333 | E12: -0.36243624 | F12: 3.847 | G12: 0.55237848
A13: 哈尔滨营业部 | B13: # | C13: 0.014 | D13: 0.029 | E13: -0.51724138 | G13: X
A14: 哈尔滨营业部 | B14: 结果 | C14: 12.553 | D14: 13.695 | E14: -0.083388098 | F14: 15.6 | G14: 0.80467949
A15: 黑东营业部 | B15: 鹤岗城区所 | C15: 0.227 | D15: 0.501 | E15: -0.54690619 | F15: 0.496 | G15: 0.45766129
A16: 黑东营业部 | B16: 鸡西城区所 | C16: 0.677 | D16: 1.05 | E16: -0.3552381 | F16: 1.136 | G16: 0.5959507
A17: 黑东营业部 | B17: 佳木斯城区所 | C17: 0.39 | D17: 0.728 | E17: -0.46428571 | F17: 0.686 | G17: 0.56851312
A18: 黑东营业部 | B18: 牡丹江城区所 | C18: 1.776 | D18: 2.292 | E18: -0.22513089 | F18: 2.066 | G18: 0.85963214
A19: 黑东营业部 | B19: 七台河外埠所 | C19: 2.226 | D19: 2.739 | E19: -0.18729463 | F19: 2.588 | G19: 0.86012365
A20: 黑东营业部 | B20: 双鸭山城区所 | C20: 0.444 | D20: 0.511 | E20: -0.13111546 | F20: 0.516 | G20: 0.86046512
A21: 黑东营业部 | B21: 双鸭山外埠所 | C21: 1.774 | D21: 2.187 | E21: -0.18884316 | F21: 2.412 | G21: 0.73548922
A22: 黑东营业部 | B22: # | D22: 0.02 | E22: -1
A23: 黑东营业部 | B23: 结果 | C23: 7.514 | D23: 10.028 | E23: -0.25069805 | F23: 9.9 | G23: 0.7589899
A24: 黑龙电商组(DY) | B24: 黑龙电商所(DY) | C24: 0.1 | D24: 0.17 | E24: -0.41176471 | F24: 0.1 | G24: 1
A25: 黑龙电商组(DY) | B25: 结果 | C25: 0.1 | D25: 0.17 | E25: -0.41176471 | F25: 0.1 | G25: 1
A26: 黑西营业部 | B26: 海拉尔城区所 | C26: 0.518 | D26: 0.899 | E26: -0.42380423 | F26: 0.69 | G26: 0.75072464
A27: 黑西营业部 | B27: 呼盟外埠所 | C27: 2.225 | D27: 2.902 | E27: -0.23328739 | F27: 2.924 | G27: 0.76094391
A28: 黑西营业部 | B28: 龙江外埠所 | C28: 2.074 | D28: 2.728 | E28: -0.23973607 | F28: 3.074 | G28: 0.67469096
A29: 黑西营业部 | B29: 齐齐哈尔城区所 | C29: 0.894 | D29: 1.391 | E29: -0.35729691 | F29: 1.161 | G29: 0.77002584
A30: 黑西营业部 | B30: 兴安外埠所 | C30: 2.539 | D30: 3.12 | E30: -0.18621795 | F30: 3.151 | G30: 0.80577594
A31: 黑西营业部 | B31: # | C31: 0.01 | E31: X | G31: X
A32: 黑西营业部 | B32: 结果 | C32: 8.26 | D32: 11.04 | E32: -0.25181159 | F32: 11 | G32: 0.75090909
A33: 黑中营业部 | B33: 大庆城区东所 | C33: 0.707 | D33: 1.326 | E33: -0.4668175 | F33: 1.284 | G33: 0.55062305
A34: 黑中营业部 | B34: 大庆城区西所 | C34: 0.294 | D34: 0.509 | E34: -0.42239686 | F34: 0.756 | G34: 0.38888889
A35: 黑中营业部 | B35: 海伦外埠所 | C35: 2.071 | D35: 2.34 | E35: -0.11495726 | F35: 1.868 | G35: 1.1086724
A36: 黑中营业部 | B36: 绥化外埠所 | C36: 1.262 | D36: 2.164 | E36: -0.4168207 | F36: 2.298 | G36: 0.54917319
A37: 黑中营业部 | B37: 伊春外埠所 | C37: 1.55 | D37: 2.055 | E37: -0.24574209 | F37: 1.512 | G37: 1.0251323
A38: 黑中营业部 | B38: 肇东外埠所 | C38: 1.491 | D38: 2.082 | E38: -0.28386167 | F38: 2.082 | G38: 0.71613833
A39: 黑中营业部 | B39: # | C39: 0.092 | D39: 0.041 | E39: 1.2439024 | G39: X
A40: 黑中营业部 | B40: 结果 | C40: 7.467 | D40: 10.517 | E40: -0.29000666 | F40: 9.8 | G40: 0.76193878
A41: 总体结果 | C41: 35.894 | D41: 45.45 | E41: -0.21025303 | F41: 46.4 | G41: 0.77357759

Sheet 4
A1: 2025.04.14 01:33:12
C3: 实际出货数量（+非领搭赠，自然箱） | D3: 实际出货数量（+非领搭赠，自然箱） | E3: 实际出货数量（+非领搭赠，自然箱） | F3: 实际出货数量（+非领搭赠，自然箱） | G3: 实际出货数量（+非领搭赠，自然箱） | H3: 实际出货数量（+非领搭赠，自然箱） | I3: 实际出货数量（+非领搭赠，自然箱） | J3: 实际出货数量（+非领搭赠，自然箱） | K3: 实际出货数量（+非领搭赠，自然箱）
B4: 产品-品牌 | C4: 1.0元香爆脆 | D4: 1.0元香爆脆 | E4: 1.0元香爆脆 | F4: 1.0元香爆脆 | G4: 1.0元香爆脆 | H4: 1.0元香爆脆 | I4: 1.0元香爆脆 | J4: 1.0元香爆脆 | K4: 1.0元香爆脆
A5: 营业部(顶益双管理) | B5: 营业所(顶益双管理)|产品-口味 | C5: 椒盐小酥肉 | D5: 鸡汁原味 | E5: 烤羊肉串 | F5: 麻辣小龙虾 | G5: 香葱鸡汁味 | H5: 香烤鱿鱼 | I5: 酸甜番茄味 | J5: 芝士火鸡味 | K5: 结果
A6: 哈尔滨营业部 | B6: 宾县外埠所 | C6: 0.16 | D6: 0.19 | E6: 0.275 | F6: 0.195 | G6: 0.248 | H6: 0.149 | I6: 0.115 | K6: 1.332
A7: 哈尔滨营业部 | B7: 哈尔滨OT所 | D7: 0.023 | E7: 0.326 | G7: 1.79 | H7: 0.5 | J7: 1.51 | K7: 4.149
A8: 哈尔滨营业部 | B8: 哈尔滨城区北所 | C8: 0.191 | D8: 0.161 | E8: 0.235 | F8: 0.211 | G8: 0.211 | H8: 0.21 | I8: 0.318 | K8: 1.537
A9: 哈尔滨营业部 | B9: 哈尔滨综合东所 | C9: 0.126 | D9: 0.12 | E9: 0.162 | F9: 0.145 | G9: 0.092 | H9: 0.104 | I9: 0.136 | K9: 0.885
A10: 哈尔滨营业部 | B10: 哈尔滨综合西所 | C10: 0.168 | D10: 0.088 | E10: 0.167 | F10: 0.078 | G10: 0.128 | H10: 0.103 | I10: 0.058 | K10: 0.79
A11: 哈尔滨营业部 | B11: 哈尔滨综合中所 | C11: 0.261 | D11: 0.185 | E11: 0.256 | F11: 0.231 | G11: 0.245 | H11: 0.267 | I11: 0.276 | K11: 1.721
A12: 哈尔滨营业部 | B12: 五常外埠所 | C12: 0.428 | D12: 0.088 | E12: 0.376 | F12: 0.312 | G12: 0.2 | H12: 0.338 | I12: 0.367 | J12: 0.016 | K12: 2.125
A13: 哈尔滨营业部 | B13: # | E13: 0.014 | K13: 0.014
A14: 哈尔滨营业部 | B14: 结果 | C14: 1.334 | D14: 0.855 | E14: 1.811 | F14: 1.172 | G14: 2.914 | H14: 1.671 | I14: 1.27 | J14: 1.526 | K14: 12.553
A15: 黑东营业部 | B15: 鹤岗城区所 | C15: 0.06 | D15: 0.021 | E15: 0.013 | F15: 0.015 | G15: 0.021 | H15: 0.075 | I15: 0.022 | K15: 0.227
A16: 黑东营业部 | B16: 鸡西城区所 | C16: 0.175 | D16: 0.064 | E16: 0.046 | F16: 0.047 | G16: 0.11 | H16: 0.075 | I16: 0.16 | K16: 0.677
A17: 黑东营业部 | B17: 佳木斯城区所 | C17: 0.12 | D17: 0.038 | E17: 0.045 | F17: 0.035 | G17: 0.033 | H17: 0.094 | I17: 0.025 | K17: 0.39
A18: 黑东营业部 | B18: 牡丹江城区所 | C18: 0.215 | D18: 0.229 | E18: 0.297 | F18: 0.254 | G18: 0.242 | H18: 0.273 | I18: 0.266 | K18: 1.776
A19: 黑东营业部 | B19: 七台河外埠所 | C19: 0.441 | D19: 0.318 | E19: 0.384 | F19: 0.265 | G19: 0.313 | H19: 0.259 | I19: 0.246 | K19: 2.226
A20: 黑东营业部 | B20: 双鸭山城区所 | C20: 0.111 | D20: 0.065 | E20: 0.035 | F20: 0.075 | G20: 0.06 | H20: 0.067 | I20: 0.031 | K20: 0.444
A21: 黑东营业部 | B21: 双鸭山外埠所 | C21: 0.357 | D21: 0.186 | E21: 0.277 | F21: 0.161 | G21: 0.19 | H21: 0.329 | I21: 0.274 | K21: 1.774
A22: 黑东营业部 | B22: 结果 | C22: 1.479 | D22: 0.921 | E22: 1.097 | F22: 0.852 | G22: 0.969 | H22: 1.172 | I22: 1.024 | K22: 7.514
A23: 黑龙电商组(DY) | B23: 黑龙电商所(DY) | E23: 0.1 | K23: 0.1
A24: 黑龙电商组(DY) | B24: 结果 | E24: 0.1 | K24: 0.1
A25: 黑西营业部 | B25: 海拉尔城区所 | C25: 0.116 | D25: 0.061 | E25: 0.097 | F25: 0.065 | G25: 0.079 | H25: 0.07 | I25: 0.03 | K25: 0.518
A26: 黑西营业部 | B26: 呼盟外埠所 | C26: 0.366 | D26: 0.309 | E26: 0.382 | F26: 0.248 | G26: 0.32 | H26: 0.33 | I26: 0.27 | K26: 2.225
A27: 黑西营业部 | B27: 龙江外埠所 | C27: 0.375 | D27: 0.13 | E27: 0.314 | F27: 0.324 | G27: 0.33 | H27: 0.23 | I27: 0.371 | K27: 2.074
A28: 黑西营业部 | B28: 齐齐哈尔城区所 | C28: 0.16 | D28: 0.091 | E28: 0.163 | F28: 0.132 | G28: 0.12 | H28: 0.148 | I28: 0.08 | K28: 0.894
A29: 黑西营业部 | B29: 兴安外埠所 | C29: 0.455 | D29: 0.355 | E29: 0.47 | F29: 0.35 | G29: 0.413 | H29: 0.37 | I29: 0.126 | K29: 2.539
A30: 黑西营业部 | B30: # | D30: 0.002 | E30: 0.002 | F30: 0.002 | G30: 0.002 | H30: 0.002 | K30: 0.01
A31: 黑西营业部 | B31: 结果 | C31: 1.472 | D31: 0.948 | E31: 1.428 | F31: 1.121 | G31: 1.264 | H31: 1.15 | I31: 0.877 | K31: 8.26
A32: 黑中营业部 | B32: 大庆城区东所 | C32: 0.064 | D32: 0.104 | E32: 0.151 | F32: 0.09 | G32: 0.124 | H32: 0.087 | I32: 0.087 | K32: 0.707
A33: 黑中营业部 | B33: 大庆城区西所 | C33: 0.063 | D33: 0.021 | E33: 0.056 | F33: 0.05 | G33: 0.025 | H33: 0.018 | I33: 0.061 | K33: 0.294
A34: 黑中营业部 | B34: 海伦外埠所 | C34: 0.355 | D34: 0.26 | E34: 0.296 | F34: 0.245 | G34: 0.29 | H34: 0.315 | I34: 0.31 | K34: 2.071
A35: 黑中营业部 | B35: 绥化外埠所 | C35: 0.155 | D35: 0.17 | E35: 0.245 | F35: 0.177 | G35: 0.17 | H35: 0.205 | I35: 0.14 | K35: 1.262
A36: 黑中营业部 | B36: 伊春外埠所 | C36: 0.23 | D36: 0.235 | E36: 0.235 | F36: 0.225 | G36: 0.21 | H36: 0.21 | I36: 0.205 | K36: 1.55
A37: 黑中营业部 | B37: 肇东外埠所 | C37: 0.206 | D37: 0.215 | E37: 0.29 | F37: 0.23 | G37: 0.215 | H37: 0.17 | I37: 0.165 | K37: 1.491
A38: 黑中营业部 | B38: # | C38: 0.09 | E38: 0.001 | H38: 0.001 | K38: 0.092
A39: 黑中营业部 | B39: 结果 | C39: 1.163 | D39: 1.005 | E39: 1.274 | F39: 1.017 | G39: 1.034 | H39: 1.006 | I39: 0.968 | K39: 7.467
A40: 总体结果 | C40: 5.448 | D40: 3.729 | E40: 5.71 | F40: 4.162 | G40: 6.181 | H40: 4.999 | I40: 4.139 | J40: 1.526 | K40: 35.894
E52: =SUM(E43:E50)=K40 -> FALSE

Sheet 3
B3: 品牌 | C3: 1.0元香爆脆 | D3: 1.0元香爆脆 | E3: 1.0元香爆脆 | F3: 1.0元香爆脆 | G3: 1.0元香爆脆 | H3: 1.0元香爆脆 | I3: 1.0元香爆脆 | L3: 品牌 | M3: 1.0元香爆脆 | N3: 红烧品牌
B4: 日历年/月 | C4: 5月 2025 | D4: 5月 2025 | E4: 5月 2025 | F4: 5月 2025 | G4: 5月 2025 | H4: 5月 2025 | I4: 5月 2025 | L4: 日历年/月 | M4: 5月 2025 | N4: 5月 2025
C5: 必售铺货率E=D/C | D5: 必售铺货率E=D/C | E5: 必售铺货率E=D/C | F5: 必售铺货率E=D/C | G5: 必售铺货率E=D/C | H5: 必售铺货率E=D/C | I5: 必售铺货率E=D/C | K5: 组织-营业部 | L5: 组织-营业所 | M5: 必售铺货率E=D/C | N5: 必售铺货率E=D/C
A6: 组织-营业部 | B6: 组织-营业所|口味码 | C6: 鸡汁原味 | D6: 椒盐小酥肉 | E6: 烤羊肉串 | F6: 麻辣小龙虾 | G6: 香葱鸡汁味 | H6: 香烤鱿鱼 | I6: 结果 | K6: 哈尔滨营业部 | L6: 宾县外埠所 | M6: 0.92857143 | N6: 0.97619048
A7: 哈尔滨营业部 | B7: 宾县外埠所 | C7: 0.64791134 | D7: 0.95063291 | E7: 0.6628512 | F7: 0.59119497 | G7: 0.66382253 | H7: 0.57594937 | I7: 0.7830385 | K7: 哈尔滨营业部 | L7: 哈尔滨城区北所 | M7: 0.96240602 | N7: 0.97744361
A8: 哈尔滨营业部 | B8: 哈尔滨城区北所 | C8: 0.90165746 | D8: 0.8934551 | E8: 0.88591118 | F8: 0.96242775 | G8: 0.910299 | H8: 0.95375723 | I8: 0.89433384 | K8: 哈尔滨营业部 | L8: 哈尔滨综合东所 | M8: 1 | N8: 1
A9: 哈尔滨营业部 | B9: 哈尔滨综合东所 | C9: 0.88354037 | D9: 0.97457627 | E9: 0.84623016 | F9: 0.9375 | G9: 0.91981132 | H9: 0.93548387 | I9: 0.87797619 | K9: 哈尔滨营业部 | L9: 哈尔滨综合西所 | M9: 1 | N9: 1
A10: 哈尔滨营业部 | B10: 哈尔滨综合西所 | C10: 0.94216867 | D10: 0.98996656 | E10: 0.94047619 | F10: 0.98095238 | G10: 0.96825397 | H10: 1 | I10: 0.94494048 | K10: 哈尔滨营业部 | L10: 哈尔滨综合中所 | M10: 1 | N10: 1
A11: 哈尔滨营业部 | B11: 哈尔滨综合中所 | C11: 0.92643392 | D11: 0.96271186 | E11: 0.95 | F11: 0.98125 | G11: 0.945 | H11: 1 | I11: 0.96111111 | K11: 哈尔滨营业部 | L11: 五常外埠所 | M11: 1 | N11: 1
A12: 哈尔滨营业部 | B12: 五常外埠所 | C12: 0.26489227 | D12: 0.68882466 | E12: 0.26854802 | F12: 0.39384615 | G12: 0.29024081 | H12: 0.45846154 | I12: 0.47701411 | K12: 哈尔滨营业部 | L12: 结果 | M12: 0.97324415 | N12: 0.98662207
A13: 哈尔滨营业部 | B13: 结果 | C13: 0.68914363 | D13: 0.88612786 | E13: 0.69594671 | F13: 0.78529412 | G13: 0.70954638 | H13: 0.79819955 | I13: 0.78062549 | K13: 黑西营业部 | L13: 海拉尔城区所 | M13: 1 | N13: 1
A14: 黑西营业部 | B14: 海拉尔城区所 | C14: 0.13541667 | D14: 0.82653061 | E14: 0.25392987 | F14: 0.5203252 | G14: 0.30175439 | H14: 0.39830508 | I14: 0.51753325 | K14: 黑西营业部 | L14: 呼盟外埠所 | M14: 0.68421053 | N14: 1
A15: 黑西营业部 | B15: 呼盟外埠所 | C15: 0.32187707 | D15: 0.8325 | E15: 0.35536753 | F15: 0.65384615 | G15: 0.42157512 | H15: 0.4742268 | I15: 0.58434691 | K15: 黑西营业部 | L15: 龙江外埠所 | M15: 0.875 | N15: 1
A16: 黑西营业部 | B16: 龙江外埠所 | C16: 0.4441896 | D16: 0.91972789 | E16: 0.53485577 | F16: 0.62179487 | G16: 0.52217125 | H16: 0.56129032 | I16: 0.73257212 | K16: 黑西营业部 | L16: 齐齐哈尔城区所 | M16: 0.93421053 | N16: 1
A17: 黑西营业部 | B17: 齐齐哈尔城区所 | C17: 0.27552448 | D17: 0.95309568 | E17: 0.27531957 | F17: 0.51412429 | G17: 0.35063114 | H17: 0.59036145 | I17: 0.59488692 | K17: 黑西营业部 | L17: 兴安外埠所 | M17: 1 | N17: 1
A18: 黑西营业部 | B18: 兴安外埠所 | C18: 0.33600583 | D18: 0.93298969 | E18: 0.3939243 | F18: 0.63302752 | G18: 0.45912409 | H18: 0.59633028 | I18: 0.67928287 | K18: 黑西营业部 | L18: 结果 | M18: 0.91304348 | N18: 1
... A33: 黑中营业部 | B33: 肇东外埠所 | C33: 0.82833217 | D33: 0.91803279 | E33: 0.80048409 | F33: 0.84482759 | G33: 0.84480337 | H33: 0.86127168 | I33: 0.86652835 | K33: 黑中营业部 | L33: 结果 | M33: 0.94315789 | N33: 0.99578947
A34: 黑中营业部 | B34: 结果 | C34: 0.66065093 | D34: 0.91387447 | E34: 0.71443241 | F34: 0.71887967 | G34: 0.71588089 | H34: 0.66353187 | I34: 0.82804332 | K34: 总体结果 | M34: 0.91942324 | N34: 0.99406277
A35: 总体结果 | C35: 0.49089803 | D35: 0.8566597 | E35: 0.54092546 | F35: 0.68204071 | G35: 0.55363985 | H35: 0.63581542 | I35: 0.70226259

Sheet Sheet1
B1: 南北区域 | C1: 组织-行销区域 | D1: 组织-营业部 | E1: 组织-营业所 | F1: 分流数量 (转单+车辅)D
B2: 北区 | C2: 黑龙江行销区域 | D2: 哈尔滨营业部 | E2: 宾县外埠所 | F2: 749.862
B3: 北区 | C3: 黑龙江行销区域 | D3: 哈尔滨营业部 | E3: 哈尔滨城区北所 | F3: 872.293
B4: 北区 | C4: 黑龙江行销区域 | D4: 哈尔滨营业部 | E4: 哈尔滨综合东所 | F4: 500.402
B5: 北区 | C5: 黑龙江行销区域 | D5: 哈尔滨营业部 | E5: 哈尔滨综合西所 | F5: 589.698
B6: 北区 | C6: 黑龙江行销区域 | D6: 哈尔滨营业部 | E6: 哈尔滨综合中所 | F6: 606.6
B7: 北区 | C7: 黑龙江行销区域 | D7: 哈尔滨营业部 | E7: 五常外埠所 | F7: 1428.79
A8: =D8 -> 哈尔滨营业部 | B8: 北区 | C8: 黑龙江行销区域 | D8: 哈尔滨营业部 | E8: 结果 | F8: 4747.645
B9: 北区 | C9: 黑龙江行销区域 | D9: 黑西营业部 | E9: 海拉尔城区所 | F9: 424.798
B10: 北区 | C10: 黑龙江行销区域 | D10: 黑西营业部 | E10: 呼盟外埠所 | F10: 1734.409
B11: 北区 | C11: 黑龙江行销区域 | D11: 黑西营业部 | E11: 龙江外埠所 | F11: 1747.77
B12: 北区 | C12: 黑龙江行销区域 | D12: 黑西营业部 | E12: 齐齐哈尔城区所 | F12: 725.6
B13: 北区 | C13: 黑龙江行销区域 | D13: 黑西营业部 | E13: 兴安外埠所 | F13: 2578.333
A14: =D14 -> 黑西营业部 | B14: 北区 | C14: 黑龙江行销区域 | D14: 黑西营业部 | E14: 结果 | F14: 7210.91
B15: 北区 | C15: 黑龙江行销区域 | D15: 黑东营业部 | E15: 鹤岗城区所 | F15: 154
B16: 北区 | C16: 黑龙江行销区域 | D16: 黑东营业部 | E16: 鸡西城区所 | F16: 364.394
B17: 北区 | C17: 黑龙江行销区域 | D17: 黑东营业部 | E17: 佳木斯城区所 | F17: 218
B18: 北区 | C18: 黑龙江行销区域 | D18: 黑东营业部 | E18: 牡丹江城区所 | F18: 1802.881
B19: 北区 | C19: 黑龙江行销区域 | D19: 黑东营业部 | E19: 七台河外埠所 | F19: 2310.714
B20: 北区 | C20: 黑龙江行销区域 | D20: 黑东营业部 | E20: 双鸭山城区所 | F20: 371.264
B21: 北区 | C21: 黑龙江行销区域 | D21: 黑东营业部 | E21: 双鸭山外埠所 | F21: 2096.802
A22: =D22 -> 黑东营业部 | B22: 北区 | C22: 黑龙江行销区域 | D22: 黑东营业部 | E22: 结果 | F22: 7318.055
B23: 北区 | C23: 黑龙江行销区域 | D23: 黑中营业部 | E23: 大庆城区东所 | F23: 607.596
B24: 北区 | C24: 黑龙江行销区域 | D24: 黑中营业部 | E24: 大庆城区西所 | F24: 386.832
B25: 北区 | C25: 黑龙江行销区域 | D25: 黑中营业部 | E25: 海伦外埠所 | F25: 2557.068
B26: 北区 | C26: 黑龙江行销区域 | D26: 黑中营业部 | E26: 绥化外埠所 | F26: 1923.995
B27: 北区 | C27: 黑龙江行销区域 | D27: 黑中营业部 | E27: 伊春外埠所 | F27: 1506.778
B28: 北区 | C28: 黑龙江行销区域 | D28: 黑中营业部 | E28: 肇东外埠所 | F28: 1305.403
A29: =D29 -> 黑中营业部 | B29: 北区 | C29: 黑龙江行销区域 | D29: 黑中营业部 | E29: 结果 | F29: 8287.672
B30: 北区 | C30: 黑龙江行销区域 | D30: 结果 | F30: 27564.282
B31: 北区 | C31: 结果 | F31: 27564.282
B32: 总体结果 | F32: 27564.282

Sheet Sheet3
B1: 营业部(顶益双管理) | C1: 营业所(顶益双管理) | D1: 目标出货数量(拆综合箱)(自然箱)
A2: =C2 -> 宾县外埠所 | B2: 哈尔滨营业部 | C2: 宾县外埠所 | D2: 2.083
A3: =C3 -> 哈尔滨OT所 | B3: 哈尔滨营业部 | C3: 哈尔滨OT所 | D3: 2.707
A4: =C4 -> 哈尔滨城区北所 | B4: 哈尔滨营业部 | C4: 哈尔滨城区北所 | D4: 1.538
A5: =C5 -> 哈尔滨综合东所 | B5: 哈尔滨营业部 | C5: 哈尔滨综合东所 | D5: 1.067
A6: =C6 -> 哈尔滨综合西所 | B6: 哈尔滨营业部 | C6: 哈尔滨综合西所 | D6: 0.978
A7: =C7 -> 哈尔滨综合中所 | B7: 哈尔滨营业部 | C7: 哈尔滨综合中所 | D7: 2.257
A8: =C8 -> 五常外埠所 | B8: 哈尔滨营业部 | C8: 五常外埠所 | D8: 2.61
A9: =B9 -> 哈尔滨营业部 | B9: 哈尔滨营业部 | C9: 结果 | D9: 13.24
A10: =C10 -> 鹤岗城区所 | B10: 黑东营业部 | C10: 鹤岗城区所 | D10: 0.405
A11: =C11 -> 鸡西城区所 | B11: 黑东营业部 | C11: 鸡西城区所 | D11: 0.93
A12: =C12 -> 佳木斯城区所 | B12: 黑东营业部 | C12: 佳木斯城区所 | D12: 0.568
A13: =C13 -> 牡丹江城区所 | B13: 黑东营业部 | C13: 牡丹江城区所 | D13: 1.674
A14: =C14 -> 七台河外埠所 | B14: 黑东营业部 | C14: 七台河外埠所 | D14: 2.062
A15: =C15 -> 双鸭山城区所 | B15: 黑东营业部 | C15: 双鸭山城区所 | D15: 0.422
A16: =C16 -> 双鸭山外埠所 | B16: 黑东营业部 | C16: 双鸭山外埠所 | D16: 1.939
A17: =B17 -> 黑东营业部 | B17: 黑东营业部 | C17: 结果 | D17: 8
A18: =C18 -> 黑龙电商所(DY) | B18: 黑龙电商组(DY) | C18: 黑龙电商所(DY) | D18: 0.16
A19: =C19 -> 结果 | B19: 黑龙电商组(DY) | C19: 结果 | D19: 0.16
A20: =C20 -> 海拉尔城区所 | B20: 黑西营业部 | C20: 海拉尔城区所 | D20: 0.863
A21: =C21 -> 呼盟外埠所 | B21: 黑西营业部 | C21: 呼盟外埠所 | D21: 2.433
A22: =C22 -> 龙江外埠所 | B22: 黑西营业部 | C22: 龙江外埠所 | D22: 2.239
A23: =C23 -> 齐齐哈尔城区所 | B23: 黑西营业部 | C23: 齐齐哈尔城区所 | D23: 0.964
A24: =C24 -> 兴安外埠所 | B24: 黑西营业部 | C24: 兴安外埠所 | D24: 2.501
A25: =B25 -> 黑西营业部 | B25: 黑西营业部 | C25: 结果 | D25: 9
A26: =C26 -> 大庆城区东所 | B26: 黑中营业部 | C26: 大庆城区东所 | D26: 1.092
A27: =C27 -> 大庆城区西所 | B27: 黑中营业部 | C27: 大庆城区西所 | D27: 0.624
A28: =C28 -> 海伦外埠所 | B28: 黑中营业部 | C28: 海伦外埠所 | D28: 1.284
A29: =C29 -> 绥化外埠所 | B29: 黑中营业部 | C29: 绥化外埠所 | D29: 1.846
A30: =C30 -> 伊春外埠所 | B30: 黑中营业部 | C30: 伊春外埠所 | D30: 0.994
A31: =C31 -> 肇东外埠所 | B31: 黑中营业部 | C31: 肇东外埠所 | D31: 1.76
A32: =B32 -> 黑中营业部 | B32: 黑中营业部 | C32: 结果 | D32: 7.6
B33: 总体结果 | D33: 38
